id,label
te_0000000,0
te_0000001,0
te_0000002,0
te_0000003,0
te_0000004,0
te_0000005,0
te_0000006,0
te_0000007,0
te_0000008,0
te_0000009,0
te_0000010,0
te_0000011,0
te_0000012,0
te_0000013,0
te_0000014,0
te_0000015,0
te_0000016,0
te_0000017,0
te_0000018,0
te_0000019,0
te_0000020,0
te_0000021,0
te_0000022,0
te_0000023,0
te_0000024,0
te_0000025,0
te_0000026,0
te_0000027,0
te_0000028,0
te_0000029,0
te_0000030,0
te_0000031,0
te_0000032,0
te_0000033,0
te_0000034,0
te_0000035,0
te_0000036,0
te_0000037,0
te_0000038,0
te_0000039,0
te_0000040,0
te_0000041,0
te_0000042,0
te_0000043,0
te_0000044,0
te_0000045,0
te_0000046,0
te_0000047,0
te_0000048,0
te_0000049,0
te_0000050,0
te_0000051,0
te_0000052,0
te_0000053,0
te_0000054,0
te_0000055,0
te_0000056,0
te_0000057,0
te_0000058,0
te_0000059,0
te_0000060,0
te_0000061,0
te_0000062,0
te_0000063,0
te_0000064,0
te_0000065,0
te_0000066,0
te_0000067,0
te_0000068,0
te_0000069,0
te_0000070,0
te_0000071,0
te_0000072,0
te_0000073,0
te_0000074,0
te_0000075,0
te_0000076,0
te_0000077,0
te_0000078,0
te_0000079,0
te_0000080,0
te_0000081,0
te_0000082,0
te_0000083,0
te_0000084,0
te_0000085,0
te_0000086,0
te_0000087,0
te_0000088,0
te_0000089,0
te_0000090,0
te_0000091,0
te_0000092,0
te_0000093,0
te_0000094,0
te_0000095,0
te_0000096,0
te_0000097,0
te_0000098,0
te_0000099,0
te_0000100,0
te_0000101,0
te_0000102,0
te_0000103,0
te_0000104,0
te_0000105,0
te_0000106,0
te_0000107,0
te_0000108,0
te_0000109,0
te_0000110,0
te_0000111,0
te_0000112,0
te_0000113,0
te_0000114,0
te_0000115,0
te_0000116,0
te_0000117,0
te_0000118,0
te_0000119,0
te_0000120,0
te_0000121,0
te_0000122,0
te_0000123,0
te_0000124,0
te_0000125,0
te_0000126,0
te_0000127,0
te_0000128,0
te_0000129,0
te_0000130,0
te_0000131,0
te_0000132,0
te_0000133,0
te_0000134,0
te_0000135,0
te_0000136,0
te_0000137,0
te_0000138,0
te_0000139,0
te_0000140,0
te_0000141,0
te_0000142,0
te_0000143,0
te_0000144,0
te_0000145,0
te_0000146,0
te_0000147,0
te_0000148,0
te_0000149,0
te_0000150,0
te_0000151,0
te_0000152,0
te_0000153,0
te_0000154,0
te_0000155,0
te_0000156,0
te_0000157,0
te_0000158,0
te_0000159,0
te_0000160,0
te_0000161,0
te_0000162,0
te_0000163,0
te_0000164,0
te_0000165,0
te_0000166,0
te_0000167,0
te_0000168,0
te_0000169,0
te_0000170,0
te_0000171,0
te_0000172,0
te_0000173,0
te_0000174,0
te_0000175,0
te_0000176,0
te_0000177,0
te_0000178,0
te_0000179,0
te_0000180,0
te_0000181,0
te_0000182,0
te_0000183,0
te_0000184,0
te_0000185,0
te_0000186,0
te_0000187,0
te_0000188,0
te_0000189,0
te_0000190,0
te_0000191,0
te_0000192,0
te_0000193,0
te_0000194,0
te_0000195,0
te_0000196,0
te_0000197,0
te_0000198,0
te_0000199,0
te_0000200,0
te_0000201,0
te_0000202,0
te_0000203,0
te_0000204,0
te_0000205,0
te_0000206,0
te_0000207,0
te_0000208,0
te_0000209,0
te_0000210,0
te_0000211,0
te_0000212,0
te_0000213,0
te_0000214,0
te_0000215,0
te_0000216,0
te_0000217,0
te_0000218,0
te_0000219,0
te_0000220,0
te_0000221,0
te_0000222,0
te_0000223,0
te_0000224,0
te_0000225,0
te_0000226,0
te_0000227,0
te_0000228,0
te_0000229,0
te_0000230,0
te_0000231,0
te_0000232,0
te_0000233,0
te_0000234,0
te_0000235,0
te_0000236,0
te_0000237,0
te_0000238,0
te_0000239,0
te_0000240,0
te_0000241,0
te_0000242,0
te_0000243,0
te_0000244,0
te_0000245,0
te_0000246,0
te_0000247,0
te_0000248,0
te_0000249,0
te_0000250,0
te_0000251,0
te_0000252,0
te_0000253,0
te_0000254,0
te_0000255,0
te_0000256,0
te_0000257,0
te_0000258,0
te_0000259,0
te_0000260,0
te_0000261,0
te_0000262,0
te_0000263,0
te_0000264,0
te_0000265,0
te_0000266,0
te_0000267,0
te_0000268,0
te_0000269,0
te_0000270,0
te_0000271,0
te_0000272,0
te_0000273,0
te_0000274,0
te_0000275,0
te_0000276,0
te_0000277,0
te_0000278,0
te_0000279,0
te_0000280,0
te_0000281,0
te_0000282,0
te_0000283,0
te_0000284,0
te_0000285,0
te_0000286,0
te_0000287,0
te_0000288,0
te_0000289,0
te_0000290,0
te_0000291,0
te_0000292,0
te_0000293,0
te_0000294,0
te_0000295,0
te_0000296,0
te_0000297,0
te_0000298,0
te_0000299,0
te_0000300,0
te_0000301,0
te_0000302,0
te_0000303,0
te_0000304,0
te_0000305,0
te_0000306,0
te_0000307,0
te_0000308,0
te_0000309,0
te_0000310,0
te_0000311,0
te_0000312,0
te_0000313,0
te_0000314,0
te_0000315,0
te_0000316,0
te_0000317,0
te_0000318,0
te_0000319,0
te_0000320,0
te_0000321,0
te_0000322,0
te_0000323,0
te_0000324,0
te_0000325,0
te_0000326,0
te_0000327,0
te_0000328,0
te_0000329,0
te_0000330,0
te_0000331,0
te_0000332,0
te_0000333,0
te_0000334,0
te_0000335,0
te_0000336,0
te_0000337,0
te_0000338,0
te_0000339,0
te_0000340,0
te_0000341,0
te_0000342,0
te_0000343,0
te_0000344,0
te_0000345,0
te_0000346,0
te_0000347,0
te_0000348,0
te_0000349,0
te_0000350,0
te_0000351,0
te_0000352,0
te_0000353,0
te_0000354,0
te_0000355,0
te_0000356,0
te_0000357,0
te_0000358,0
te_0000359,0
te_0000360,0
te_0000361,0
te_0000362,0
te_0000363,0
te_0000364,0
te_0000365,0
te_0000366,0
te_0000367,0
te_0000368,0
te_0000369,0
te_0000370,0
te_0000371,0
te_0000372,0
te_0000373,0
te_0000374,0
te_0000375,0
te_0000376,0
te_0000377,0
te_0000378,0
te_0000379,0
te_0000380,0
te_0000381,0
te_0000382,0
te_0000383,0
te_0000384,0
te_0000385,0
te_0000386,0
te_0000387,0
te_0000388,0
te_0000389,0
te_0000390,0
te_0000391,0
te_0000392,0
te_0000393,0
te_0000394,0
te_0000395,0
te_0000396,0
te_0000397,0
te_0000398,0
te_0000399,0
te_0000400,0
te_0000401,0
te_0000402,0
te_0000403,0
te_0000404,0
te_0000405,0
te_0000406,0
te_0000407,0
te_0000408,0
te_0000409,0
te_0000410,0
te_0000411,0
te_0000412,0
te_0000413,0
te_0000414,0
te_0000415,0
te_0000416,0
te_0000417,0
te_0000418,0
te_0000419,0
te_0000420,0
te_0000421,0
te_0000422,0
te_0000423,0
te_0000424,0
te_0000425,0
te_0000426,0
te_0000427,0
te_0000428,0
te_0000429,0
te_0000430,0
te_0000431,0
te_0000432,0
te_0000433,0
te_0000434,0
te_0000435,0
te_0000436,0
te_0000437,0
te_0000438,0
te_0000439,0
te_0000440,0
te_0000441,0
te_0000442,0
te_0000443,0
te_0000444,0
te_0000445,0
te_0000446,0
te_0000447,0
te_0000448,0
te_0000449,0
te_0000450,0
te_0000451,0
te_0000452,0
te_0000453,0
te_0000454,0
te_0000455,0
te_0000456,0
te_0000457,0
te_0000458,0
te_0000459,0
te_0000460,0
te_0000461,0
te_0000462,0
te_0000463,0
te_0000464,0
te_0000465,0
te_0000466,0
te_0000467,0
te_0000468,0
te_0000469,0
te_0000470,0
te_0000471,0
te_0000472,0
te_0000473,0
te_0000474,0
te_0000475,0
te_0000476,0
te_0000477,0
te_0000478,0
te_0000479,0
te_0000480,0
te_0000481,0
te_0000482,0
te_0000483,0
te_0000484,0
te_0000485,0
te_0000486,0
te_0000487,0
te_0000488,0
te_0000489,0
te_0000490,0
te_0000491,0
te_0000492,0
te_0000493,0
te_0000494,0
te_0000495,0
te_0000496,0
te_0000497,0
te_0000498,0
te_0000499,0
te_0000500,0
te_0000501,0
te_0000502,0
te_0000503,0
te_0000504,0
te_0000505,0
te_0000506,0
te_0000507,0
te_0000508,0
te_0000509,0
te_0000510,0
te_0000511,0
te_0000512,0
te_0000513,0
te_0000514,0
te_0000515,0
te_0000516,0
te_0000517,0
te_0000518,0
te_0000519,0
te_0000520,0
te_0000521,0
te_0000522,0
te_0000523,0
te_0000524,0
te_0000525,0
te_0000526,0
te_0000527,0
te_0000528,0
te_0000529,0
te_0000530,0
te_0000531,0
te_0000532,0
te_0000533,0
te_0000534,0
te_0000535,0
te_0000536,0
te_0000537,0
te_0000538,0
te_0000539,0
te_0000540,0
te_0000541,0
te_0000542,0
te_0000543,0
te_0000544,0
te_0000545,0
te_0000546,0
te_0000547,0
te_0000548,0
te_0000549,0
te_0000550,0
te_0000551,0
te_0000552,0
te_0000553,0
te_0000554,0
te_0000555,0
te_0000556,0
te_0000557,0
te_0000558,0
te_0000559,0
te_0000560,0
te_0000561,0
te_0000562,0
te_0000563,0
te_0000564,0
te_0000565,0
te_0000566,0
te_0000567,0
te_0000568,0
te_0000569,0
te_0000570,0
te_0000571,0
te_0000572,0
te_0000573,0
te_0000574,0
te_0000575,0
te_0000576,0
te_0000577,0
te_0000578,0
te_0000579,0
te_0000580,0
te_0000581,0
te_0000582,0
te_0000583,0
te_0000584,0
te_0000585,0
te_0000586,0
te_0000587,0
te_0000588,0
te_0000589,0
te_0000590,0
te_0000591,0
te_0000592,0
te_0000593,0
te_0000594,0
te_0000595,0
te_0000596,0
te_0000597,0
te_0000598,0
te_0000599,0
te_0000600,0
te_0000601,0
te_0000602,0
te_0000603,0
te_0000604,0
te_0000605,0
te_0000606,0
te_0000607,0
te_0000608,0
te_0000609,0
te_0000610,0
te_0000611,0
te_0000612,0
te_0000613,0
te_0000614,0
te_0000615,0
te_0000616,0
te_0000617,0
te_0000618,0
te_0000619,0
te_0000620,0
te_0000621,0
te_0000622,0
te_0000623,0
te_0000624,0
te_0000625,0
te_0000626,0
te_0000627,0
te_0000628,0
te_0000629,0
te_0000630,0
te_0000631,0
te_0000632,0
te_0000633,0
te_0000634,0
te_0000635,0
te_0000636,0
te_0000637,0
te_0000638,0
te_0000639,0
te_0000640,0
te_0000641,0
te_0000642,0
te_0000643,0
te_0000644,0
te_0000645,0
te_0000646,0
te_0000647,0
te_0000648,0
te_0000649,0
te_0000650,0
te_0000651,0
te_0000652,0
te_0000653,0
te_0000654,0
te_0000655,0
te_0000656,0
te_0000657,0
te_0000658,0
te_0000659,0
te_0000660,0
te_0000661,0
te_0000662,0
te_0000663,0
te_0000664,0
te_0000665,0
te_0000666,0
te_0000667,0
te_0000668,0
te_0000669,0
te_0000670,0
te_0000671,0
te_0000672,0
te_0000673,0
te_0000674,0
te_0000675,0
te_0000676,0
te_0000677,0
te_0000678,0
te_0000679,0
te_0000680,0
te_0000681,0
te_0000682,0
te_0000683,0
te_0000684,0
te_0000685,0
te_0000686,0
te_0000687,0
te_0000688,0
te_0000689,0
te_0000690,0
te_0000691,0
te_0000692,0
te_0000693,0
te_0000694,0
te_0000695,0
te_0000696,0
te_0000697,0
te_0000698,0
te_0000699,0
te_0000700,0
te_0000701,0
te_0000702,0
te_0000703,0
te_0000704,0
te_0000705,0
te_0000706,0
te_0000707,0
te_0000708,0
te_0000709,0
te_0000710,0
te_0000711,0
te_0000712,0
te_0000713,0
te_0000714,0
te_0000715,0
te_0000716,0
te_0000717,0
te_0000718,0
te_0000719,0
te_0000720,0
te_0000721,0
te_0000722,0
te_0000723,0
te_0000724,0
te_0000725,0
te_0000726,0
te_0000727,0
te_0000728,0
te_0000729,0
te_0000730,0
te_0000731,0
te_0000732,0
te_0000733,0
te_0000734,0
te_0000735,0
te_0000736,0
te_0000737,0
te_0000738,0
te_0000739,0
te_0000740,0
te_0000741,0
te_0000742,0
te_0000743,0
te_0000744,0
te_0000745,0
te_0000746,0
te_0000747,0
te_0000748,0
te_0000749,0
te_0000750,0
te_0000751,0
te_0000752,0
te_0000753,0
te_0000754,0
te_0000755,0
te_0000756,0
te_0000757,0
te_0000758,0
te_0000759,0
te_0000760,0
te_0000761,0
te_0000762,0
te_0000763,0
te_0000764,0
te_0000765,0
te_0000766,0
te_0000767,0
te_0000768,0
te_0000769,0
te_0000770,0
te_0000771,0
te_0000772,0
te_0000773,0
te_0000774,0
te_0000775,0
te_0000776,0
te_0000777,0
te_0000778,0
te_0000779,0
te_0000780,0
te_0000781,0
te_0000782,0
te_0000783,0
te_0000784,0
te_0000785,0
te_0000786,0
te_0000787,0
te_0000788,0
te_0000789,0
te_0000790,0
te_0000791,0
te_0000792,0
te_0000793,0
te_0000794,0
te_0000795,0
te_0000796,0
te_0000797,0
te_0000798,0
te_0000799,0
te_0000800,0
te_0000801,0
te_0000802,0
te_0000803,0
te_0000804,0
te_0000805,0
te_0000806,0
te_0000807,0
te_0000808,0
te_0000809,0
te_0000810,0
te_0000811,0
te_0000812,0
te_0000813,0
te_0000814,0
te_0000815,0
te_0000816,0
te_0000817,0
te_0000818,0
te_0000819,0
te_0000820,0
te_0000821,0
te_0000822,0
te_0000823,0
te_0000824,0
te_0000825,0
te_0000826,0
te_0000827,0
te_0000828,0
te_0000829,0
te_0000830,0
te_0000831,0
te_0000832,0
te_0000833,0
te_0000834,0
te_0000835,0
te_0000836,0
te_0000837,0
te_0000838,0
te_0000839,0
te_0000840,0
te_0000841,0
te_0000842,0
te_0000843,0
te_0000844,0
te_0000845,0
te_0000846,0
te_0000847,0
te_0000848,0
te_0000849,0
te_0000850,0
te_0000851,0
te_0000852,0
te_0000853,0
te_0000854,0
te_0000855,0
te_0000856,0
te_0000857,0
te_0000858,0
te_0000859,0
te_0000860,0
te_0000861,0
te_0000862,0
te_0000863,0
te_0000864,0
te_0000865,0
te_0000866,0
te_0000867,0
te_0000868,0
te_0000869,0
te_0000870,0
te_0000871,0
te_0000872,0
te_0000873,0
te_0000874,0
te_0000875,0
te_0000876,0
te_0000877,0
te_0000878,0
te_0000879,0
te_0000880,0
te_0000881,0
te_0000882,0
te_0000883,0
te_0000884,0
te_0000885,0
te_0000886,0
te_0000887,0
te_0000888,0
te_0000889,0
te_0000890,0
te_0000891,0
te_0000892,0
te_0000893,0
te_0000894,0
te_0000895,0
te_0000896,0
te_0000897,0
te_0000898,0
te_0000899,0
te_0000900,0
te_0000901,0
te_0000902,0
te_0000903,0
te_0000904,0
te_0000905,0
te_0000906,0
te_0000907,0
te_0000908,0
te_0000909,0
te_0000910,0
te_0000911,0
te_0000912,0
te_0000913,0
te_0000914,0
te_0000915,0
te_0000916,0
te_0000917,0
te_0000918,0
te_0000919,0
te_0000920,0
te_0000921,0
te_0000922,0
te_0000923,0
te_0000924,0
te_0000925,0
te_0000926,0
te_0000927,0
te_0000928,0
te_0000929,0
te_0000930,0
te_0000931,0
te_0000932,0
te_0000933,0
te_0000934,0
te_0000935,0
te_0000936,0
te_0000937,0
te_0000938,0
te_0000939,0
te_0000940,0
te_0000941,0
te_0000942,0
te_0000943,0
te_0000944,0
te_0000945,0
te_0000946,0
te_0000947,0
te_0000948,0
te_0000949,0
te_0000950,0
te_0000951,0
te_0000952,0
te_0000953,0
te_0000954,0
te_0000955,0
te_0000956,0
te_0000957,0
te_0000958,0
te_0000959,0
te_0000960,0
te_0000961,0
te_0000962,0
te_0000963,0
te_0000964,0
te_0000965,0
te_0000966,0
te_0000967,0
te_0000968,0
te_0000969,0
te_0000970,0
te_0000971,0
te_0000972,0
te_0000973,0
te_0000974,0
te_0000975,0
te_0000976,0
te_0000977,0
te_0000978,0
te_0000979,0
te_0000980,0
te_0000981,0
te_0000982,0
te_0000983,0
te_0000984,0
te_0000985,0
te_0000986,0
te_0000987,0
te_0000988,0
te_0000989,0
te_0000990,0
te_0000991,0
te_0000992,0
te_0000993,0
te_0000994,0
te_0000995,0
te_0000996,0
te_0000997,0
te_0000998,0
te_0000999,0
te_0001000,0
te_0001001,0
te_0001002,0
te_0001003,0
te_0001004,0
te_0001005,0
te_0001006,0
te_0001007,0
te_0001008,0
te_0001009,0
te_0001010,0
te_0001011,0
te_0001012,0
te_0001013,0
te_0001014,0
te_0001015,0
te_0001016,0
te_0001017,0
te_0001018,0
te_0001019,0
te_0001020,0
te_0001021,0
te_0001022,0
te_0001023,0
te_0001024,0
te_0001025,0
te_0001026,0
te_0001027,0
te_0001028,0
te_0001029,0
te_0001030,0
te_0001031,0
te_0001032,0
te_0001033,0
te_0001034,0
te_0001035,0
te_0001036,0
te_0001037,0
te_0001038,0
te_0001039,0
te_0001040,0
te_0001041,0
te_0001042,0
te_0001043,0
te_0001044,0
te_0001045,0
te_0001046,0
te_0001047,0
te_0001048,0
te_0001049,0
te_0001050,0
te_0001051,0
te_0001052,0
te_0001053,0
te_0001054,0
te_0001055,0
te_0001056,0
te_0001057,0
te_0001058,0
te_0001059,0
te_0001060,0
te_0001061,0
te_0001062,0
te_0001063,0
te_0001064,0
te_0001065,0
te_0001066,0
te_0001067,0
te_0001068,0
te_0001069,0
te_0001070,0
te_0001071,0
te_0001072,0
te_0001073,0
te_0001074,0
te_0001075,0
te_0001076,0
te_0001077,0
te_0001078,0
te_0001079,0
te_0001080,0
te_0001081,0
te_0001082,0
te_0001083,0
te_0001084,0
te_0001085,0
te_0001086,0
te_0001087,0
te_0001088,0
te_0001089,0
te_0001090,0
te_0001091,0
te_0001092,0
te_0001093,0
te_0001094,0
te_0001095,0
te_0001096,0
te_0001097,0
te_0001098,0
te_0001099,0
te_0001100,0
te_0001101,0
te_0001102,0
te_0001103,0
te_0001104,0
te_0001105,0
te_0001106,0
te_0001107,0
te_0001108,0
te_0001109,0
te_0001110,0
te_0001111,0
te_0001112,0
te_0001113,0
te_0001114,0
te_0001115,0
te_0001116,0
te_0001117,0
te_0001118,0
te_0001119,0
te_0001120,0
te_0001121,0
te_0001122,0
te_0001123,0
te_0001124,0
te_0001125,0
te_0001126,0
te_0001127,0
te_0001128,0
te_0001129,0
te_0001130,0
te_0001131,0
te_0001132,0
te_0001133,0
te_0001134,0
te_0001135,0
te_0001136,0
te_0001137,0
te_0001138,0
te_0001139,0
te_0001140,0
te_0001141,0
te_0001142,0
te_0001143,0
te_0001144,0
te_0001145,0
te_0001146,0
te_0001147,0
te_0001148,0
te_0001149,0
te_0001150,0
te_0001151,0
te_0001152,0
te_0001153,0
te_0001154,0
te_0001155,0
te_0001156,0
te_0001157,0
te_0001158,0
te_0001159,0
te_0001160,0
te_0001161,0
te_0001162,0
te_0001163,0
te_0001164,0
te_0001165,0
te_0001166,0
te_0001167,0
te_0001168,0
te_0001169,0
te_0001170,0
te_0001171,0
te_0001172,0
te_0001173,0
te_0001174,0
te_0001175,0
te_0001176,0
te_0001177,0
te_0001178,0
te_0001179,0
te_0001180,0
te_0001181,0
te_0001182,0
te_0001183,0
te_0001184,0
te_0001185,0
te_0001186,0
te_0001187,0
te_0001188,0
te_0001189,0
te_0001190,0
te_0001191,0
te_0001192,0
te_0001193,0
te_0001194,0
te_0001195,0
te_0001196,0
te_0001197,0
te_0001198,0
te_0001199,0
te_0001200,0
te_0001201,0
te_0001202,0
te_0001203,0
te_0001204,0
te_0001205,0
te_0001206,0
te_0001207,0
te_0001208,0
te_0001209,0
te_0001210,0
te_0001211,0
te_0001212,0
te_0001213,0
te_0001214,0
te_0001215,0
te_0001216,0
te_0001217,0
te_0001218,0
te_0001219,0
te_0001220,0
te_0001221,0
te_0001222,0
te_0001223,0
te_0001224,0
te_0001225,0
te_0001226,0
te_0001227,0
te_0001228,0
te_0001229,0
te_0001230,0
te_0001231,0
te_0001232,0
te_0001233,0
te_0001234,0
te_0001235,0
te_0001236,0
te_0001237,0
te_0001238,0
te_0001239,0
te_0001240,0
te_0001241,0
te_0001242,0
te_0001243,0
te_0001244,0
te_0001245,0
te_0001246,0
te_0001247,0
te_0001248,0
te_0001249,0
te_0001250,0
te_0001251,0
te_0001252,0
te_0001253,0
te_0001254,0
te_0001255,0
te_0001256,0
te_0001257,0
te_0001258,0
te_0001259,0
te_0001260,0
te_0001261,0
te_0001262,0
te_0001263,0
te_0001264,0
te_0001265,0
te_0001266,0
te_0001267,0
te_0001268,0
te_0001269,0
te_0001270,0
te_0001271,0
te_0001272,0
te_0001273,0
te_0001274,0
te_0001275,0
te_0001276,0
te_0001277,0
te_0001278,0
te_0001279,0
te_0001280,0
te_0001281,0
te_0001282,0
te_0001283,0
te_0001284,0
te_0001285,0
te_0001286,0
te_0001287,0
te_0001288,0
te_0001289,0
te_0001290,0
te_0001291,0
te_0001292,0
te_0001293,0
te_0001294,0
te_0001295,0
te_0001296,0
te_0001297,0
te_0001298,0
te_0001299,0
te_0001300,0
te_0001301,0
te_0001302,0
te_0001303,0
te_0001304,0
te_0001305,0
te_0001306,0
te_0001307,0
te_0001308,0
te_0001309,0
te_0001310,0
te_0001311,0
te_0001312,0
te_0001313,0
te_0001314,0
te_0001315,0
te_0001316,0
te_0001317,0
te_0001318,0
te_0001319,0
te_0001320,0
te_0001321,0
te_0001322,0
te_0001323,0
te_0001324,0
te_0001325,0
te_0001326,0
te_0001327,0
te_0001328,0
te_0001329,0
te_0001330,0
te_0001331,0
te_0001332,0
te_0001333,0
te_0001334,0
te_0001335,0
te_0001336,0
te_0001337,0
te_0001338,0
te_0001339,0
te_0001340,0
te_0001341,0
te_0001342,0
te_0001343,0
te_0001344,0
te_0001345,0
te_0001346,0
te_0001347,0
te_0001348,0
te_0001349,0
te_0001350,0
te_0001351,0
te_0001352,0
te_0001353,0
te_0001354,0
te_0001355,0
te_0001356,0
te_0001357,0
te_0001358,0
te_0001359,0
te_0001360,0
te_0001361,0
te_0001362,0
te_0001363,0
te_0001364,0
te_0001365,0
te_0001366,0
te_0001367,0
te_0001368,0
te_0001369,0
te_0001370,0
te_0001371,0
te_0001372,0
te_0001373,0
te_0001374,0
te_0001375,0
te_0001376,0
te_0001377,0
te_0001378,0
te_0001379,0
te_0001380,0
te_0001381,0
te_0001382,0
te_0001383,0
te_0001384,0
te_0001385,0
te_0001386,0
te_0001387,0
te_0001388,0
te_0001389,0
te_0001390,0
te_0001391,0
te_0001392,0
te_0001393,0
te_0001394,0
te_0001395,0
te_0001396,0
te_0001397,0
te_0001398,0
te_0001399,0
te_0001400,0
te_0001401,0
te_0001402,0
te_0001403,0
te_0001404,0
te_0001405,0
te_0001406,0
te_0001407,0
te_0001408,0
te_0001409,0
te_0001410,0
te_0001411,0
te_0001412,0
te_0001413,0
te_0001414,0
te_0001415,0
te_0001416,0
te_0001417,0
te_0001418,0
te_0001419,0
te_0001420,0
te_0001421,0
te_0001422,0
te_0001423,0
te_0001424,0
te_0001425,0
te_0001426,0
te_0001427,0
te_0001428,0
te_0001429,0
te_0001430,0
te_0001431,0
te_0001432,0
te_0001433,0
te_0001434,0
te_0001435,0
te_0001436,0
te_0001437,0
te_0001438,0
te_0001439,0
te_0001440,0
te_0001441,0
te_0001442,0
te_0001443,0
te_0001444,0
te_0001445,0
te_0001446,0
te_0001447,0
te_0001448,0
te_0001449,0
te_0001450,0
te_0001451,0
te_0001452,0
te_0001453,0
te_0001454,0
te_0001455,0
te_0001456,0
te_0001457,0
te_0001458,0
te_0001459,0
te_0001460,0
te_0001461,0
te_0001462,0
te_0001463,0
te_0001464,0
te_0001465,0
te_0001466,0
te_0001467,0
te_0001468,0
te_0001469,0
te_0001470,0
te_0001471,0
te_0001472,0
te_0001473,0
te_0001474,0
te_0001475,0
te_0001476,0
te_0001477,0
te_0001478,0
te_0001479,0
te_0001480,0
te_0001481,0
te_0001482,0
te_0001483,0
te_0001484,0
te_0001485,0
te_0001486,0
te_0001487,0
te_0001488,0
te_0001489,0
te_0001490,0
te_0001491,0
te_0001492,0
te_0001493,0
te_0001494,0
te_0001495,0
te_0001496,0
te_0001497,0
te_0001498,0
te_0001499,0
te_0001500,0
te_0001501,0
te_0001502,0
te_0001503,0
te_0001504,0
te_0001505,0
te_0001506,0
te_0001507,0
te_0001508,0
te_0001509,0
te_0001510,0
te_0001511,0
te_0001512,0
te_0001513,0
te_0001514,0
te_0001515,0
te_0001516,0
te_0001517,0
te_0001518,0
te_0001519,0
te_0001520,0
te_0001521,0
te_0001522,0
te_0001523,0
te_0001524,0
te_0001525,0
te_0001526,0
te_0001527,0
te_0001528,0
te_0001529,0
te_0001530,0
te_0001531,0
te_0001532,0
te_0001533,0
te_0001534,0
te_0001535,0
te_0001536,0
te_0001537,0
te_0001538,0
te_0001539,0
te_0001540,0
te_0001541,0
te_0001542,0
te_0001543,0
te_0001544,0
te_0001545,0
te_0001546,0
te_0001547,0
te_0001548,0
te_0001549,0
te_0001550,0
te_0001551,0
te_0001552,0
te_0001553,0
te_0001554,0
te_0001555,0
te_0001556,0
te_0001557,0
te_0001558,0
te_0001559,0
te_0001560,0
te_0001561,0
te_0001562,0
te_0001563,0
te_0001564,0
te_0001565,0
te_0001566,0
te_0001567,0
te_0001568,0
te_0001569,0
te_0001570,0
te_0001571,0
te_0001572,0
te_0001573,0
te_0001574,0
te_0001575,0
te_0001576,0
te_0001577,0
te_0001578,0
te_0001579,0
te_0001580,0
te_0001581,0
te_0001582,0
te_0001583,0
te_0001584,0
te_0001585,0
te_0001586,0
te_0001587,0
te_0001588,0
te_0001589,0
te_0001590,0
te_0001591,0
te_0001592,0
te_0001593,0
te_0001594,0
te_0001595,0
te_0001596,0
te_0001597,0
te_0001598,0
te_0001599,0
te_0001600,0
te_0001601,0
te_0001602,0
te_0001603,0
te_0001604,0
te_0001605,0
te_0001606,0
te_0001607,0
te_0001608,0
te_0001609,0
te_0001610,0
te_0001611,0
te_0001612,0
te_0001613,0
te_0001614,0
te_0001615,0
te_0001616,0
te_0001617,0
te_0001618,0
te_0001619,0
te_0001620,0
te_0001621,0
te_0001622,0
te_0001623,0
te_0001624,0
te_0001625,0
te_0001626,0
te_0001627,0
te_0001628,0
te_0001629,0
te_0001630,0
te_0001631,0
te_0001632,0
te_0001633,0
te_0001634,0
te_0001635,0
te_0001636,0
te_0001637,0
te_0001638,0
te_0001639,0
te_0001640,0
te_0001641,0
te_0001642,0
te_0001643,0
te_0001644,0
te_0001645,0
te_0001646,0
te_0001647,0
te_0001648,0
te_0001649,0
te_0001650,0
te_0001651,0
te_0001652,0
te_0001653,0
te_0001654,0
te_0001655,0
te_0001656,0
te_0001657,0
te_0001658,0
te_0001659,0
te_0001660,0
te_0001661,0
te_0001662,0
te_0001663,0
te_0001664,0
te_0001665,0
te_0001666,0
te_0001667,0
te_0001668,0
te_0001669,0
te_0001670,0
te_0001671,0
te_0001672,0
te_0001673,0
te_0001674,0
te_0001675,0
te_0001676,0
te_0001677,0
te_0001678,0
te_0001679,0
te_0001680,0
te_0001681,0
te_0001682,0
te_0001683,0
te_0001684,0
te_0001685,0
te_0001686,0
te_0001687,0
te_0001688,0
te_0001689,0
te_0001690,0
te_0001691,0
te_0001692,0
te_0001693,0
te_0001694,0
te_0001695,0
te_0001696,0
te_0001697,0
te_0001698,0
te_0001699,0
te_0001700,0
te_0001701,0
te_0001702,0
te_0001703,0
te_0001704,0
te_0001705,0
te_0001706,0
te_0001707,0
te_0001708,0
te_0001709,0
te_0001710,0
te_0001711,0
te_0001712,0
te_0001713,0
te_0001714,0
te_0001715,0
te_0001716,0
te_0001717,0
te_0001718,0
te_0001719,0
te_0001720,0
te_0001721,0
te_0001722,0
te_0001723,0
te_0001724,0
te_0001725,0
te_0001726,0
te_0001727,0
te_0001728,0
te_0001729,0
te_0001730,0
te_0001731,0
te_0001732,0
te_0001733,0
te_0001734,0
te_0001735,0
te_0001736,0
te_0001737,0
te_0001738,0
te_0001739,0
te_0001740,0
te_0001741,0
te_0001742,0
te_0001743,0
te_0001744,0
te_0001745,0
te_0001746,0
te_0001747,0
te_0001748,0
te_0001749,0
te_0001750,0
te_0001751,0
te_0001752,0
te_0001753,0
te_0001754,0
te_0001755,0
te_0001756,0
te_0001757,0
te_0001758,0
te_0001759,0
te_0001760,0
te_0001761,0
te_0001762,0
te_0001763,0
te_0001764,0
te_0001765,0
te_0001766,0
te_0001767,0
te_0001768,0
te_0001769,0
te_0001770,0
te_0001771,0
te_0001772,0
te_0001773,0
te_0001774,0
te_0001775,0
te_0001776,0
te_0001777,0
te_0001778,0
te_0001779,0
te_0001780,0
te_0001781,0
te_0001782,0
te_0001783,0
te_0001784,0
te_0001785,0
te_0001786,0
te_0001787,0
te_0001788,0
te_0001789,0
te_0001790,0
te_0001791,0
te_0001792,0
te_0001793,0
te_0001794,0
te_0001795,0
te_0001796,0
te_0001797,0
te_0001798,0
te_0001799,0
te_0001800,0
te_0001801,0
te_0001802,0
te_0001803,0
te_0001804,0
te_0001805,0
te_0001806,0
te_0001807,0
te_0001808,0
te_0001809,0
te_0001810,0
te_0001811,0
te_0001812,0
te_0001813,0
te_0001814,0
te_0001815,0
te_0001816,0
te_0001817,0
te_0001818,0
te_0001819,0
te_0001820,0
te_0001821,0
te_0001822,0
te_0001823,0
te_0001824,0
te_0001825,0
te_0001826,0
te_0001827,0
te_0001828,0
te_0001829,0
te_0001830,0
te_0001831,0
te_0001832,0
te_0001833,0
te_0001834,0
te_0001835,0
te_0001836,0
te_0001837,0
te_0001838,0
te_0001839,0
te_0001840,0
te_0001841,0
te_0001842,0
te_0001843,0
te_0001844,0
te_0001845,0
te_0001846,0
te_0001847,0
te_0001848,0
te_0001849,0
te_0001850,0
te_0001851,0
te_0001852,0
te_0001853,0
te_0001854,0
te_0001855,0
te_0001856,0
te_0001857,0
te_0001858,0
te_0001859,0
te_0001860,0
te_0001861,0
te_0001862,0
te_0001863,0
te_0001864,0
te_0001865,0
te_0001866,0
te_0001867,0
te_0001868,0
te_0001869,0
te_0001870,0
te_0001871,0
te_0001872,0
te_0001873,0
te_0001874,0
te_0001875,0
te_0001876,0
te_0001877,0
te_0001878,0
te_0001879,0
te_0001880,0
te_0001881,0
te_0001882,0
te_0001883,0
te_0001884,0
te_0001885,0
te_0001886,0
te_0001887,0
te_0001888,0
te_0001889,0
te_0001890,0
te_0001891,0
te_0001892,0
te_0001893,0
te_0001894,0
te_0001895,0
te_0001896,0
te_0001897,0
te_0001898,0
te_0001899,0
te_0001900,0
te_0001901,0
te_0001902,0
te_0001903,0
te_0001904,0
te_0001905,0
te_0001906,0
te_0001907,0
te_0001908,0
te_0001909,0
te_0001910,0
te_0001911,0
te_0001912,0
te_0001913,0
te_0001914,0
te_0001915,0
te_0001916,0
te_0001917,0
te_0001918,0
te_0001919,0
te_0001920,0
te_0001921,0
te_0001922,0
te_0001923,0
te_0001924,0
te_0001925,0
te_0001926,0
te_0001927,0
te_0001928,0
te_0001929,0
te_0001930,0
te_0001931,0
te_0001932,0
te_0001933,0
te_0001934,0
te_0001935,0
te_0001936,0
te_0001937,0
te_0001938,0
te_0001939,0
te_0001940,0
te_0001941,0
te_0001942,0
te_0001943,0
te_0001944,0
te_0001945,0
te_0001946,0
te_0001947,0
te_0001948,0
te_0001949,0
te_0001950,0
te_0001951,0
te_0001952,0
te_0001953,0
te_0001954,0
te_0001955,0
te_0001956,0
te_0001957,0
te_0001958,0
te_0001959,0
te_0001960,0
te_0001961,0
te_0001962,0
te_0001963,0
te_0001964,0
te_0001965,0
te_0001966,0
te_0001967,0
te_0001968,0
te_0001969,0
te_0001970,0
te_0001971,0
te_0001972,0
te_0001973,0
te_0001974,0
te_0001975,0
te_0001976,0
te_0001977,0
te_0001978,0
te_0001979,0
te_0001980,0
te_0001981,0
te_0001982,0
te_0001983,0
te_0001984,0
te_0001985,0
te_0001986,0
te_0001987,0
te_0001988,0
te_0001989,0
te_0001990,0
te_0001991,0
te_0001992,0
te_0001993,0
te_0001994,0
te_0001995,0
te_0001996,0
te_0001997,0
te_0001998,0
te_0001999,0
te_0002000,0
te_0002001,0
te_0002002,0
te_0002003,0
te_0002004,0
te_0002005,0
te_0002006,0
te_0002007,0
te_0002008,0
te_0002009,0
te_0002010,0
te_0002011,0
te_0002012,0
te_0002013,0
te_0002014,0
te_0002015,0
te_0002016,0
te_0002017,0
te_0002018,0
te_0002019,0
te_0002020,0
te_0002021,0
te_0002022,0
te_0002023,0
te_0002024,0
te_0002025,0
te_0002026,0
te_0002027,0
te_0002028,0
te_0002029,0
te_0002030,0
te_0002031,0
te_0002032,0
te_0002033,0
te_0002034,0
te_0002035,0
te_0002036,0
te_0002037,0
te_0002038,0
te_0002039,0
te_0002040,0
te_0002041,0
te_0002042,0
te_0002043,0
te_0002044,0
te_0002045,0
te_0002046,0
te_0002047,0
te_0002048,0
te_0002049,0
te_0002050,0
te_0002051,0
te_0002052,0
te_0002053,0
te_0002054,0
te_0002055,0
te_0002056,0
te_0002057,0
te_0002058,0
te_0002059,0
te_0002060,0
te_0002061,0
te_0002062,0
te_0002063,0
te_0002064,0
te_0002065,0
te_0002066,0
te_0002067,0
te_0002068,0
te_0002069,0
te_0002070,0
te_0002071,0
te_0002072,0
te_0002073,0
te_0002074,0
te_0002075,0
te_0002076,0
te_0002077,0
te_0002078,0
te_0002079,0
te_0002080,0
te_0002081,0
te_0002082,0
te_0002083,0
te_0002084,0
te_0002085,0
te_0002086,0
te_0002087,0
te_0002088,0
te_0002089,0
te_0002090,0
te_0002091,0
te_0002092,0
te_0002093,0
te_0002094,0
te_0002095,0
te_0002096,0
te_0002097,0
te_0002098,0
te_0002099,0
te_0002100,0
te_0002101,0
te_0002102,0
te_0002103,0
te_0002104,0
te_0002105,0
te_0002106,0
te_0002107,0
te_0002108,0
te_0002109,0
te_0002110,0
te_0002111,0
te_0002112,0
te_0002113,0
te_0002114,0
te_0002115,0
te_0002116,0
te_0002117,0
te_0002118,0
te_0002119,0
te_0002120,0
te_0002121,0
te_0002122,0
te_0002123,0
te_0002124,0
te_0002125,0
te_0002126,0
te_0002127,0
te_0002128,0
te_0002129,0
te_0002130,0
te_0002131,0
te_0002132,0
te_0002133,0
te_0002134,0
te_0002135,0
te_0002136,0
te_0002137,0
te_0002138,0
te_0002139,0
te_0002140,0
te_0002141,0
te_0002142,0
te_0002143,0
te_0002144,0
te_0002145,0
te_0002146,0
te_0002147,0
te_0002148,0
te_0002149,0
te_0002150,0
te_0002151,0
te_0002152,0
te_0002153,0
te_0002154,0
te_0002155,0
te_0002156,0
te_0002157,0
te_0002158,0
te_0002159,0
te_0002160,0
te_0002161,0
te_0002162,0
te_0002163,0
te_0002164,0
te_0002165,0
te_0002166,0
te_0002167,0
te_0002168,0
te_0002169,0
te_0002170,0
te_0002171,0
te_0002172,0
te_0002173,0
te_0002174,0
te_0002175,0
te_0002176,0
te_0002177,0
te_0002178,0
te_0002179,0
te_0002180,0
te_0002181,0
te_0002182,0
te_0002183,0
te_0002184,0
te_0002185,0
te_0002186,0
te_0002187,0
te_0002188,0
te_0002189,0
te_0002190,0
te_0002191,0
te_0002192,0
te_0002193,0
te_0002194,0
te_0002195,0
te_0002196,0
te_0002197,0
te_0002198,0
te_0002199,0
te_0002200,0
te_0002201,0
te_0002202,0
te_0002203,0
te_0002204,0
te_0002205,0
te_0002206,0
te_0002207,0
te_0002208,0
te_0002209,0
te_0002210,0
te_0002211,0
te_0002212,0
te_0002213,0
te_0002214,0
te_0002215,0
te_0002216,0
te_0002217,0
te_0002218,0
te_0002219,0
te_0002220,0
te_0002221,0
te_0002222,0
te_0002223,0
te_0002224,0
te_0002225,0
te_0002226,0
te_0002227,0
te_0002228,0
te_0002229,0
te_0002230,0
te_0002231,0
te_0002232,0
te_0002233,0
te_0002234,0
te_0002235,0
te_0002236,0
te_0002237,0
te_0002238,0
te_0002239,0
te_0002240,0
te_0002241,0
te_0002242,0
te_0002243,0
te_0002244,0
te_0002245,0
te_0002246,0
te_0002247,0
te_0002248,0
te_0002249,0
te_0002250,0
te_0002251,0
te_0002252,0
te_0002253,0
te_0002254,0
te_0002255,0
te_0002256,0
te_0002257,0
te_0002258,0
te_0002259,0
te_0002260,0
te_0002261,0
te_0002262,0
te_0002263,0
te_0002264,0
te_0002265,0
te_0002266,0
te_0002267,0
te_0002268,0
te_0002269,0
te_0002270,0
te_0002271,0
te_0002272,0
te_0002273,0
te_0002274,0
te_0002275,0
te_0002276,0
te_0002277,0
te_0002278,0
te_0002279,0
te_0002280,0
te_0002281,0
te_0002282,0
te_0002283,0
te_0002284,0
te_0002285,0
te_0002286,0
te_0002287,0
te_0002288,0
te_0002289,0
te_0002290,0
te_0002291,0
te_0002292,0
te_0002293,0
te_0002294,0
te_0002295,0
te_0002296,0
te_0002297,0
te_0002298,0
te_0002299,0
te_0002300,0
te_0002301,0
te_0002302,0
te_0002303,0
te_0002304,0
te_0002305,0
te_0002306,0
te_0002307,0
te_0002308,0
te_0002309,0
te_0002310,0
te_0002311,0
te_0002312,0
te_0002313,0
te_0002314,0
te_0002315,0
te_0002316,0
te_0002317,0
te_0002318,0
te_0002319,0
te_0002320,0
te_0002321,0
te_0002322,0
te_0002323,0
te_0002324,0
te_0002325,0
te_0002326,0
te_0002327,0
te_0002328,0
te_0002329,0
te_0002330,0
te_0002331,0
te_0002332,0
te_0002333,0
te_0002334,0
te_0002335,0
te_0002336,0
te_0002337,0
te_0002338,0
te_0002339,0
te_0002340,0
te_0002341,0
te_0002342,0
te_0002343,0
te_0002344,0
te_0002345,0
te_0002346,0
te_0002347,0
te_0002348,0
te_0002349,0
te_0002350,0
te_0002351,0
te_0002352,0
te_0002353,0
te_0002354,0
te_0002355,0
te_0002356,0
te_0002357,0
te_0002358,0
te_0002359,0
te_0002360,0
te_0002361,0
te_0002362,0
te_0002363,0
te_0002364,0
te_0002365,0
te_0002366,0
te_0002367,0
te_0002368,0
te_0002369,0
te_0002370,0
te_0002371,0
te_0002372,0
te_0002373,0
te_0002374,0
te_0002375,0
te_0002376,0
te_0002377,0
te_0002378,0
te_0002379,0
te_0002380,0
te_0002381,0
te_0002382,0
te_0002383,0
te_0002384,0
te_0002385,0
te_0002386,0
te_0002387,0
te_0002388,0
te_0002389,0
te_0002390,0
te_0002391,0
te_0002392,0
te_0002393,0
te_0002394,0
te_0002395,0
te_0002396,0
te_0002397,0
te_0002398,0
te_0002399,0
te_0002400,0
te_0002401,0
te_0002402,0
te_0002403,0
te_0002404,0
te_0002405,0
te_0002406,0
te_0002407,0
te_0002408,0
te_0002409,0
te_0002410,0
te_0002411,0
te_0002412,0
te_0002413,0
te_0002414,0
te_0002415,0
te_0002416,0
te_0002417,0
te_0002418,0
te_0002419,0
te_0002420,0
te_0002421,0
te_0002422,0
te_0002423,0
te_0002424,0
te_0002425,0
te_0002426,0
te_0002427,0
te_0002428,0
te_0002429,0
te_0002430,0
te_0002431,0
te_0002432,0
te_0002433,0
te_0002434,0
te_0002435,0
te_0002436,0
te_0002437,0
te_0002438,0
te_0002439,0
te_0002440,0
te_0002441,0
te_0002442,0
te_0002443,0
te_0002444,0
te_0002445,0
te_0002446,0
te_0002447,0
te_0002448,0
te_0002449,0
te_0002450,0
te_0002451,0
te_0002452,0
te_0002453,0
te_0002454,0
te_0002455,0
te_0002456,0
te_0002457,0
te_0002458,0
te_0002459,0
te_0002460,0
te_0002461,0
te_0002462,0
te_0002463,0
te_0002464,0
te_0002465,0
te_0002466,0
te_0002467,0
te_0002468,0
te_0002469,0
te_0002470,0
te_0002471,0
te_0002472,0
te_0002473,0
te_0002474,0
te_0002475,0
te_0002476,0
te_0002477,0
te_0002478,0
te_0002479,0
te_0002480,0
te_0002481,0
te_0002482,0
te_0002483,0
te_0002484,0
te_0002485,0
te_0002486,0
te_0002487,0
te_0002488,0
te_0002489,0
te_0002490,0
te_0002491,0
te_0002492,0
te_0002493,0
te_0002494,0
te_0002495,0
te_0002496,0
te_0002497,0
te_0002498,0
te_0002499,0
te_0002500,0
te_0002501,0
te_0002502,0
te_0002503,0
te_0002504,0
te_0002505,0
te_0002506,0
te_0002507,0
te_0002508,0
te_0002509,0
te_0002510,0
te_0002511,0
te_0002512,0
te_0002513,0
te_0002514,0
te_0002515,0
te_0002516,0
te_0002517,0
te_0002518,0
te_0002519,0
te_0002520,0
te_0002521,0
te_0002522,0
te_0002523,0
te_0002524,0
te_0002525,0
te_0002526,0
te_0002527,0
te_0002528,0
te_0002529,0
te_0002530,0
te_0002531,0
te_0002532,0
te_0002533,0
te_0002534,0
te_0002535,0
te_0002536,0
te_0002537,0
te_0002538,0
te_0002539,0
te_0002540,0
te_0002541,0
te_0002542,0
te_0002543,0
te_0002544,0
te_0002545,0
te_0002546,0
te_0002547,0
te_0002548,0
te_0002549,0
te_0002550,0
te_0002551,0
te_0002552,0
te_0002553,0
te_0002554,0
te_0002555,0
te_0002556,0
te_0002557,0
te_0002558,0
te_0002559,0
te_0002560,0
te_0002561,0
te_0002562,0
te_0002563,0
te_0002564,0
te_0002565,0
te_0002566,0
te_0002567,0
te_0002568,0
te_0002569,0
te_0002570,0
te_0002571,0
te_0002572,0
te_0002573,0
te_0002574,0
te_0002575,0
te_0002576,0
te_0002577,0
te_0002578,0
te_0002579,0
te_0002580,0
te_0002581,0
te_0002582,0
te_0002583,0
te_0002584,0
te_0002585,0
te_0002586,0
te_0002587,0
te_0002588,0
te_0002589,0
te_0002590,0
te_0002591,0
te_0002592,0
te_0002593,0
te_0002594,0
te_0002595,0
te_0002596,0
te_0002597,0
te_0002598,0
te_0002599,0
te_0002600,0
te_0002601,0
te_0002602,0
te_0002603,0
te_0002604,0
te_0002605,0
te_0002606,0
te_0002607,0
te_0002608,0
te_0002609,0
te_0002610,0
te_0002611,0
te_0002612,0
te_0002613,0
te_0002614,0
te_0002615,0
te_0002616,0
te_0002617,0
te_0002618,0
te_0002619,0
te_0002620,0
te_0002621,0
te_0002622,0
te_0002623,0
te_0002624,0
te_0002625,0
te_0002626,0
te_0002627,0
te_0002628,0
te_0002629,0
te_0002630,0
te_0002631,0
te_0002632,0
te_0002633,0
te_0002634,0
te_0002635,0
te_0002636,0
te_0002637,0
te_0002638,0
te_0002639,0
te_0002640,0
te_0002641,0
te_0002642,0
te_0002643,0
te_0002644,0
te_0002645,0
te_0002646,0
te_0002647,0
te_0002648,0
te_0002649,0
te_0002650,0
te_0002651,0
te_0002652,0
te_0002653,0
te_0002654,0
te_0002655,0
te_0002656,0
te_0002657,0
te_0002658,0
te_0002659,0
te_0002660,0
te_0002661,0
te_0002662,0
te_0002663,0
te_0002664,0
te_0002665,0
te_0002666,0
te_0002667,0
te_0002668,0
te_0002669,0
te_0002670,0
te_0002671,0
te_0002672,0
te_0002673,0
te_0002674,0
te_0002675,0
te_0002676,0
te_0002677,0
te_0002678,0
te_0002679,0
te_0002680,0
te_0002681,0
te_0002682,0
te_0002683,0
te_0002684,0
te_0002685,0
te_0002686,0
te_0002687,0
te_0002688,0
te_0002689,0
te_0002690,0
te_0002691,0
te_0002692,0
te_0002693,0
te_0002694,0
te_0002695,0
te_0002696,0
te_0002697,0
te_0002698,0
te_0002699,0
te_0002700,0
te_0002701,0
te_0002702,0
te_0002703,0
te_0002704,0
te_0002705,0
te_0002706,0
te_0002707,0
te_0002708,0
te_0002709,0
te_0002710,0
te_0002711,0
te_0002712,0
te_0002713,0
te_0002714,0
te_0002715,0
te_0002716,0
te_0002717,0
te_0002718,0
te_0002719,0
te_0002720,0
te_0002721,0
te_0002722,0
te_0002723,0
te_0002724,0
te_0002725,0
te_0002726,0
te_0002727,0
te_0002728,0
te_0002729,0
te_0002730,0
te_0002731,0
te_0002732,0
te_0002733,0
te_0002734,0
te_0002735,0
te_0002736,0
te_0002737,0
te_0002738,0
te_0002739,0
te_0002740,0
te_0002741,0
te_0002742,0
te_0002743,0
te_0002744,0
te_0002745,0
te_0002746,0
te_0002747,0
te_0002748,0
te_0002749,0
te_0002750,0
te_0002751,0
te_0002752,0
te_0002753,0
te_0002754,0
te_0002755,0
te_0002756,0
te_0002757,0
te_0002758,0
te_0002759,0
te_0002760,0
te_0002761,0
te_0002762,0
te_0002763,0
te_0002764,0
te_0002765,0
te_0002766,0
te_0002767,0
te_0002768,0
te_0002769,0
te_0002770,0
te_0002771,0
te_0002772,0
te_0002773,0
te_0002774,0
te_0002775,0
te_0002776,0
te_0002777,0
te_0002778,0
te_0002779,0
te_0002780,0
te_0002781,0
te_0002782,0
te_0002783,0
te_0002784,0
te_0002785,0
te_0002786,0
te_0002787,0
te_0002788,0
te_0002789,0
te_0002790,0
te_0002791,0
te_0002792,0
te_0002793,0
te_0002794,0
te_0002795,0
te_0002796,0
te_0002797,0
te_0002798,0
te_0002799,0
te_0002800,0
te_0002801,0
te_0002802,0
te_0002803,0
te_0002804,0
te_0002805,0
te_0002806,0
te_0002807,0
te_0002808,0
te_0002809,0
te_0002810,0
te_0002811,0
te_0002812,0
te_0002813,0
te_0002814,0
te_0002815,0
te_0002816,0
te_0002817,0
te_0002818,0
te_0002819,0
te_0002820,0
te_0002821,0
te_0002822,0
te_0002823,0
te_0002824,0
te_0002825,0
te_0002826,0
te_0002827,0
te_0002828,0
te_0002829,0
te_0002830,0
te_0002831,0
te_0002832,0
te_0002833,0
te_0002834,0
te_0002835,0
te_0002836,0
te_0002837,0
te_0002838,0
te_0002839,0
te_0002840,0
te_0002841,0
te_0002842,0
te_0002843,0
te_0002844,0
te_0002845,0
te_0002846,0
te_0002847,0
te_0002848,0
te_0002849,0
te_0002850,0
te_0002851,0
te_0002852,0
te_0002853,0
te_0002854,0
te_0002855,0
te_0002856,0
te_0002857,0
te_0002858,0
te_0002859,0
te_0002860,0
te_0002861,0
te_0002862,0
te_0002863,0
te_0002864,0
te_0002865,0
te_0002866,0
te_0002867,0
te_0002868,0
te_0002869,0
te_0002870,0
te_0002871,0
te_0002872,0
te_0002873,0
te_0002874,0
te_0002875,0
te_0002876,0
te_0002877,0
te_0002878,0
te_0002879,0
te_0002880,0
te_0002881,0
te_0002882,0
te_0002883,0
te_0002884,0
te_0002885,0
te_0002886,0
te_0002887,0
te_0002888,0
te_0002889,0
te_0002890,0
te_0002891,0
te_0002892,0
te_0002893,0
te_0002894,0
te_0002895,0
te_0002896,0
te_0002897,0
te_0002898,0
te_0002899,0
te_0002900,0
te_0002901,0
te_0002902,0
te_0002903,0
te_0002904,0
te_0002905,0
te_0002906,0
te_0002907,0
te_0002908,0
te_0002909,0
te_0002910,0
te_0002911,0
te_0002912,0
te_0002913,0
te_0002914,0
te_0002915,0
te_0002916,0
te_0002917,0
te_0002918,0
te_0002919,0
te_0002920,0
te_0002921,0
te_0002922,0
te_0002923,0
te_0002924,0
te_0002925,0
te_0002926,0
te_0002927,0
te_0002928,0
te_0002929,0
te_0002930,0
te_0002931,0
te_0002932,0
te_0002933,0
te_0002934,0
te_0002935,0
te_0002936,0
te_0002937,0
te_0002938,0
te_0002939,0
te_0002940,0
te_0002941,0
te_0002942,0
te_0002943,0
te_0002944,0
te_0002945,0
te_0002946,0
te_0002947,0
te_0002948,0
te_0002949,0
te_0002950,0
te_0002951,0
te_0002952,0
te_0002953,0
te_0002954,0
te_0002955,0
te_0002956,0
te_0002957,0
te_0002958,0
te_0002959,0
te_0002960,0
te_0002961,0
te_0002962,0
te_0002963,0
te_0002964,0
te_0002965,0
te_0002966,0
te_0002967,0
te_0002968,0
te_0002969,0
te_0002970,0
te_0002971,0
te_0002972,0
te_0002973,0
te_0002974,0
te_0002975,0
te_0002976,0
te_0002977,0
te_0002978,0
te_0002979,0
te_0002980,0
te_0002981,0
te_0002982,0
te_0002983,0
te_0002984,0
te_0002985,0
te_0002986,0
te_0002987,0
te_0002988,0
te_0002989,0
te_0002990,0
te_0002991,0
te_0002992,0
te_0002993,0
te_0002994,0
te_0002995,0
te_0002996,0
te_0002997,0
te_0002998,0
te_0002999,0
te_0003000,0
te_0003001,0
te_0003002,0
te_0003003,0
te_0003004,0
te_0003005,0
te_0003006,0
te_0003007,0
te_0003008,0
te_0003009,0
te_0003010,0
te_0003011,0
te_0003012,0
te_0003013,0
te_0003014,0
te_0003015,0
te_0003016,0
te_0003017,0
te_0003018,0
te_0003019,0
te_0003020,0
te_0003021,0
te_0003022,0
te_0003023,0
te_0003024,0
te_0003025,0
te_0003026,0
te_0003027,0
te_0003028,0
te_0003029,0
te_0003030,0
te_0003031,0
te_0003032,0
te_0003033,0
te_0003034,0
te_0003035,0
te_0003036,0
te_0003037,0
te_0003038,0
te_0003039,0
te_0003040,0
te_0003041,0
te_0003042,0
te_0003043,0
te_0003044,0
te_0003045,0
te_0003046,0
te_0003047,0
te_0003048,0
te_0003049,0
te_0003050,0
te_0003051,0
te_0003052,0
te_0003053,0
te_0003054,0
te_0003055,0
te_0003056,0
te_0003057,0
te_0003058,0
te_0003059,0
te_0003060,0
te_0003061,0
te_0003062,0
te_0003063,0
te_0003064,0
te_0003065,0
te_0003066,0
te_0003067,0
te_0003068,0
te_0003069,0
te_0003070,0
te_0003071,0
te_0003072,0
te_0003073,0
te_0003074,0
te_0003075,0
te_0003076,0
te_0003077,0
te_0003078,0
te_0003079,0
te_0003080,0
te_0003081,0
te_0003082,0
te_0003083,0
te_0003084,0
te_0003085,0
te_0003086,0
te_0003087,0
te_0003088,0
te_0003089,0
te_0003090,0
te_0003091,0
te_0003092,0
te_0003093,0
te_0003094,0
te_0003095,0
te_0003096,0
te_0003097,0
te_0003098,0
te_0003099,0
te_0003100,0
te_0003101,0
te_0003102,0
te_0003103,0
te_0003104,0
te_0003105,0
te_0003106,0
te_0003107,0
te_0003108,0
te_0003109,0
te_0003110,0
te_0003111,0
te_0003112,0
te_0003113,0
te_0003114,0
te_0003115,0
te_0003116,0
te_0003117,0
te_0003118,0
te_0003119,0
te_0003120,0
te_0003121,0
te_0003122,0
te_0003123,0
te_0003124,0
te_0003125,0
te_0003126,0
te_0003127,0
te_0003128,0
te_0003129,0
te_0003130,0
te_0003131,0
te_0003132,0
te_0003133,0
te_0003134,0
te_0003135,0
te_0003136,0
te_0003137,0
te_0003138,0
te_0003139,0
te_0003140,0
te_0003141,0
te_0003142,0
te_0003143,0
te_0003144,0
te_0003145,0
te_0003146,0
te_0003147,0
te_0003148,0
te_0003149,0
te_0003150,0
te_0003151,0
te_0003152,0
te_0003153,0
te_0003154,0
te_0003155,0
te_0003156,0
te_0003157,0
te_0003158,0
te_0003159,0
te_0003160,0
te_0003161,0
te_0003162,0
te_0003163,0
te_0003164,0
te_0003165,0
te_0003166,0
te_0003167,0
te_0003168,0
te_0003169,0
te_0003170,0
te_0003171,0
te_0003172,0
te_0003173,0
te_0003174,0
te_0003175,0
te_0003176,0
te_0003177,0
te_0003178,0
te_0003179,0
te_0003180,0
te_0003181,0
te_0003182,0
te_0003183,0
te_0003184,0
te_0003185,0
te_0003186,0
te_0003187,0
te_0003188,0
te_0003189,0
te_0003190,0
te_0003191,0
te_0003192,0
te_0003193,0
te_0003194,0
te_0003195,0
te_0003196,0
te_0003197,0
te_0003198,0
te_0003199,0
te_0003200,0
te_0003201,0
te_0003202,0
te_0003203,0
te_0003204,0
te_0003205,0
te_0003206,0
te_0003207,0
te_0003208,0
te_0003209,0
te_0003210,0
te_0003211,0
te_0003212,0
te_0003213,0
te_0003214,0
te_0003215,0
te_0003216,0
te_0003217,0
te_0003218,0
te_0003219,0
te_0003220,0
te_0003221,0
te_0003222,0
te_0003223,0
te_0003224,0
te_0003225,0
te_0003226,0
te_0003227,0
te_0003228,0
te_0003229,0
te_0003230,0
te_0003231,0
te_0003232,0
te_0003233,0
te_0003234,0
te_0003235,0
te_0003236,0
te_0003237,0
te_0003238,0
te_0003239,0
te_0003240,0
te_0003241,0
te_0003242,0
te_0003243,0
te_0003244,0
te_0003245,0
te_0003246,0
te_0003247,0
te_0003248,0
te_0003249,0
te_0003250,0
te_0003251,0
te_0003252,0
te_0003253,0
te_0003254,0
te_0003255,0
te_0003256,0
te_0003257,0
te_0003258,0
te_0003259,0
te_0003260,0
te_0003261,0
te_0003262,0
te_0003263,0
te_0003264,0
te_0003265,0
te_0003266,0
te_0003267,0
te_0003268,0
te_0003269,0
te_0003270,0
te_0003271,0
te_0003272,0
te_0003273,0
te_0003274,0
te_0003275,0
te_0003276,0
te_0003277,0
te_0003278,0
te_0003279,0
te_0003280,0
te_0003281,0
te_0003282,0
te_0003283,0
te_0003284,0
te_0003285,0
te_0003286,0
te_0003287,0
te_0003288,0
te_0003289,0
te_0003290,0
te_0003291,0
te_0003292,0
te_0003293,0
te_0003294,0
te_0003295,0
te_0003296,0
te_0003297,0
te_0003298,0
te_0003299,0
te_0003300,0
te_0003301,0
te_0003302,0
te_0003303,0
te_0003304,0
te_0003305,0
te_0003306,0
te_0003307,0
te_0003308,0
te_0003309,0
te_0003310,0
te_0003311,0
te_0003312,0
te_0003313,0
te_0003314,0
te_0003315,0
te_0003316,0
te_0003317,0
te_0003318,0
te_0003319,0
te_0003320,0
te_0003321,0
te_0003322,0
te_0003323,0
te_0003324,0
te_0003325,0
te_0003326,0
te_0003327,0
te_0003328,0
te_0003329,0
te_0003330,0
te_0003331,0
te_0003332,0
te_0003333,0
te_0003334,0
te_0003335,0
te_0003336,0
te_0003337,0
te_0003338,0
te_0003339,0
te_0003340,0
te_0003341,0
te_0003342,0
te_0003343,0
te_0003344,0
te_0003345,0
te_0003346,0
te_0003347,0
te_0003348,0
te_0003349,0
te_0003350,0
te_0003351,0
te_0003352,0
te_0003353,0
te_0003354,0
te_0003355,0
te_0003356,0
te_0003357,0
te_0003358,0
te_0003359,0
te_0003360,0
te_0003361,0
te_0003362,0
te_0003363,0
te_0003364,0
te_0003365,0
te_0003366,0
te_0003367,0
te_0003368,0
te_0003369,0
te_0003370,0
te_0003371,0
te_0003372,0
te_0003373,0
te_0003374,0
te_0003375,0
te_0003376,0
te_0003377,0
te_0003378,0
te_0003379,0
te_0003380,0
te_0003381,0
te_0003382,0
te_0003383,0
te_0003384,0
te_0003385,0
te_0003386,0
te_0003387,0
te_0003388,0
te_0003389,0
te_0003390,0
te_0003391,0
te_0003392,0
te_0003393,0
te_0003394,0
te_0003395,0
te_0003396,0
te_0003397,0
te_0003398,0
te_0003399,0
te_0003400,0
te_0003401,0
te_0003402,0
te_0003403,0
te_0003404,0
te_0003405,0
te_0003406,0
te_0003407,0
te_0003408,0
te_0003409,0
te_0003410,0
te_0003411,0
te_0003412,0
te_0003413,0
te_0003414,0
te_0003415,0
te_0003416,0
te_0003417,0
te_0003418,0
te_0003419,0
te_0003420,0
te_0003421,0
te_0003422,0
te_0003423,0
te_0003424,0
te_0003425,0
te_0003426,0
te_0003427,0
te_0003428,0
te_0003429,0
te_0003430,0
te_0003431,0
te_0003432,0
te_0003433,0
te_0003434,0
te_0003435,0
te_0003436,0
te_0003437,0
te_0003438,0
te_0003439,0
te_0003440,0
te_0003441,0
te_0003442,0
te_0003443,0
te_0003444,0
te_0003445,0
te_0003446,0
te_0003447,0
te_0003448,0
te_0003449,0
te_0003450,0
te_0003451,0
te_0003452,0
te_0003453,0
te_0003454,0
te_0003455,0
te_0003456,0
te_0003457,0
te_0003458,0
te_0003459,0
te_0003460,0
te_0003461,0
te_0003462,0
te_0003463,0
te_0003464,0
te_0003465,0
te_0003466,0
te_0003467,0
te_0003468,0
te_0003469,0
te_0003470,0
te_0003471,0
te_0003472,0
te_0003473,0
te_0003474,0
te_0003475,0
te_0003476,0
te_0003477,0
te_0003478,0
te_0003479,0
te_0003480,0
te_0003481,0
te_0003482,0
te_0003483,0
te_0003484,0
te_0003485,0
te_0003486,0
te_0003487,0
te_0003488,0
te_0003489,0
te_0003490,0
te_0003491,0
te_0003492,0
te_0003493,0
te_0003494,0
te_0003495,0
te_0003496,0
te_0003497,0
te_0003498,0
te_0003499,0
te_0003500,0
te_0003501,0
te_0003502,0
te_0003503,0
te_0003504,0
te_0003505,0
te_0003506,0
te_0003507,0
te_0003508,0
te_0003509,0
te_0003510,0
te_0003511,0
te_0003512,0
te_0003513,0
te_0003514,0
te_0003515,0
te_0003516,0
te_0003517,0
te_0003518,0
te_0003519,0
te_0003520,0
te_0003521,0
te_0003522,0
te_0003523,0
te_0003524,0
te_0003525,0
te_0003526,0
te_0003527,0
te_0003528,0
te_0003529,0
te_0003530,0
te_0003531,0
te_0003532,0
te_0003533,0
te_0003534,0
te_0003535,0
te_0003536,0
te_0003537,0
te_0003538,0
te_0003539,0
te_0003540,0
te_0003541,0
te_0003542,0
te_0003543,0
te_0003544,0
te_0003545,0
te_0003546,0
te_0003547,0
te_0003548,0
te_0003549,0
te_0003550,0
te_0003551,0
te_0003552,0
te_0003553,0
te_0003554,0
te_0003555,0
te_0003556,0
te_0003557,0
te_0003558,0
te_0003559,0
te_0003560,0
te_0003561,0
te_0003562,0
te_0003563,0
te_0003564,0
te_0003565,0
te_0003566,0
te_0003567,0
te_0003568,0
te_0003569,0
te_0003570,0
te_0003571,0
te_0003572,0
te_0003573,0
te_0003574,0
te_0003575,0
te_0003576,0
te_0003577,0
te_0003578,0
te_0003579,0
te_0003580,0
te_0003581,0
te_0003582,0
te_0003583,0
te_0003584,0
te_0003585,0
te_0003586,0
te_0003587,0
te_0003588,0
te_0003589,0
te_0003590,0
te_0003591,0
te_0003592,0
te_0003593,0
te_0003594,0
te_0003595,0
te_0003596,0
te_0003597,0
te_0003598,0
te_0003599,0
te_0003600,0
te_0003601,0
te_0003602,0
te_0003603,0
te_0003604,0
te_0003605,0
te_0003606,0
te_0003607,0
te_0003608,0
te_0003609,0
te_0003610,0
te_0003611,0
te_0003612,0
te_0003613,0
te_0003614,0
te_0003615,0
te_0003616,0
te_0003617,0
te_0003618,0
te_0003619,0
te_0003620,0
te_0003621,0
te_0003622,0
te_0003623,0
te_0003624,0
te_0003625,0
te_0003626,0
te_0003627,0
te_0003628,0
te_0003629,0
te_0003630,0
te_0003631,0
te_0003632,0
te_0003633,0
te_0003634,0
te_0003635,0
te_0003636,0
te_0003637,0
te_0003638,0
te_0003639,0
te_0003640,0
te_0003641,0
te_0003642,0
te_0003643,0
te_0003644,0
te_0003645,0
te_0003646,0
te_0003647,0
te_0003648,0
te_0003649,0
te_0003650,0
te_0003651,0
te_0003652,0
te_0003653,0
te_0003654,0
te_0003655,0
te_0003656,0
te_0003657,0
te_0003658,0
te_0003659,0
te_0003660,0
te_0003661,0
te_0003662,0
te_0003663,0
te_0003664,0
te_0003665,0
te_0003666,0
te_0003667,0
te_0003668,0
te_0003669,0
te_0003670,0
te_0003671,0
te_0003672,0
te_0003673,0
te_0003674,0
te_0003675,0
te_0003676,0
te_0003677,0
te_0003678,0
te_0003679,0
te_0003680,0
te_0003681,0
te_0003682,0
te_0003683,0
te_0003684,0
te_0003685,0
te_0003686,0
te_0003687,0
te_0003688,0
te_0003689,0
te_0003690,0
te_0003691,0
te_0003692,0
te_0003693,0
te_0003694,0
te_0003695,0
te_0003696,0
te_0003697,0
te_0003698,0
te_0003699,0
te_0003700,0
te_0003701,0
te_0003702,0
te_0003703,0
te_0003704,0
te_0003705,0
te_0003706,0
te_0003707,0
te_0003708,0
te_0003709,0
te_0003710,0
te_0003711,0
te_0003712,0
te_0003713,0
te_0003714,0
te_0003715,0
te_0003716,0
te_0003717,0
te_0003718,0
te_0003719,0
te_0003720,0
te_0003721,0
te_0003722,0
te_0003723,0
te_0003724,0
te_0003725,0
te_0003726,0
te_0003727,0
te_0003728,0
te_0003729,0
te_0003730,0
te_0003731,0
te_0003732,0
te_0003733,0
te_0003734,0
te_0003735,0
te_0003736,0
te_0003737,0
te_0003738,0
te_0003739,0
te_0003740,0
te_0003741,0
te_0003742,0
te_0003743,0
te_0003744,0
te_0003745,0
te_0003746,0
te_0003747,0
te_0003748,0
te_0003749,0
te_0003750,0
te_0003751,0
te_0003752,0
te_0003753,0
te_0003754,0
te_0003755,0
te_0003756,0
te_0003757,0
te_0003758,0
te_0003759,0
te_0003760,0
te_0003761,0
te_0003762,0
te_0003763,0
te_0003764,0
te_0003765,0
te_0003766,0
te_0003767,0
te_0003768,0
te_0003769,0
te_0003770,0
te_0003771,0
te_0003772,0
te_0003773,0
te_0003774,0
te_0003775,0
te_0003776,0
te_0003777,0
te_0003778,0
te_0003779,0
te_0003780,0
te_0003781,0
te_0003782,0
te_0003783,0
te_0003784,0
te_0003785,0
te_0003786,0
te_0003787,0
te_0003788,0
te_0003789,0
te_0003790,0
te_0003791,0
te_0003792,0
te_0003793,0
te_0003794,0
te_0003795,0
te_0003796,0
te_0003797,0
te_0003798,0
te_0003799,0
te_0003800,0
te_0003801,0
te_0003802,0
te_0003803,0
te_0003804,0
te_0003805,0
te_0003806,0
te_0003807,0
te_0003808,0
te_0003809,0
te_0003810,0
te_0003811,0
te_0003812,0
te_0003813,0
te_0003814,0
te_0003815,0
te_0003816,0
te_0003817,0
te_0003818,0
te_0003819,0
te_0003820,0
te_0003821,0
te_0003822,0
te_0003823,0
te_0003824,0
te_0003825,0
te_0003826,0
te_0003827,0
te_0003828,0
te_0003829,0
te_0003830,0
te_0003831,0
te_0003832,0
te_0003833,0
te_0003834,0
te_0003835,0
te_0003836,0
te_0003837,0
te_0003838,0
te_0003839,0
te_0003840,0
te_0003841,0
te_0003842,0
te_0003843,0
te_0003844,0
te_0003845,0
te_0003846,0
te_0003847,0
te_0003848,0
te_0003849,0
te_0003850,0
te_0003851,0
te_0003852,0
te_0003853,0
te_0003854,0
te_0003855,0
te_0003856,0
te_0003857,0
te_0003858,0
te_0003859,0
te_0003860,0
te_0003861,0
te_0003862,0
te_0003863,0
te_0003864,0
te_0003865,0
te_0003866,0
te_0003867,0
te_0003868,0
te_0003869,0
te_0003870,0
te_0003871,0
te_0003872,0
te_0003873,0
te_0003874,0
te_0003875,0
te_0003876,0
te_0003877,0
te_0003878,0
te_0003879,0
te_0003880,0
te_0003881,0
te_0003882,0
te_0003883,0
te_0003884,0
te_0003885,0
te_0003886,0
te_0003887,0
te_0003888,0
te_0003889,0
te_0003890,0
te_0003891,0
te_0003892,0
te_0003893,0
te_0003894,0
te_0003895,0
te_0003896,0
te_0003897,0
te_0003898,0
te_0003899,0
te_0003900,0
te_0003901,0
te_0003902,0
te_0003903,0
te_0003904,0
te_0003905,0
te_0003906,0
te_0003907,0
te_0003908,0
te_0003909,0
te_0003910,0
te_0003911,0
te_0003912,0
te_0003913,0
te_0003914,0
te_0003915,0
te_0003916,0
te_0003917,0
te_0003918,0
te_0003919,0
te_0003920,0
te_0003921,0
te_0003922,0
te_0003923,0
te_0003924,0
te_0003925,0
te_0003926,0
te_0003927,0
te_0003928,0
te_0003929,0
te_0003930,0
te_0003931,0
te_0003932,0
te_0003933,0
te_0003934,0
te_0003935,0
te_0003936,0
te_0003937,0
te_0003938,0
te_0003939,0
te_0003940,0
te_0003941,0
te_0003942,0
te_0003943,0
te_0003944,0
te_0003945,0
te_0003946,0
te_0003947,0
te_0003948,0
te_0003949,0
te_0003950,0
te_0003951,0
te_0003952,0
te_0003953,0
te_0003954,0
te_0003955,0
te_0003956,0
te_0003957,0
te_0003958,0
te_0003959,0
te_0003960,0
te_0003961,0
te_0003962,0
te_0003963,0
te_0003964,0
te_0003965,0
te_0003966,0
te_0003967,0
te_0003968,0
te_0003969,0
te_0003970,0
te_0003971,0
te_0003972,0
te_0003973,0
te_0003974,0
te_0003975,0
te_0003976,0
te_0003977,0
te_0003978,0
te_0003979,0
te_0003980,0
te_0003981,0
te_0003982,0
te_0003983,0
te_0003984,0
te_0003985,0
te_0003986,0
te_0003987,0
te_0003988,0
te_0003989,0
te_0003990,0
te_0003991,0
te_0003992,0
te_0003993,0
te_0003994,0
te_0003995,0
te_0003996,0
te_0003997,0
te_0003998,0
te_0003999,0
te_0004000,0
te_0004001,0
te_0004002,0
te_0004003,0
te_0004004,0
te_0004005,0
te_0004006,0
te_0004007,0
te_0004008,0
te_0004009,0
te_0004010,0
te_0004011,0
te_0004012,0
te_0004013,0
te_0004014,0
te_0004015,0
te_0004016,0
te_0004017,0
te_0004018,0
te_0004019,0
te_0004020,0
te_0004021,0
te_0004022,0
te_0004023,0
te_0004024,0
te_0004025,0
te_0004026,0
te_0004027,0
te_0004028,0
te_0004029,0
te_0004030,0
te_0004031,0
te_0004032,0
te_0004033,0
te_0004034,0
te_0004035,0
te_0004036,0
te_0004037,0
te_0004038,0
te_0004039,0
te_0004040,0
te_0004041,0
te_0004042,0
te_0004043,0
te_0004044,0
te_0004045,0
te_0004046,0
te_0004047,0
te_0004048,0
te_0004049,0
te_0004050,0
te_0004051,0
te_0004052,0
te_0004053,0
te_0004054,0
te_0004055,0
te_0004056,0
te_0004057,0
te_0004058,0
te_0004059,0
te_0004060,0
te_0004061,0
te_0004062,0
te_0004063,0
te_0004064,0
te_0004065,0
te_0004066,0
te_0004067,0
te_0004068,0
te_0004069,0
te_0004070,0
te_0004071,0
te_0004072,0
te_0004073,0
te_0004074,0
te_0004075,0
te_0004076,0
te_0004077,0
te_0004078,0
te_0004079,0
te_0004080,0
te_0004081,0
te_0004082,0
te_0004083,0
te_0004084,0
te_0004085,0
te_0004086,0
te_0004087,0
te_0004088,0
te_0004089,0
te_0004090,0
te_0004091,0
te_0004092,0
te_0004093,0
te_0004094,0
te_0004095,0
te_0004096,0
te_0004097,0
te_0004098,0
te_0004099,0
te_0004100,0
te_0004101,0
te_0004102,0
te_0004103,0
te_0004104,0
te_0004105,0
te_0004106,0
te_0004107,0
te_0004108,0
te_0004109,0
te_0004110,0
te_0004111,0
te_0004112,0
te_0004113,0
te_0004114,0
te_0004115,0
te_0004116,0
te_0004117,0
te_0004118,0
te_0004119,0
te_0004120,0
te_0004121,0
te_0004122,0
te_0004123,0
te_0004124,0
te_0004125,0
te_0004126,0
te_0004127,0
te_0004128,0
te_0004129,0
te_0004130,0
te_0004131,0
te_0004132,0
te_0004133,0
te_0004134,0
te_0004135,0
te_0004136,0
te_0004137,0
te_0004138,0
te_0004139,0
te_0004140,0
te_0004141,0
te_0004142,0
te_0004143,0
te_0004144,0
te_0004145,0
te_0004146,0
te_0004147,0
te_0004148,0
te_0004149,0
te_0004150,0
te_0004151,0
te_0004152,0
te_0004153,0
te_0004154,0
te_0004155,0
te_0004156,0
te_0004157,0
te_0004158,0
te_0004159,0
te_0004160,0
te_0004161,0
te_0004162,0
te_0004163,0
te_0004164,0
te_0004165,0
te_0004166,0
te_0004167,0
te_0004168,0
te_0004169,0
te_0004170,0
te_0004171,0
te_0004172,0
te_0004173,0
te_0004174,0
te_0004175,0
te_0004176,0
te_0004177,0
te_0004178,0
te_0004179,0
te_0004180,0
te_0004181,0
te_0004182,0
te_0004183,0
te_0004184,0
te_0004185,0
te_0004186,0
te_0004187,0
te_0004188,0
te_0004189,0
te_0004190,0
te_0004191,0
te_0004192,0
te_0004193,0
te_0004194,0
te_0004195,0
te_0004196,0
te_0004197,0
te_0004198,0
te_0004199,0
te_0004200,0
te_0004201,0
te_0004202,0
te_0004203,0
te_0004204,0
te_0004205,0
te_0004206,0
te_0004207,0
te_0004208,0
te_0004209,0
te_0004210,0
te_0004211,0
te_0004212,0
te_0004213,0
te_0004214,0
te_0004215,0
te_0004216,0
te_0004217,0
te_0004218,0
te_0004219,0
te_0004220,0
te_0004221,0
te_0004222,0
te_0004223,0
te_0004224,0
te_0004225,0
te_0004226,0
te_0004227,0
te_0004228,0
te_0004229,0
te_0004230,0
te_0004231,0
te_0004232,0
te_0004233,0
te_0004234,0
te_0004235,0
te_0004236,0
te_0004237,0
te_0004238,0
te_0004239,0
te_0004240,0
te_0004241,0
te_0004242,0
te_0004243,0
te_0004244,0
te_0004245,0
te_0004246,0
te_0004247,0
te_0004248,0
te_0004249,0
te_0004250,0
te_0004251,0
te_0004252,0
te_0004253,0
te_0004254,0
te_0004255,0
te_0004256,0
te_0004257,0
te_0004258,0
te_0004259,0
te_0004260,0
te_0004261,0
te_0004262,0
te_0004263,0
te_0004264,0
te_0004265,0
te_0004266,0
te_0004267,0
te_0004268,0
te_0004269,0
te_0004270,0
te_0004271,0
te_0004272,0
te_0004273,0
te_0004274,0
te_0004275,0
te_0004276,0
te_0004277,0
te_0004278,0
te_0004279,0
te_0004280,0
te_0004281,0
te_0004282,0
te_0004283,0
te_0004284,0
te_0004285,0
te_0004286,0
te_0004287,0
te_0004288,0
te_0004289,0
te_0004290,0
te_0004291,0
te_0004292,0
te_0004293,0
te_0004294,0
te_0004295,0
te_0004296,0
te_0004297,0
te_0004298,0
te_0004299,0
te_0004300,0
te_0004301,0
te_0004302,0
te_0004303,0
te_0004304,0
te_0004305,0
te_0004306,0
te_0004307,0
te_0004308,0
te_0004309,0
te_0004310,0
te_0004311,0
te_0004312,0
te_0004313,0
te_0004314,0
te_0004315,0
te_0004316,0
te_0004317,0
te_0004318,0
te_0004319,0
te_0004320,0
te_0004321,0
te_0004322,0
te_0004323,0
te_0004324,0
te_0004325,0
te_0004326,0
te_0004327,0
te_0004328,0
te_0004329,0
te_0004330,0
te_0004331,0
te_0004332,0
te_0004333,0
te_0004334,0
te_0004335,0
te_0004336,0
te_0004337,0
te_0004338,0
te_0004339,0
te_0004340,0
te_0004341,0
te_0004342,0
te_0004343,0
te_0004344,0
te_0004345,0
te_0004346,0
te_0004347,0
te_0004348,0
te_0004349,0
te_0004350,0
te_0004351,0
te_0004352,0
te_0004353,0
te_0004354,0
te_0004355,0
te_0004356,0
te_0004357,0
te_0004358,0
te_0004359,0
te_0004360,0
te_0004361,0
te_0004362,0
te_0004363,0
te_0004364,0
te_0004365,0
te_0004366,0
te_0004367,0
te_0004368,0
te_0004369,0
te_0004370,0
te_0004371,0
te_0004372,0
te_0004373,0
te_0004374,0
te_0004375,0
te_0004376,0
te_0004377,0
te_0004378,0
te_0004379,0
te_0004380,0
te_0004381,0
te_0004382,0
te_0004383,0
te_0004384,0
te_0004385,0
te_0004386,0
te_0004387,0
te_0004388,0
te_0004389,0
te_0004390,0
te_0004391,0
te_0004392,0
te_0004393,0
te_0004394,0
te_0004395,0
te_0004396,0
te_0004397,0
te_0004398,0
te_0004399,0
te_0004400,0
te_0004401,0
te_0004402,0
te_0004403,0
te_0004404,0
te_0004405,0
te_0004406,0
te_0004407,0
te_0004408,0
te_0004409,0
te_0004410,0
te_0004411,0
te_0004412,0
te_0004413,0
te_0004414,0
te_0004415,0
te_0004416,0
te_0004417,0
te_0004418,0
te_0004419,0
te_0004420,0
te_0004421,0
te_0004422,0
te_0004423,0
te_0004424,0
te_0004425,0
te_0004426,0
te_0004427,0
te_0004428,0
te_0004429,0
te_0004430,0
te_0004431,0
te_0004432,0
te_0004433,0
te_0004434,0
te_0004435,0
te_0004436,0
te_0004437,0
te_0004438,0
te_0004439,0
te_0004440,0
te_0004441,0
te_0004442,0
te_0004443,0
te_0004444,0
te_0004445,0
te_0004446,0
te_0004447,0
te_0004448,0
te_0004449,0
te_0004450,0
te_0004451,0
te_0004452,0
te_0004453,0
te_0004454,0
te_0004455,0
te_0004456,0
te_0004457,0
te_0004458,0
te_0004459,0
te_0004460,0
te_0004461,0
te_0004462,0
te_0004463,0
te_0004464,0
te_0004465,0
te_0004466,0
te_0004467,0
te_0004468,0
te_0004469,0
te_0004470,0
te_0004471,0
te_0004472,0
te_0004473,0
te_0004474,0
te_0004475,0
te_0004476,0
te_0004477,0
te_0004478,0
te_0004479,0
te_0004480,0
te_0004481,0
te_0004482,0
te_0004483,0
te_0004484,0
te_0004485,0
te_0004486,0
te_0004487,0
te_0004488,0
te_0004489,0
te_0004490,0
te_0004491,0
te_0004492,0
te_0004493,0
te_0004494,0
te_0004495,0
te_0004496,0
te_0004497,0
te_0004498,0
te_0004499,0
te_0004500,0
te_0004501,0
te_0004502,0
te_0004503,0
te_0004504,0
te_0004505,0
te_0004506,0
te_0004507,0
te_0004508,0
te_0004509,0
te_0004510,0
te_0004511,0
te_0004512,0
te_0004513,0
te_0004514,0
te_0004515,0
te_0004516,0
te_0004517,0
te_0004518,0
te_0004519,0
te_0004520,0
te_0004521,0
te_0004522,0
te_0004523,0
te_0004524,0
te_0004525,0
te_0004526,0
te_0004527,0
te_0004528,0
te_0004529,0
te_0004530,0
te_0004531,0
te_0004532,0
te_0004533,0
te_0004534,0
te_0004535,0
te_0004536,0
te_0004537,0
te_0004538,0
te_0004539,0
te_0004540,0
te_0004541,0
te_0004542,0
te_0004543,0
te_0004544,0
te_0004545,0
te_0004546,0
te_0004547,0
te_0004548,0
te_0004549,0
te_0004550,0
te_0004551,0
te_0004552,0
te_0004553,0
te_0004554,0
te_0004555,0
te_0004556,0
te_0004557,0
te_0004558,0
te_0004559,0
te_0004560,0
te_0004561,0
te_0004562,0
te_0004563,0
te_0004564,0
te_0004565,0
te_0004566,0
te_0004567,0
te_0004568,0
te_0004569,0
te_0004570,0
te_0004571,0
te_0004572,0
te_0004573,0
te_0004574,0
te_0004575,0
te_0004576,0
te_0004577,0
te_0004578,0
te_0004579,0
te_0004580,0
te_0004581,0
te_0004582,0
te_0004583,0
te_0004584,0
te_0004585,0
te_0004586,0
te_0004587,0
te_0004588,0
te_0004589,0
te_0004590,0
te_0004591,0
te_0004592,0
te_0004593,0
te_0004594,0
te_0004595,0
te_0004596,0
te_0004597,0
te_0004598,0
te_0004599,0
te_0004600,0
te_0004601,0
te_0004602,0
te_0004603,0
te_0004604,0
te_0004605,0
te_0004606,0
te_0004607,0
te_0004608,0
te_0004609,0
te_0004610,0
te_0004611,0
te_0004612,0
te_0004613,0
te_0004614,0
te_0004615,0
te_0004616,0
te_0004617,0
te_0004618,0
te_0004619,0
te_0004620,0
te_0004621,0
te_0004622,0
te_0004623,0
te_0004624,0
te_0004625,0
te_0004626,0
te_0004627,0
te_0004628,0
te_0004629,0
te_0004630,0
te_0004631,0
te_0004632,0
te_0004633,0
te_0004634,0
te_0004635,0
te_0004636,0
te_0004637,0
te_0004638,0
te_0004639,0
te_0004640,0
te_0004641,0
te_0004642,0
te_0004643,0
te_0004644,0
te_0004645,0
te_0004646,0
te_0004647,0
te_0004648,0
te_0004649,0
te_0004650,0
te_0004651,0
te_0004652,0
te_0004653,0
te_0004654,0
te_0004655,0
te_0004656,0
te_0004657,0
te_0004658,0
te_0004659,0
te_0004660,0
te_0004661,0
te_0004662,0
te_0004663,0
te_0004664,0
te_0004665,0
te_0004666,0
te_0004667,0
te_0004668,0
te_0004669,0
te_0004670,0
te_0004671,0
te_0004672,0
te_0004673,0
te_0004674,0
te_0004675,0
te_0004676,0
te_0004677,0
te_0004678,0
te_0004679,0
te_0004680,0
te_0004681,0
te_0004682,0
te_0004683,0
te_0004684,0
te_0004685,0
te_0004686,0
te_0004687,0
te_0004688,0
te_0004689,0
te_0004690,0
te_0004691,0
te_0004692,0
te_0004693,0
te_0004694,0
te_0004695,0
te_0004696,0
te_0004697,0
te_0004698,0
te_0004699,0
te_0004700,0
te_0004701,0
te_0004702,0
te_0004703,0
te_0004704,0
te_0004705,0
te_0004706,0
te_0004707,0
te_0004708,0
te_0004709,0
te_0004710,0
te_0004711,0
te_0004712,0
te_0004713,0
te_0004714,0
te_0004715,0
te_0004716,0
te_0004717,0
te_0004718,0
te_0004719,0
te_0004720,0
te_0004721,0
te_0004722,0
te_0004723,0
te_0004724,0
te_0004725,0
te_0004726,0
te_0004727,0
te_0004728,0
te_0004729,0
te_0004730,0
te_0004731,0
te_0004732,0
te_0004733,0
te_0004734,0
te_0004735,0
te_0004736,0
te_0004737,0
te_0004738,0
te_0004739,0
te_0004740,0
te_0004741,0
te_0004742,0
te_0004743,0
te_0004744,0
te_0004745,0
te_0004746,0
te_0004747,0
te_0004748,0
te_0004749,0
te_0004750,0
te_0004751,0
te_0004752,0
te_0004753,0
te_0004754,0
te_0004755,0
te_0004756,0
te_0004757,0
te_0004758,0
te_0004759,0
te_0004760,0
te_0004761,0
te_0004762,0
te_0004763,0
te_0004764,0
te_0004765,0
te_0004766,0
te_0004767,0
te_0004768,0
te_0004769,0
te_0004770,0
te_0004771,0
te_0004772,0
te_0004773,0
te_0004774,0
te_0004775,0
te_0004776,0
te_0004777,0
te_0004778,0
te_0004779,0
te_0004780,0
te_0004781,0
te_0004782,0
te_0004783,0
te_0004784,0
te_0004785,0
te_0004786,0
te_0004787,0
te_0004788,0
te_0004789,0
te_0004790,0
te_0004791,0
te_0004792,0
te_0004793,0
te_0004794,0
te_0004795,0
te_0004796,0
te_0004797,0
te_0004798,0
te_0004799,0
te_0004800,0
te_0004801,0
te_0004802,0
te_0004803,0
te_0004804,0
te_0004805,0
te_0004806,0
te_0004807,0
te_0004808,0
te_0004809,0
te_0004810,0
te_0004811,0
te_0004812,0
te_0004813,0
te_0004814,0
te_0004815,0
te_0004816,0
te_0004817,0
te_0004818,0
te_0004819,0
te_0004820,0
te_0004821,0
te_0004822,0
te_0004823,0
te_0004824,0
te_0004825,0
te_0004826,0
te_0004827,0
te_0004828,0
te_0004829,0
te_0004830,0
te_0004831,0
te_0004832,0
te_0004833,0
te_0004834,0
te_0004835,0
te_0004836,0
te_0004837,0
te_0004838,0
te_0004839,0
te_0004840,0
te_0004841,0
te_0004842,0
te_0004843,0
te_0004844,0
te_0004845,0
te_0004846,0
te_0004847,0
te_0004848,0
te_0004849,0
te_0004850,0
te_0004851,0
te_0004852,0
te_0004853,0
te_0004854,0
te_0004855,0
te_0004856,0
te_0004857,0
te_0004858,0
te_0004859,0
te_0004860,0
te_0004861,0
te_0004862,0
te_0004863,0
te_0004864,0
te_0004865,0
te_0004866,0
te_0004867,0
te_0004868,0
te_0004869,0
te_0004870,0
te_0004871,0
te_0004872,0
te_0004873,0
te_0004874,0
te_0004875,0
te_0004876,0
te_0004877,0
te_0004878,0
te_0004879,0
te_0004880,0
te_0004881,0
te_0004882,0
te_0004883,0
te_0004884,0
te_0004885,0
te_0004886,0
te_0004887,0
te_0004888,0
te_0004889,0
te_0004890,0
te_0004891,0
te_0004892,0
te_0004893,0
te_0004894,0
te_0004895,0
te_0004896,0
te_0004897,0
te_0004898,0
te_0004899,0
te_0004900,0
te_0004901,0
te_0004902,0
te_0004903,0
te_0004904,0
te_0004905,0
te_0004906,0
te_0004907,0
te_0004908,0
te_0004909,0
te_0004910,0
te_0004911,0
te_0004912,0
te_0004913,0
te_0004914,0
te_0004915,0
te_0004916,0
te_0004917,0
te_0004918,0
te_0004919,0
te_0004920,0
te_0004921,0
te_0004922,0
te_0004923,0
te_0004924,0
te_0004925,0
te_0004926,0
te_0004927,0
te_0004928,0
te_0004929,0
te_0004930,0
te_0004931,0
te_0004932,0
te_0004933,0
te_0004934,0
te_0004935,0
te_0004936,0
te_0004937,0
te_0004938,0
te_0004939,0
te_0004940,0
te_0004941,0
te_0004942,0
te_0004943,0
te_0004944,0
te_0004945,0
te_0004946,0
te_0004947,0
te_0004948,0
te_0004949,0
te_0004950,0
te_0004951,0
te_0004952,0
te_0004953,0
te_0004954,0
te_0004955,0
te_0004956,0
te_0004957,0
te_0004958,0
te_0004959,0
te_0004960,0
te_0004961,0
te_0004962,0
te_0004963,0
te_0004964,0
te_0004965,0
te_0004966,0
te_0004967,0
te_0004968,0
te_0004969,0
te_0004970,0
te_0004971,0
te_0004972,0
te_0004973,0
te_0004974,0
te_0004975,0
te_0004976,0
te_0004977,0
te_0004978,0
te_0004979,0
te_0004980,0
te_0004981,0
te_0004982,0
te_0004983,0
te_0004984,0
te_0004985,0
te_0004986,0
te_0004987,0
te_0004988,0
te_0004989,0
te_0004990,0
te_0004991,0
te_0004992,0
te_0004993,0
te_0004994,0
te_0004995,0
te_0004996,0
te_0004997,0
te_0004998,0
te_0004999,0
te_0005000,0
te_0005001,0
te_0005002,0
te_0005003,0
te_0005004,0
te_0005005,0
te_0005006,0
te_0005007,0
te_0005008,0
te_0005009,0
te_0005010,0
te_0005011,0
te_0005012,0
te_0005013,0
te_0005014,0
te_0005015,0
te_0005016,0
te_0005017,0
te_0005018,0
te_0005019,0
te_0005020,0
te_0005021,0
te_0005022,0
te_0005023,0
te_0005024,0
te_0005025,0
te_0005026,0
te_0005027,0
te_0005028,0
te_0005029,0
te_0005030,0
te_0005031,0
te_0005032,0
te_0005033,0
te_0005034,0
te_0005035,0
te_0005036,0
te_0005037,0
te_0005038,0
te_0005039,0
te_0005040,0
te_0005041,0
te_0005042,0
te_0005043,0
te_0005044,0
te_0005045,0
te_0005046,0
te_0005047,0
te_0005048,0
te_0005049,0
te_0005050,0
te_0005051,0
te_0005052,0
te_0005053,0
te_0005054,0
te_0005055,0
te_0005056,0
te_0005057,0
te_0005058,0
te_0005059,0
te_0005060,0
te_0005061,0
te_0005062,0
te_0005063,0
te_0005064,0
te_0005065,0
te_0005066,0
te_0005067,0
te_0005068,0
te_0005069,0
te_0005070,0
te_0005071,0
te_0005072,0
te_0005073,0
te_0005074,0
te_0005075,0
te_0005076,0
te_0005077,0
te_0005078,0
te_0005079,0
te_0005080,0
te_0005081,0
te_0005082,0
te_0005083,0
te_0005084,0
te_0005085,0
te_0005086,0
te_0005087,0
te_0005088,0
te_0005089,0
te_0005090,0
te_0005091,0
te_0005092,0
te_0005093,0
te_0005094,0
te_0005095,0
te_0005096,0
te_0005097,0
te_0005098,0
te_0005099,0
te_0005100,0
te_0005101,0
te_0005102,0
te_0005103,0
te_0005104,0
te_0005105,0
te_0005106,0
te_0005107,0
te_0005108,0
te_0005109,0
te_0005110,0
te_0005111,0
te_0005112,0
te_0005113,0
te_0005114,0
te_0005115,0
te_0005116,0
te_0005117,0
te_0005118,0
te_0005119,0
te_0005120,0
te_0005121,0
te_0005122,0
te_0005123,0
te_0005124,0
te_0005125,0
te_0005126,0
te_0005127,0
te_0005128,0
te_0005129,0
te_0005130,0
te_0005131,0
te_0005132,0
te_0005133,0
te_0005134,0
te_0005135,0
te_0005136,0
te_0005137,0
te_0005138,0
te_0005139,0
te_0005140,0
te_0005141,0
te_0005142,0
te_0005143,0
te_0005144,0
te_0005145,0
te_0005146,0
te_0005147,0
te_0005148,0
te_0005149,0
te_0005150,0
te_0005151,0
te_0005152,0
te_0005153,0
te_0005154,0
te_0005155,0
te_0005156,0
te_0005157,0
te_0005158,0
te_0005159,0
te_0005160,0
te_0005161,0
te_0005162,0
te_0005163,0
te_0005164,0
te_0005165,0
te_0005166,0
te_0005167,0
te_0005168,0
te_0005169,0
te_0005170,0
te_0005171,0
te_0005172,0
te_0005173,0
te_0005174,0
te_0005175,0
te_0005176,0
te_0005177,0
te_0005178,0
te_0005179,0
te_0005180,0
te_0005181,0
te_0005182,0
te_0005183,0
te_0005184,0
te_0005185,0
te_0005186,0
te_0005187,0
te_0005188,0
te_0005189,0
te_0005190,0
te_0005191,0
te_0005192,0
te_0005193,0
te_0005194,0
te_0005195,0
te_0005196,0
te_0005197,0
te_0005198,0
te_0005199,0
te_0005200,0
te_0005201,0
te_0005202,0
te_0005203,0
te_0005204,0
te_0005205,0
te_0005206,0
te_0005207,0
te_0005208,0
te_0005209,0
te_0005210,0
te_0005211,0
te_0005212,0
te_0005213,0
te_0005214,0
te_0005215,0
te_0005216,0
te_0005217,0
te_0005218,0
te_0005219,0
te_0005220,0
te_0005221,0
te_0005222,0
te_0005223,0
te_0005224,0
te_0005225,0
te_0005226,0
te_0005227,0
te_0005228,0
te_0005229,0
te_0005230,0
te_0005231,0
te_0005232,0
te_0005233,0
te_0005234,0
te_0005235,0
te_0005236,0
te_0005237,0
te_0005238,0
te_0005239,0
te_0005240,0
te_0005241,0
te_0005242,0
te_0005243,0
te_0005244,0
te_0005245,0
te_0005246,0
te_0005247,0
te_0005248,0
te_0005249,0
te_0005250,0
te_0005251,0
te_0005252,0
te_0005253,0
te_0005254,0
te_0005255,0
te_0005256,0
te_0005257,0
te_0005258,0
te_0005259,0
te_0005260,0
te_0005261,0
te_0005262,0
te_0005263,0
te_0005264,0
te_0005265,0
te_0005266,0
te_0005267,0
te_0005268,0
te_0005269,0
te_0005270,0
te_0005271,0
te_0005272,0
te_0005273,0
te_0005274,0
te_0005275,0
te_0005276,0
te_0005277,0
te_0005278,0
te_0005279,0
te_0005280,0
te_0005281,0
te_0005282,0
te_0005283,0
te_0005284,0
te_0005285,0
te_0005286,0
te_0005287,0
te_0005288,0
te_0005289,0
te_0005290,0
te_0005291,0
te_0005292,0
te_0005293,0
te_0005294,0
te_0005295,0
te_0005296,0
te_0005297,0
te_0005298,0
te_0005299,0
te_0005300,0
te_0005301,0
te_0005302,0
te_0005303,0
te_0005304,0
te_0005305,0
te_0005306,0
te_0005307,0
te_0005308,0
te_0005309,0
te_0005310,0
te_0005311,0
te_0005312,0
te_0005313,0
te_0005314,0
te_0005315,0
te_0005316,0
te_0005317,0
te_0005318,0
te_0005319,0
te_0005320,0
te_0005321,0
te_0005322,0
te_0005323,0
te_0005324,0
te_0005325,0
te_0005326,0
te_0005327,0
te_0005328,0
te_0005329,0
te_0005330,0
te_0005331,0
te_0005332,0
te_0005333,0
te_0005334,0
te_0005335,0
te_0005336,0
te_0005337,0
te_0005338,0
te_0005339,0
te_0005340,0
te_0005341,0
te_0005342,0
te_0005343,0
te_0005344,0
te_0005345,0
te_0005346,0
te_0005347,0
te_0005348,0
te_0005349,0
te_0005350,0
te_0005351,0
te_0005352,0
te_0005353,0
te_0005354,0
te_0005355,0
te_0005356,0
te_0005357,0
te_0005358,0
te_0005359,0
te_0005360,0
te_0005361,0
te_0005362,0
te_0005363,0
te_0005364,0
te_0005365,0
te_0005366,0
te_0005367,0
te_0005368,0
te_0005369,0
te_0005370,0
te_0005371,0
te_0005372,0
te_0005373,0
te_0005374,0
te_0005375,0
te_0005376,0
te_0005377,0
te_0005378,0
te_0005379,0
te_0005380,0
te_0005381,0
te_0005382,0
te_0005383,0
te_0005384,0
te_0005385,0
te_0005386,0
te_0005387,0
te_0005388,0
te_0005389,0
te_0005390,0
te_0005391,0
te_0005392,0
te_0005393,0
te_0005394,0
te_0005395,0
te_0005396,0
te_0005397,0
te_0005398,0
te_0005399,0
te_0005400,0
te_0005401,0
te_0005402,0
te_0005403,0
te_0005404,0
te_0005405,0
te_0005406,0
te_0005407,0
te_0005408,0
te_0005409,0
te_0005410,0
te_0005411,0
te_0005412,0
te_0005413,0
te_0005414,0
te_0005415,0
te_0005416,0
te_0005417,0
te_0005418,0
te_0005419,0
te_0005420,0
te_0005421,0
te_0005422,0
te_0005423,0
te_0005424,0
te_0005425,0
te_0005426,0
te_0005427,0
te_0005428,0
te_0005429,0
te_0005430,0
te_0005431,0
te_0005432,0
te_0005433,0
te_0005434,0
te_0005435,0
te_0005436,0
te_0005437,0
te_0005438,0
te_0005439,0
te_0005440,0
te_0005441,0
te_0005442,0
te_0005443,0
te_0005444,0
te_0005445,0
te_0005446,0
te_0005447,0
te_0005448,0
te_0005449,0
te_0005450,0
te_0005451,0
te_0005452,0
te_0005453,0
te_0005454,0
te_0005455,0
te_0005456,0
te_0005457,0
te_0005458,0
te_0005459,0
te_0005460,0
te_0005461,0
te_0005462,0
te_0005463,0
te_0005464,0
te_0005465,0
te_0005466,0
te_0005467,0
te_0005468,0
te_0005469,0
te_0005470,0
te_0005471,0
te_0005472,0
te_0005473,0
te_0005474,0
te_0005475,0
te_0005476,0
te_0005477,0
te_0005478,0
te_0005479,0
te_0005480,0
te_0005481,0
te_0005482,0
te_0005483,0
te_0005484,0
te_0005485,0
te_0005486,0
te_0005487,0
te_0005488,0
te_0005489,0
te_0005490,0
te_0005491,0
te_0005492,0
te_0005493,0
te_0005494,0
te_0005495,0
te_0005496,0
te_0005497,0
te_0005498,0
te_0005499,0
te_0005500,0
te_0005501,0
te_0005502,0
te_0005503,0
te_0005504,0
te_0005505,0
te_0005506,0
te_0005507,0
te_0005508,0
te_0005509,0
te_0005510,0
te_0005511,0
te_0005512,0
te_0005513,0
te_0005514,0
te_0005515,0
te_0005516,0
te_0005517,0
te_0005518,0
te_0005519,0
te_0005520,0
te_0005521,0
te_0005522,0
te_0005523,0
te_0005524,0
te_0005525,0
te_0005526,0
te_0005527,0
te_0005528,0
te_0005529,0
te_0005530,0
te_0005531,0
te_0005532,0
te_0005533,0
te_0005534,0
te_0005535,0
te_0005536,0
te_0005537,0
te_0005538,0
te_0005539,0
te_0005540,0
te_0005541,0
te_0005542,0
te_0005543,0
te_0005544,0
te_0005545,0
te_0005546,0
te_0005547,0
te_0005548,0
te_0005549,0
te_0005550,0
te_0005551,0
te_0005552,0
te_0005553,0
te_0005554,0
te_0005555,0
te_0005556,0
te_0005557,0
te_0005558,0
te_0005559,0
te_0005560,0
te_0005561,0
te_0005562,0
te_0005563,0
te_0005564,0
te_0005565,0
te_0005566,0
te_0005567,0
te_0005568,0
te_0005569,0
te_0005570,0
te_0005571,0
te_0005572,0
te_0005573,0
te_0005574,0
te_0005575,0
te_0005576,0
te_0005577,0
te_0005578,0
te_0005579,0
te_0005580,0
te_0005581,0
te_0005582,0
te_0005583,0
te_0005584,0
te_0005585,0
te_0005586,0
te_0005587,0
te_0005588,0
te_0005589,0
te_0005590,0
te_0005591,0
te_0005592,0
te_0005593,0
te_0005594,0
te_0005595,0
te_0005596,0
te_0005597,0
te_0005598,0
te_0005599,0
te_0005600,0
te_0005601,0
te_0005602,0
te_0005603,0
te_0005604,0
te_0005605,0
te_0005606,0
te_0005607,0
te_0005608,0
te_0005609,0
te_0005610,0
te_0005611,0
te_0005612,0
te_0005613,0
te_0005614,0
te_0005615,0
te_0005616,0
te_0005617,0
te_0005618,0
te_0005619,0
te_0005620,0
te_0005621,0
te_0005622,0
te_0005623,0
te_0005624,0
te_0005625,0
te_0005626,0
te_0005627,0
te_0005628,0
te_0005629,0
te_0005630,0
te_0005631,0
te_0005632,0
te_0005633,0
te_0005634,0
te_0005635,0
te_0005636,0
te_0005637,0
te_0005638,0
te_0005639,0
te_0005640,0
te_0005641,0
te_0005642,0
te_0005643,0
te_0005644,0
te_0005645,0
te_0005646,0
te_0005647,0
te_0005648,0
te_0005649,0
te_0005650,0
te_0005651,0
te_0005652,0
te_0005653,0
te_0005654,0
te_0005655,0
te_0005656,0
te_0005657,0
te_0005658,0
te_0005659,0
te_0005660,0
te_0005661,0
te_0005662,0
te_0005663,0
te_0005664,0
te_0005665,0
te_0005666,0
te_0005667,0
te_0005668,0
te_0005669,0
te_0005670,0
te_0005671,0
te_0005672,0
te_0005673,0
te_0005674,0
te_0005675,0
te_0005676,0
te_0005677,0
te_0005678,0
te_0005679,0
te_0005680,0
te_0005681,0
te_0005682,0
te_0005683,0
te_0005684,0
te_0005685,0
te_0005686,0
te_0005687,0
te_0005688,0
te_0005689,0
te_0005690,0
te_0005691,0
te_0005692,0
te_0005693,0
te_0005694,0
te_0005695,0
te_0005696,0
te_0005697,0
te_0005698,0
te_0005699,0
te_0005700,0
te_0005701,0
te_0005702,0
te_0005703,0
te_0005704,0
te_0005705,0
te_0005706,0
te_0005707,0
te_0005708,0
te_0005709,0
te_0005710,0
te_0005711,0
te_0005712,0
te_0005713,0
te_0005714,0
te_0005715,0
te_0005716,0
te_0005717,0
te_0005718,0
te_0005719,0
te_0005720,0
te_0005721,0
te_0005722,0
te_0005723,0
te_0005724,0
te_0005725,0
te_0005726,0
te_0005727,0
te_0005728,0
te_0005729,0
te_0005730,0
te_0005731,0
te_0005732,0
te_0005733,0
te_0005734,0
te_0005735,0
te_0005736,0
te_0005737,0
te_0005738,0
te_0005739,0
te_0005740,0
te_0005741,0
te_0005742,0
te_0005743,0
te_0005744,0
te_0005745,0
te_0005746,0
te_0005747,0
te_0005748,0
te_0005749,0
te_0005750,0
te_0005751,0
te_0005752,0
te_0005753,0
te_0005754,0
te_0005755,0
te_0005756,0
te_0005757,0
te_0005758,0
te_0005759,0
te_0005760,0
te_0005761,0
te_0005762,0
te_0005763,0
te_0005764,0
te_0005765,0
te_0005766,0
te_0005767,0
te_0005768,0
te_0005769,0
te_0005770,0
te_0005771,0
te_0005772,0
te_0005773,0
te_0005774,0
te_0005775,0
te_0005776,0
te_0005777,0
te_0005778,0
te_0005779,0
te_0005780,0
te_0005781,0
te_0005782,0
te_0005783,0
te_0005784,0
te_0005785,0
te_0005786,0
te_0005787,0
te_0005788,0
te_0005789,0
te_0005790,0
te_0005791,0
te_0005792,0
te_0005793,0
te_0005794,0
te_0005795,0
te_0005796,0
te_0005797,0
te_0005798,0
te_0005799,0
te_0005800,0
te_0005801,0
te_0005802,0
te_0005803,0
te_0005804,0
te_0005805,0
te_0005806,0
te_0005807,0
te_0005808,0
te_0005809,0
te_0005810,0
te_0005811,0
te_0005812,0
te_0005813,0
te_0005814,0
te_0005815,0
te_0005816,0
te_0005817,0
te_0005818,0
te_0005819,0
te_0005820,0
te_0005821,0
te_0005822,0
te_0005823,0
te_0005824,0
te_0005825,0
te_0005826,0
te_0005827,0
te_0005828,0
te_0005829,0
te_0005830,0
te_0005831,0
te_0005832,0
te_0005833,0
te_0005834,0
te_0005835,0
te_0005836,0
te_0005837,0
te_0005838,0
te_0005839,0
te_0005840,0
te_0005841,0
te_0005842,0
te_0005843,0
te_0005844,0
te_0005845,0
te_0005846,0
te_0005847,0
te_0005848,0
te_0005849,0
te_0005850,0
te_0005851,0
te_0005852,0
te_0005853,0
te_0005854,0
te_0005855,0
te_0005856,0
te_0005857,0
te_0005858,0
te_0005859,0
te_0005860,0
te_0005861,0
te_0005862,0
te_0005863,0
te_0005864,0
te_0005865,0
te_0005866,0
te_0005867,0
te_0005868,0
te_0005869,0
te_0005870,0
te_0005871,0
te_0005872,0
te_0005873,0
te_0005874,0
te_0005875,0
te_0005876,0
te_0005877,0
te_0005878,0
te_0005879,0
te_0005880,0
te_0005881,0
te_0005882,0
te_0005883,0
te_0005884,0
te_0005885,0
te_0005886,0
te_0005887,0
te_0005888,0
te_0005889,0
te_0005890,0
te_0005891,0
te_0005892,0
te_0005893,0
te_0005894,0
te_0005895,0
te_0005896,0
te_0005897,0
te_0005898,0
te_0005899,0
te_0005900,0
te_0005901,0
te_0005902,0
te_0005903,0
te_0005904,0
te_0005905,0
te_0005906,0
te_0005907,0
te_0005908,0
te_0005909,0
te_0005910,0
te_0005911,0
te_0005912,0
te_0005913,0
te_0005914,0
te_0005915,0
te_0005916,0
te_0005917,0
te_0005918,0
te_0005919,0
te_0005920,0
te_0005921,0
te_0005922,0
te_0005923,0
te_0005924,0
te_0005925,0
te_0005926,0
te_0005927,0
te_0005928,0
te_0005929,0
te_0005930,0
te_0005931,0
te_0005932,0
te_0005933,0
te_0005934,0
te_0005935,0
te_0005936,0
te_0005937,0
te_0005938,0
te_0005939,0
te_0005940,0
te_0005941,0
te_0005942,0
te_0005943,0
te_0005944,0
te_0005945,0
te_0005946,0
te_0005947,0
te_0005948,0
te_0005949,0
te_0005950,0
te_0005951,0
te_0005952,0
te_0005953,0
te_0005954,0
te_0005955,0
te_0005956,0
te_0005957,0
te_0005958,0
te_0005959,0
te_0005960,0
te_0005961,0
te_0005962,0
te_0005963,0
te_0005964,0
te_0005965,0
te_0005966,0
te_0005967,0
te_0005968,0
te_0005969,0
te_0005970,0
te_0005971,0
te_0005972,0
te_0005973,0
te_0005974,0
te_0005975,0
te_0005976,0
te_0005977,0
te_0005978,0
te_0005979,0
te_0005980,0
te_0005981,0
te_0005982,0
te_0005983,0
te_0005984,0
te_0005985,0
te_0005986,0
te_0005987,0
te_0005988,0
te_0005989,0
te_0005990,0
te_0005991,0
te_0005992,0
te_0005993,0
te_0005994,0
te_0005995,0
te_0005996,0
te_0005997,0
te_0005998,0
te_0005999,0
te_0006000,0
te_0006001,0
te_0006002,0
te_0006003,0
te_0006004,0
te_0006005,0
te_0006006,0
te_0006007,0
te_0006008,0
te_0006009,0
te_0006010,0
te_0006011,0
te_0006012,0
te_0006013,0
te_0006014,0
te_0006015,0
te_0006016,0
te_0006017,0
te_0006018,0
te_0006019,0
te_0006020,0
te_0006021,0
te_0006022,0
te_0006023,0
te_0006024,0
te_0006025,0
te_0006026,0
te_0006027,0
te_0006028,0
te_0006029,0
te_0006030,0
te_0006031,0
te_0006032,0
te_0006033,0
te_0006034,0
te_0006035,0
te_0006036,0
te_0006037,0
te_0006038,0
te_0006039,0
te_0006040,0
te_0006041,0
te_0006042,0
te_0006043,0
te_0006044,0
te_0006045,0
te_0006046,0
te_0006047,0
te_0006048,0
te_0006049,0
te_0006050,0
te_0006051,0
te_0006052,0
te_0006053,0
te_0006054,0
te_0006055,0
te_0006056,0
te_0006057,0
te_0006058,0
te_0006059,0
te_0006060,0
te_0006061,0
te_0006062,0
te_0006063,0
te_0006064,0
te_0006065,0
te_0006066,0
te_0006067,0
te_0006068,0
te_0006069,0
te_0006070,0
te_0006071,0
te_0006072,0
te_0006073,0
te_0006074,0
te_0006075,0
te_0006076,0
te_0006077,0
te_0006078,0
te_0006079,0
te_0006080,0
te_0006081,0
te_0006082,0
te_0006083,0
te_0006084,0
te_0006085,0
te_0006086,0
te_0006087,0
te_0006088,0
te_0006089,0
te_0006090,0
te_0006091,0
te_0006092,0
te_0006093,0
te_0006094,0
te_0006095,0
te_0006096,0
te_0006097,0
te_0006098,0
te_0006099,0
te_0006100,0
te_0006101,0
te_0006102,0
te_0006103,0
te_0006104,0
te_0006105,0
te_0006106,0
te_0006107,0
te_0006108,0
te_0006109,0
te_0006110,0
te_0006111,0
te_0006112,0
te_0006113,0
te_0006114,0
te_0006115,0
te_0006116,0
te_0006117,0
te_0006118,0
te_0006119,0
te_0006120,0
te_0006121,0
te_0006122,0
te_0006123,0
te_0006124,0
te_0006125,0
te_0006126,0
te_0006127,0
te_0006128,0
te_0006129,0
te_0006130,0
te_0006131,0
te_0006132,0
te_0006133,0
te_0006134,0
te_0006135,0
te_0006136,0
te_0006137,0
te_0006138,0
te_0006139,0
te_0006140,0
te_0006141,0
te_0006142,0
te_0006143,0
te_0006144,0
te_0006145,0
te_0006146,0
te_0006147,0
te_0006148,0
te_0006149,0
te_0006150,0
te_0006151,0
te_0006152,0
te_0006153,0
te_0006154,0
te_0006155,0
te_0006156,0
te_0006157,0
te_0006158,0
te_0006159,0
te_0006160,0
te_0006161,0
te_0006162,0
te_0006163,0
te_0006164,0
te_0006165,0
te_0006166,0
te_0006167,0
te_0006168,0
te_0006169,0
te_0006170,0
te_0006171,0
te_0006172,0
te_0006173,0
te_0006174,0
te_0006175,0
te_0006176,0
te_0006177,0
te_0006178,0
te_0006179,0
te_0006180,0
te_0006181,0
te_0006182,0
te_0006183,0
te_0006184,0
te_0006185,0
te_0006186,0
te_0006187,0
te_0006188,0
te_0006189,0
te_0006190,0
te_0006191,0
te_0006192,0
te_0006193,0
te_0006194,0
te_0006195,0
te_0006196,0
te_0006197,0
te_0006198,0
te_0006199,0
te_0006200,0
te_0006201,0
te_0006202,0
te_0006203,0
te_0006204,0
te_0006205,0
te_0006206,0
te_0006207,0
te_0006208,0
te_0006209,0
te_0006210,0
te_0006211,0
te_0006212,0
te_0006213,0
te_0006214,0
te_0006215,0
te_0006216,0
te_0006217,0
te_0006218,0
te_0006219,0
te_0006220,0
te_0006221,0
te_0006222,0
te_0006223,0
te_0006224,0
te_0006225,0
te_0006226,0
te_0006227,0
te_0006228,0
te_0006229,0
te_0006230,0
te_0006231,0
te_0006232,0
te_0006233,0
te_0006234,0
te_0006235,0
te_0006236,0
te_0006237,0
te_0006238,0
te_0006239,0
te_0006240,0
te_0006241,0
te_0006242,0
te_0006243,0
te_0006244,0
te_0006245,0
te_0006246,0
te_0006247,0
te_0006248,0
te_0006249,0
te_0006250,0
te_0006251,0
te_0006252,0
te_0006253,0
te_0006254,0
te_0006255,0
te_0006256,0
te_0006257,0
te_0006258,0
te_0006259,0
te_0006260,0
te_0006261,0
te_0006262,0
te_0006263,0
te_0006264,0
te_0006265,0
te_0006266,0
te_0006267,0
te_0006268,0
te_0006269,0
te_0006270,0
te_0006271,0
te_0006272,0
te_0006273,0
te_0006274,0
te_0006275,0
te_0006276,0
te_0006277,0
te_0006278,0
te_0006279,0
te_0006280,0
te_0006281,0
te_0006282,0
te_0006283,0
te_0006284,0
te_0006285,0
te_0006286,0
te_0006287,0
te_0006288,0
te_0006289,0
te_0006290,0
te_0006291,0
te_0006292,0
te_0006293,0
te_0006294,0
te_0006295,0
te_0006296,0
te_0006297,0
te_0006298,0
te_0006299,0
te_0006300,0
te_0006301,0
te_0006302,0
te_0006303,0
te_0006304,0
te_0006305,0
te_0006306,0
te_0006307,0
te_0006308,0
te_0006309,0
te_0006310,0
te_0006311,0
te_0006312,0
te_0006313,0
te_0006314,0
te_0006315,0
te_0006316,0
te_0006317,0
te_0006318,0
te_0006319,0
te_0006320,0
te_0006321,0
te_0006322,0
te_0006323,0
te_0006324,0
te_0006325,0
te_0006326,0
te_0006327,0
te_0006328,0
te_0006329,0
te_0006330,0
te_0006331,0
te_0006332,0
te_0006333,0
te_0006334,0
te_0006335,0
te_0006336,0
te_0006337,0
te_0006338,0
te_0006339,0
te_0006340,0
te_0006341,0
te_0006342,0
te_0006343,0
te_0006344,0
te_0006345,0
te_0006346,0
te_0006347,0
te_0006348,0
te_0006349,0
te_0006350,0
te_0006351,0
te_0006352,0
te_0006353,0
te_0006354,0
te_0006355,0
te_0006356,0
te_0006357,0
te_0006358,0
te_0006359,0
te_0006360,0
te_0006361,0
te_0006362,0
te_0006363,0
te_0006364,0
te_0006365,0
te_0006366,0
te_0006367,0
te_0006368,0
te_0006369,0
te_0006370,0
te_0006371,0
te_0006372,0
te_0006373,0
te_0006374,0
te_0006375,0
te_0006376,0
te_0006377,0
te_0006378,0
te_0006379,0
te_0006380,0
te_0006381,0
te_0006382,0
te_0006383,0
te_0006384,0
te_0006385,0
te_0006386,0
te_0006387,0
te_0006388,0
te_0006389,0
te_0006390,0
te_0006391,0
te_0006392,0
te_0006393,0
te_0006394,0
te_0006395,0
te_0006396,0
te_0006397,0
te_0006398,0
te_0006399,0
te_0006400,0
te_0006401,0
te_0006402,0
te_0006403,0
te_0006404,0
te_0006405,0
te_0006406,0
te_0006407,0
te_0006408,0
te_0006409,0
te_0006410,0
te_0006411,0
te_0006412,0
te_0006413,0
te_0006414,0
te_0006415,0
te_0006416,0
te_0006417,0
te_0006418,0
te_0006419,0
te_0006420,0
te_0006421,0
te_0006422,0
te_0006423,0
te_0006424,0
te_0006425,0
te_0006426,0
te_0006427,0
te_0006428,0
te_0006429,0
te_0006430,0
te_0006431,0
te_0006432,0
te_0006433,0
te_0006434,0
te_0006435,0
te_0006436,0
te_0006437,0
te_0006438,0
te_0006439,0
te_0006440,0
te_0006441,0
te_0006442,0
te_0006443,0
te_0006444,0
te_0006445,0
te_0006446,0
te_0006447,0
te_0006448,0
te_0006449,0
te_0006450,0
te_0006451,0
te_0006452,0
te_0006453,0
te_0006454,0
te_0006455,0
te_0006456,0
te_0006457,0
te_0006458,0
te_0006459,0
te_0006460,0
te_0006461,0
te_0006462,0
te_0006463,0
te_0006464,0
te_0006465,0
te_0006466,0
te_0006467,0
te_0006468,0
te_0006469,0
te_0006470,0
te_0006471,0
te_0006472,0
te_0006473,0
te_0006474,0
te_0006475,0
te_0006476,0
te_0006477,0
te_0006478,0
te_0006479,0
te_0006480,0
te_0006481,0
te_0006482,0
te_0006483,0
te_0006484,0
te_0006485,0
te_0006486,0
te_0006487,0
te_0006488,0
te_0006489,0
te_0006490,0
te_0006491,0
te_0006492,0
te_0006493,0
te_0006494,0
te_0006495,0
te_0006496,0
te_0006497,0
te_0006498,0
te_0006499,0
te_0006500,0
te_0006501,0
te_0006502,0
te_0006503,0
te_0006504,0
te_0006505,0
te_0006506,0
te_0006507,0
te_0006508,0
te_0006509,0
te_0006510,0
te_0006511,0
te_0006512,0
te_0006513,0
te_0006514,0
te_0006515,0
te_0006516,0
te_0006517,0
te_0006518,0
te_0006519,0
te_0006520,0
te_0006521,0
te_0006522,0
te_0006523,0
te_0006524,0
te_0006525,0
te_0006526,0
te_0006527,0
te_0006528,0
te_0006529,0
te_0006530,0
te_0006531,0
te_0006532,0
te_0006533,0
te_0006534,0
te_0006535,0
te_0006536,0
te_0006537,0
te_0006538,0
te_0006539,0
te_0006540,0
te_0006541,0
te_0006542,0
te_0006543,0
te_0006544,0
te_0006545,0
te_0006546,0
te_0006547,0
te_0006548,0
te_0006549,0
te_0006550,0
te_0006551,0
te_0006552,0
te_0006553,0
te_0006554,0
te_0006555,0
te_0006556,0
te_0006557,0
te_0006558,0
te_0006559,0
te_0006560,0
te_0006561,0
te_0006562,0
te_0006563,0
te_0006564,0
te_0006565,0
te_0006566,0
te_0006567,0
te_0006568,0
te_0006569,0
te_0006570,0
te_0006571,0
te_0006572,0
te_0006573,0
te_0006574,0
te_0006575,0
te_0006576,0
te_0006577,0
te_0006578,0
te_0006579,0
te_0006580,0
te_0006581,0
te_0006582,0
te_0006583,0
te_0006584,0
te_0006585,0
te_0006586,0
te_0006587,0
te_0006588,0
te_0006589,0
te_0006590,0
te_0006591,0
te_0006592,0
te_0006593,0
te_0006594,0
te_0006595,0
te_0006596,0
te_0006597,0
te_0006598,0
te_0006599,0
te_0006600,0
te_0006601,0
te_0006602,0
te_0006603,0
te_0006604,0
te_0006605,0
te_0006606,0
te_0006607,0
te_0006608,0
te_0006609,0
te_0006610,0
te_0006611,0
te_0006612,0
te_0006613,0
te_0006614,0
te_0006615,0
te_0006616,0
te_0006617,0
te_0006618,0
te_0006619,0
te_0006620,0
te_0006621,0
te_0006622,0
te_0006623,0
te_0006624,0
te_0006625,0
te_0006626,0
te_0006627,0
te_0006628,0
te_0006629,0
te_0006630,0
te_0006631,0
te_0006632,0
te_0006633,0
te_0006634,0
te_0006635,0
te_0006636,0
te_0006637,0
te_0006638,0
te_0006639,0
te_0006640,0
te_0006641,0
te_0006642,0
te_0006643,0
te_0006644,0
te_0006645,0
te_0006646,0
te_0006647,0
te_0006648,0
te_0006649,0
te_0006650,0
te_0006651,0
te_0006652,0
te_0006653,0
te_0006654,0
te_0006655,0
te_0006656,0
te_0006657,0
te_0006658,0
te_0006659,0
te_0006660,0
te_0006661,0
te_0006662,0
te_0006663,0
te_0006664,0
te_0006665,0
te_0006666,0
te_0006667,0
te_0006668,0
te_0006669,0
te_0006670,0
te_0006671,0
te_0006672,0
te_0006673,0
te_0006674,0
te_0006675,0
te_0006676,0
te_0006677,0
te_0006678,0
te_0006679,0
te_0006680,0
te_0006681,0
te_0006682,0
te_0006683,0
te_0006684,0
te_0006685,0
te_0006686,0
te_0006687,0
te_0006688,0
te_0006689,0
te_0006690,0
te_0006691,0
te_0006692,0
te_0006693,0
te_0006694,0
te_0006695,0
te_0006696,0
te_0006697,0
te_0006698,0
te_0006699,0
te_0006700,0
te_0006701,0
te_0006702,0
te_0006703,0
te_0006704,0
te_0006705,0
te_0006706,0
te_0006707,0
te_0006708,0
te_0006709,0
te_0006710,0
te_0006711,0
te_0006712,0
te_0006713,0
te_0006714,0
te_0006715,0
te_0006716,0
te_0006717,0
te_0006718,0
te_0006719,0
te_0006720,0
te_0006721,0
te_0006722,0
te_0006723,0
te_0006724,0
te_0006725,0
te_0006726,0
te_0006727,0
te_0006728,0
te_0006729,0
te_0006730,0
te_0006731,0
te_0006732,0
te_0006733,0
te_0006734,0
te_0006735,0
te_0006736,0
te_0006737,0
te_0006738,0
te_0006739,0
te_0006740,0
te_0006741,0
te_0006742,0
te_0006743,0
te_0006744,0
te_0006745,0
te_0006746,0
te_0006747,0
te_0006748,0
te_0006749,0
te_0006750,0
te_0006751,0
te_0006752,0
te_0006753,0
te_0006754,0
te_0006755,0
te_0006756,0
te_0006757,0
te_0006758,0
te_0006759,0
te_0006760,0
te_0006761,0
te_0006762,0
te_0006763,0
te_0006764,0
te_0006765,0
te_0006766,0
te_0006767,0
te_0006768,0
te_0006769,0
te_0006770,0
te_0006771,0
te_0006772,0
te_0006773,0
te_0006774,0
te_0006775,0
te_0006776,0
te_0006777,0
te_0006778,0
te_0006779,0
te_0006780,0
te_0006781,0
te_0006782,0
te_0006783,0
te_0006784,0
te_0006785,0
te_0006786,0
te_0006787,0
te_0006788,0
te_0006789,0
te_0006790,0
te_0006791,0
te_0006792,0
te_0006793,0
te_0006794,0
te_0006795,0
te_0006796,0
te_0006797,0
te_0006798,0
te_0006799,0
te_0006800,0
te_0006801,0
te_0006802,0
te_0006803,0
te_0006804,0
te_0006805,0
te_0006806,0
te_0006807,0
te_0006808,0
te_0006809,0
te_0006810,0
te_0006811,0
te_0006812,0
te_0006813,0
te_0006814,0
te_0006815,0
te_0006816,0
te_0006817,0
te_0006818,0
te_0006819,0
te_0006820,0
te_0006821,0
te_0006822,0
te_0006823,0
te_0006824,0
te_0006825,0
te_0006826,0
te_0006827,0
te_0006828,0
te_0006829,0
te_0006830,0
te_0006831,0
te_0006832,0
te_0006833,0
te_0006834,0
te_0006835,0
te_0006836,0
te_0006837,0
te_0006838,0
te_0006839,0
te_0006840,0
te_0006841,0
te_0006842,0
te_0006843,0
te_0006844,0
te_0006845,0
te_0006846,0
te_0006847,0
te_0006848,0
te_0006849,0
te_0006850,0
te_0006851,0
te_0006852,0
te_0006853,0
te_0006854,0
te_0006855,0
te_0006856,0
te_0006857,0
te_0006858,0
te_0006859,0
te_0006860,0
te_0006861,0
te_0006862,0
te_0006863,0
te_0006864,0
te_0006865,0
te_0006866,0
te_0006867,0
te_0006868,0
te_0006869,0
te_0006870,0
te_0006871,0
te_0006872,0
te_0006873,0
te_0006874,0
te_0006875,0
te_0006876,0
te_0006877,0
te_0006878,0
te_0006879,0
te_0006880,0
te_0006881,0
te_0006882,0
te_0006883,0
te_0006884,0
te_0006885,0
te_0006886,0
te_0006887,0
te_0006888,0
te_0006889,0
te_0006890,0
te_0006891,0
te_0006892,0
te_0006893,0
te_0006894,0
te_0006895,0
te_0006896,0
te_0006897,0
te_0006898,0
te_0006899,0
te_0006900,0
te_0006901,0
te_0006902,0
te_0006903,0
te_0006904,0
te_0006905,0
te_0006906,0
te_0006907,0
te_0006908,0
te_0006909,0
te_0006910,0
te_0006911,0
te_0006912,0
te_0006913,0
te_0006914,0
te_0006915,0
te_0006916,0
te_0006917,0
te_0006918,0
te_0006919,0
te_0006920,0
te_0006921,0
te_0006922,0
te_0006923,0
te_0006924,0
te_0006925,0
te_0006926,0
te_0006927,0
te_0006928,0
te_0006929,0
te_0006930,0
te_0006931,0
te_0006932,0
te_0006933,0
te_0006934,0
te_0006935,0
te_0006936,0
te_0006937,0
te_0006938,0
te_0006939,0
te_0006940,0
te_0006941,0
te_0006942,0
te_0006943,0
te_0006944,0
te_0006945,0
te_0006946,0
te_0006947,0
te_0006948,0
te_0006949,0
te_0006950,0
te_0006951,0
te_0006952,0
te_0006953,0
te_0006954,0
te_0006955,0
te_0006956,0
te_0006957,0
te_0006958,0
te_0006959,0
te_0006960,0
te_0006961,0
te_0006962,0
te_0006963,0
te_0006964,0
te_0006965,0
te_0006966,0
te_0006967,0
te_0006968,0
te_0006969,0
te_0006970,0
te_0006971,0
te_0006972,0
te_0006973,0
te_0006974,0
te_0006975,0
te_0006976,0
te_0006977,0
te_0006978,0
te_0006979,0
te_0006980,0
te_0006981,0
te_0006982,0
te_0006983,0
te_0006984,0
te_0006985,0
te_0006986,0
te_0006987,0
te_0006988,0
te_0006989,0
te_0006990,0
te_0006991,0
te_0006992,0
te_0006993,0
te_0006994,0
te_0006995,0
te_0006996,0
te_0006997,0
te_0006998,0
te_0006999,0
te_0007000,0
te_0007001,0
te_0007002,0
te_0007003,0
te_0007004,0
te_0007005,0
te_0007006,0
te_0007007,0
te_0007008,0
te_0007009,0
te_0007010,0
te_0007011,0
te_0007012,0
te_0007013,0
te_0007014,0
te_0007015,0
te_0007016,0
te_0007017,0
te_0007018,0
te_0007019,0
te_0007020,0
te_0007021,0
te_0007022,0
te_0007023,0
te_0007024,0
te_0007025,0
te_0007026,0
te_0007027,0
te_0007028,0
te_0007029,0
te_0007030,0
te_0007031,0
te_0007032,0
te_0007033,0
te_0007034,0
te_0007035,0
te_0007036,0
te_0007037,0
te_0007038,0
te_0007039,0
te_0007040,0
te_0007041,0
te_0007042,0
te_0007043,0
te_0007044,0
te_0007045,0
te_0007046,0
te_0007047,0
te_0007048,0
te_0007049,0
te_0007050,0
te_0007051,0
te_0007052,0
te_0007053,0
te_0007054,0
te_0007055,0
te_0007056,0
te_0007057,0
te_0007058,0
te_0007059,0
te_0007060,0
te_0007061,0
te_0007062,0
te_0007063,0
te_0007064,0
te_0007065,0
te_0007066,0
te_0007067,0
te_0007068,0
te_0007069,0
te_0007070,0
te_0007071,0
te_0007072,0
te_0007073,0
te_0007074,0
te_0007075,0
te_0007076,0
te_0007077,0
te_0007078,0
te_0007079,0
te_0007080,0
te_0007081,0
te_0007082,0
te_0007083,0
te_0007084,0
te_0007085,0
te_0007086,0
te_0007087,0
te_0007088,0
te_0007089,0
te_0007090,0
te_0007091,0
te_0007092,0
te_0007093,0
te_0007094,0
te_0007095,0
te_0007096,0
te_0007097,0
te_0007098,0
te_0007099,0
te_0007100,0
te_0007101,0
te_0007102,0
te_0007103,0
te_0007104,0
te_0007105,0
te_0007106,0
te_0007107,0
te_0007108,0
te_0007109,0
te_0007110,0
te_0007111,0
te_0007112,0
te_0007113,0
te_0007114,0
te_0007115,0
te_0007116,0
te_0007117,0
te_0007118,0
te_0007119,0
te_0007120,0
te_0007121,0
te_0007122,0
te_0007123,0
te_0007124,0
te_0007125,0
te_0007126,0
te_0007127,0
te_0007128,0
te_0007129,0
te_0007130,0
te_0007131,0
te_0007132,0
te_0007133,0
te_0007134,0
te_0007135,0
te_0007136,0
te_0007137,0
te_0007138,0
te_0007139,0
te_0007140,0
te_0007141,0
te_0007142,0
te_0007143,0
te_0007144,0
te_0007145,0
te_0007146,0
te_0007147,0
te_0007148,0
te_0007149,0
te_0007150,0
te_0007151,0
te_0007152,0
te_0007153,0
te_0007154,0
te_0007155,0
te_0007156,0
te_0007157,0
te_0007158,0
te_0007159,0
te_0007160,0
te_0007161,0
te_0007162,0
te_0007163,0
te_0007164,0
te_0007165,0
te_0007166,0
te_0007167,0
te_0007168,0
te_0007169,0
te_0007170,0
te_0007171,0
te_0007172,0
te_0007173,0
te_0007174,0
te_0007175,0
te_0007176,0
te_0007177,0
te_0007178,0
te_0007179,0
te_0007180,0
te_0007181,0
te_0007182,0
te_0007183,0
te_0007184,0
te_0007185,0
te_0007186,0
te_0007187,0
te_0007188,0
te_0007189,0
te_0007190,0
te_0007191,0
te_0007192,0
te_0007193,0
te_0007194,0
te_0007195,0
te_0007196,0
te_0007197,0
te_0007198,0
te_0007199,0
te_0007200,0
te_0007201,0
te_0007202,0
te_0007203,0
te_0007204,0
te_0007205,0
te_0007206,0
te_0007207,0
te_0007208,0
te_0007209,0
te_0007210,0
te_0007211,0
te_0007212,0
te_0007213,0
te_0007214,0
te_0007215,0
te_0007216,0
te_0007217,0
te_0007218,0
te_0007219,0
te_0007220,0
te_0007221,0
te_0007222,0
te_0007223,0
te_0007224,0
te_0007225,0
te_0007226,0
te_0007227,0
te_0007228,0
te_0007229,0
te_0007230,0
te_0007231,0
te_0007232,0
te_0007233,0
te_0007234,0
te_0007235,0
te_0007236,0
te_0007237,0
te_0007238,0
te_0007239,0
te_0007240,0
te_0007241,0
te_0007242,0
te_0007243,0
te_0007244,0
te_0007245,0
te_0007246,0
te_0007247,0
te_0007248,0
te_0007249,0
te_0007250,0
te_0007251,0
te_0007252,0
te_0007253,0
te_0007254,0
te_0007255,0
te_0007256,0
te_0007257,0
te_0007258,0
te_0007259,0
te_0007260,0
te_0007261,0
te_0007262,0
te_0007263,0
te_0007264,0
te_0007265,0
te_0007266,0
te_0007267,0
te_0007268,0
te_0007269,0
te_0007270,0
te_0007271,0
te_0007272,0
te_0007273,0
te_0007274,0
te_0007275,0
te_0007276,0
te_0007277,0
te_0007278,0
te_0007279,0
te_0007280,0
te_0007281,0
te_0007282,0
te_0007283,0
te_0007284,0
te_0007285,0
te_0007286,0
te_0007287,0
te_0007288,0
te_0007289,0
te_0007290,0
te_0007291,0
te_0007292,0
te_0007293,0
te_0007294,0
te_0007295,0
te_0007296,0
te_0007297,0
te_0007298,0
te_0007299,0
te_0007300,0
te_0007301,0
te_0007302,0
te_0007303,0
te_0007304,0
te_0007305,0
te_0007306,0
te_0007307,0
te_0007308,0
te_0007309,0
te_0007310,0
te_0007311,0
te_0007312,0
te_0007313,0
te_0007314,0
te_0007315,0
te_0007316,0
te_0007317,0
te_0007318,0
te_0007319,0
te_0007320,0
te_0007321,0
te_0007322,0
te_0007323,0
te_0007324,0
te_0007325,0
te_0007326,0
te_0007327,0
te_0007328,0
te_0007329,0
te_0007330,0
te_0007331,0
te_0007332,0
te_0007333,0
te_0007334,0
te_0007335,0
te_0007336,0
te_0007337,0
te_0007338,0
te_0007339,0
te_0007340,0
te_0007341,0
te_0007342,0
te_0007343,0
te_0007344,0
te_0007345,0
te_0007346,0
te_0007347,0
te_0007348,0
te_0007349,0
te_0007350,0
te_0007351,0
te_0007352,0
te_0007353,0
te_0007354,0
te_0007355,0
te_0007356,0
te_0007357,0
te_0007358,0
te_0007359,0
te_0007360,0
te_0007361,0
te_0007362,0
te_0007363,0
te_0007364,0
te_0007365,0
te_0007366,0
te_0007367,0
te_0007368,0
te_0007369,0
te_0007370,0
te_0007371,0
te_0007372,0
te_0007373,0
te_0007374,0
te_0007375,0
te_0007376,0
te_0007377,0
te_0007378,0
te_0007379,0
te_0007380,0
te_0007381,0
te_0007382,0
te_0007383,0
te_0007384,0
te_0007385,0
te_0007386,0
te_0007387,0
te_0007388,0
te_0007389,0
te_0007390,0
te_0007391,0
te_0007392,0
te_0007393,0
te_0007394,0
te_0007395,0
te_0007396,0
te_0007397,0
te_0007398,0
te_0007399,0
te_0007400,0
te_0007401,0
te_0007402,0
te_0007403,0
te_0007404,0
te_0007405,0
te_0007406,0
te_0007407,0
te_0007408,0
te_0007409,0
te_0007410,0
te_0007411,0
te_0007412,0
te_0007413,0
te_0007414,0
te_0007415,0
te_0007416,0
te_0007417,0
te_0007418,0
te_0007419,0
te_0007420,0
te_0007421,0
te_0007422,0
te_0007423,0
te_0007424,0
te_0007425,0
te_0007426,0
te_0007427,0
te_0007428,0
te_0007429,0
te_0007430,0
te_0007431,0
te_0007432,0
te_0007433,0
te_0007434,0
te_0007435,0
te_0007436,0
te_0007437,0
te_0007438,0
te_0007439,0
te_0007440,0
te_0007441,0
te_0007442,0
te_0007443,0
te_0007444,0
te_0007445,0
te_0007446,0
te_0007447,0
te_0007448,0
te_0007449,0
te_0007450,0
te_0007451,0
te_0007452,0
te_0007453,0
te_0007454,0
te_0007455,0
te_0007456,0
te_0007457,0
te_0007458,0
te_0007459,0
te_0007460,0
te_0007461,0
te_0007462,0
te_0007463,0
te_0007464,0
te_0007465,0
te_0007466,0
te_0007467,0
te_0007468,0
te_0007469,0
te_0007470,0
te_0007471,0
te_0007472,0
te_0007473,0
te_0007474,0
te_0007475,0
te_0007476,0
te_0007477,0
te_0007478,0
te_0007479,0
te_0007480,0
te_0007481,0
te_0007482,0
te_0007483,0
te_0007484,0
te_0007485,0
te_0007486,0
te_0007487,0
te_0007488,0
te_0007489,0
te_0007490,0
te_0007491,0
te_0007492,0
te_0007493,0
te_0007494,0
te_0007495,0
te_0007496,0
te_0007497,0
te_0007498,0
te_0007499,0
te_0007500,0
te_0007501,0
te_0007502,0
te_0007503,0
te_0007504,0
te_0007505,0
te_0007506,0
te_0007507,0
te_0007508,0
te_0007509,0
te_0007510,0
te_0007511,0
te_0007512,0
te_0007513,0
te_0007514,0
te_0007515,0
te_0007516,0
te_0007517,0
te_0007518,0
te_0007519,0
te_0007520,0
te_0007521,0
te_0007522,0
te_0007523,0
te_0007524,0
te_0007525,0
te_0007526,0
te_0007527,0
te_0007528,0
te_0007529,0
te_0007530,0
te_0007531,0
te_0007532,0
te_0007533,0
te_0007534,0
te_0007535,0
te_0007536,0
te_0007537,0
te_0007538,0
te_0007539,0
te_0007540,0
te_0007541,0
te_0007542,0
te_0007543,0
te_0007544,0
te_0007545,0
te_0007546,0
te_0007547,0
te_0007548,0
te_0007549,0
te_0007550,0
te_0007551,0
te_0007552,0
te_0007553,0
te_0007554,0
te_0007555,0
te_0007556,0
te_0007557,0
te_0007558,0
te_0007559,0
te_0007560,0
te_0007561,0
te_0007562,0
te_0007563,0
te_0007564,0
te_0007565,0
te_0007566,0
te_0007567,0
te_0007568,0
te_0007569,0
te_0007570,0
te_0007571,0
te_0007572,0
te_0007573,0
te_0007574,0
te_0007575,0
te_0007576,0
te_0007577,0
te_0007578,0
te_0007579,0
te_0007580,0
te_0007581,0
te_0007582,0
te_0007583,0
te_0007584,0
te_0007585,0
te_0007586,0
te_0007587,0
te_0007588,0
te_0007589,0
te_0007590,0
te_0007591,0
te_0007592,0
te_0007593,0
te_0007594,0
te_0007595,0
te_0007596,0
te_0007597,0
te_0007598,0
te_0007599,0
te_0007600,0
te_0007601,0
te_0007602,0
te_0007603,0
te_0007604,0
te_0007605,0
te_0007606,0
te_0007607,0
te_0007608,0
te_0007609,0
te_0007610,0
te_0007611,0
te_0007612,0
te_0007613,0
te_0007614,0
te_0007615,0
te_0007616,0
te_0007617,0
te_0007618,0
te_0007619,0
te_0007620,0
te_0007621,0
te_0007622,0
te_0007623,0
te_0007624,0
te_0007625,0
te_0007626,0
te_0007627,0
te_0007628,0
te_0007629,0
te_0007630,0
te_0007631,0
te_0007632,0
te_0007633,0
te_0007634,0
te_0007635,0
te_0007636,0
te_0007637,0
te_0007638,0
te_0007639,0
te_0007640,0
te_0007641,0
te_0007642,0
te_0007643,0
te_0007644,0
te_0007645,0
te_0007646,0
te_0007647,0
te_0007648,0
te_0007649,0
te_0007650,0
te_0007651,0
te_0007652,0
te_0007653,0
te_0007654,0
te_0007655,0
te_0007656,0
te_0007657,0
te_0007658,0
te_0007659,0
te_0007660,0
te_0007661,0
te_0007662,0
te_0007663,0
te_0007664,0
te_0007665,0
te_0007666,0
te_0007667,0
te_0007668,0
te_0007669,0
te_0007670,0
te_0007671,0
te_0007672,0
te_0007673,0
te_0007674,0
te_0007675,0
te_0007676,0
te_0007677,0
te_0007678,0
te_0007679,0
te_0007680,0
te_0007681,0
te_0007682,0
te_0007683,0
te_0007684,0
te_0007685,0
te_0007686,0
te_0007687,0
te_0007688,0
te_0007689,0
te_0007690,0
te_0007691,0
te_0007692,0
te_0007693,0
te_0007694,0
te_0007695,0
te_0007696,0
te_0007697,0
te_0007698,0
te_0007699,0
te_0007700,0
te_0007701,0
te_0007702,0
te_0007703,0
te_0007704,0
te_0007705,0
te_0007706,0
te_0007707,0
te_0007708,0
te_0007709,0
te_0007710,0
te_0007711,0
te_0007712,0
te_0007713,0
te_0007714,0
te_0007715,0
te_0007716,0
te_0007717,0
te_0007718,0
te_0007719,0
te_0007720,0
te_0007721,0
te_0007722,0
te_0007723,0
te_0007724,0
te_0007725,0
te_0007726,0
te_0007727,0
te_0007728,0
te_0007729,0
te_0007730,0
te_0007731,0
te_0007732,0
te_0007733,0
te_0007734,0
te_0007735,0
te_0007736,0
te_0007737,0
te_0007738,0
te_0007739,0
te_0007740,0
te_0007741,0
te_0007742,0
te_0007743,0
te_0007744,0
te_0007745,0
te_0007746,0
te_0007747,0
te_0007748,0
te_0007749,0
te_0007750,0
te_0007751,0
te_0007752,0
te_0007753,0
te_0007754,0
te_0007755,0
te_0007756,0
te_0007757,0
te_0007758,0
te_0007759,0
te_0007760,0
te_0007761,0
te_0007762,0
te_0007763,0
te_0007764,0
te_0007765,0
te_0007766,0
te_0007767,0
te_0007768,0
te_0007769,0
te_0007770,0
te_0007771,0
te_0007772,0
te_0007773,0
te_0007774,0
te_0007775,0
te_0007776,0
te_0007777,0
te_0007778,0
te_0007779,0
te_0007780,0
te_0007781,0
te_0007782,0
te_0007783,0
te_0007784,0
te_0007785,0
te_0007786,0
te_0007787,0
te_0007788,0
te_0007789,0
te_0007790,0
te_0007791,0
te_0007792,0
te_0007793,0
te_0007794,0
te_0007795,0
te_0007796,0
te_0007797,0
te_0007798,0
te_0007799,0
te_0007800,0
te_0007801,0
te_0007802,0
te_0007803,0
te_0007804,0
te_0007805,0
te_0007806,0
te_0007807,0
te_0007808,0
te_0007809,0
te_0007810,0
te_0007811,0
te_0007812,0
te_0007813,0
te_0007814,0
te_0007815,0
te_0007816,0
te_0007817,0
te_0007818,0
te_0007819,0
te_0007820,0
te_0007821,0
te_0007822,0
te_0007823,0
te_0007824,0
te_0007825,0
te_0007826,0
te_0007827,0
te_0007828,0
te_0007829,0
te_0007830,0
te_0007831,0
te_0007832,0
te_0007833,0
te_0007834,0
te_0007835,0
te_0007836,0
te_0007837,0
te_0007838,0
te_0007839,0
te_0007840,0
te_0007841,0
te_0007842,0
te_0007843,0
te_0007844,0
te_0007845,0
te_0007846,0
te_0007847,0
te_0007848,0
te_0007849,0
te_0007850,0
te_0007851,0
te_0007852,0
te_0007853,0
te_0007854,0
te_0007855,0
te_0007856,0
te_0007857,0
te_0007858,0
te_0007859,0
te_0007860,0
te_0007861,0
te_0007862,0
te_0007863,0
te_0007864,0
te_0007865,0
te_0007866,0
te_0007867,0
te_0007868,0
te_0007869,0
te_0007870,0
te_0007871,0
te_0007872,0
te_0007873,0
te_0007874,0
te_0007875,0
te_0007876,0
te_0007877,0
te_0007878,0
te_0007879,0
te_0007880,0
te_0007881,0
te_0007882,0
te_0007883,0
te_0007884,0
te_0007885,0
te_0007886,0
te_0007887,0
te_0007888,0
te_0007889,0
te_0007890,0
te_0007891,0
te_0007892,0
te_0007893,0
te_0007894,0
te_0007895,0
te_0007896,0
te_0007897,0
te_0007898,0
te_0007899,0
te_0007900,0
te_0007901,0
te_0007902,0
te_0007903,0
te_0007904,0
te_0007905,0
te_0007906,0
te_0007907,0
te_0007908,0
te_0007909,0
te_0007910,0
te_0007911,0
te_0007912,0
te_0007913,0
te_0007914,0
te_0007915,0
te_0007916,0
te_0007917,0
te_0007918,0
te_0007919,0
te_0007920,0
te_0007921,0
te_0007922,0
te_0007923,0
te_0007924,0
te_0007925,0
te_0007926,0
te_0007927,0
te_0007928,0
te_0007929,0
te_0007930,0
te_0007931,0
te_0007932,0
te_0007933,0
te_0007934,0
te_0007935,0
te_0007936,0
te_0007937,0
te_0007938,0
te_0007939,0
te_0007940,0
te_0007941,0
te_0007942,0
te_0007943,0
te_0007944,0
te_0007945,0
te_0007946,0
te_0007947,0
te_0007948,0
te_0007949,0
te_0007950,0
te_0007951,0
te_0007952,0
te_0007953,0
te_0007954,0
te_0007955,0
te_0007956,0
te_0007957,0
te_0007958,0
te_0007959,0
te_0007960,0
te_0007961,0
te_0007962,0
te_0007963,0
te_0007964,0
te_0007965,0
te_0007966,0
te_0007967,0
te_0007968,0
te_0007969,0
te_0007970,0
te_0007971,0
te_0007972,0
te_0007973,0
te_0007974,0
te_0007975,0
te_0007976,0
te_0007977,0
te_0007978,0
te_0007979,0
te_0007980,0
te_0007981,0
te_0007982,0
te_0007983,0
te_0007984,0
te_0007985,0
te_0007986,0
te_0007987,0
te_0007988,0
te_0007989,0
te_0007990,0
te_0007991,0
te_0007992,0
te_0007993,0
te_0007994,0
te_0007995,0
te_0007996,0
te_0007997,0
te_0007998,0
te_0007999,0
te_0008000,0
te_0008001,0
te_0008002,0
te_0008003,0
te_0008004,0
te_0008005,0
te_0008006,0
te_0008007,0
te_0008008,0
te_0008009,0
te_0008010,0
te_0008011,0
te_0008012,0
te_0008013,0
te_0008014,0
te_0008015,0
te_0008016,0
te_0008017,0
te_0008018,0
te_0008019,0
te_0008020,0
te_0008021,0
te_0008022,0
te_0008023,0
te_0008024,0
te_0008025,0
te_0008026,0
te_0008027,0
te_0008028,0
te_0008029,0
te_0008030,0
te_0008031,0
te_0008032,0
te_0008033,0
te_0008034,0
te_0008035,0
te_0008036,0
te_0008037,0
te_0008038,0
te_0008039,0
te_0008040,0
te_0008041,0
te_0008042,0
te_0008043,0
te_0008044,0
te_0008045,0
te_0008046,0
te_0008047,0
te_0008048,0
te_0008049,0
te_0008050,0
te_0008051,0
te_0008052,0
te_0008053,0
te_0008054,0
te_0008055,0
te_0008056,0
te_0008057,0
te_0008058,0
te_0008059,0
te_0008060,0
te_0008061,0
te_0008062,0
te_0008063,0
te_0008064,0
te_0008065,0
te_0008066,0
te_0008067,0
te_0008068,0
te_0008069,0
te_0008070,0
te_0008071,0
te_0008072,0
te_0008073,0
te_0008074,0
te_0008075,0
te_0008076,0
te_0008077,0
te_0008078,0
te_0008079,0
te_0008080,0
te_0008081,0
te_0008082,0
te_0008083,0
te_0008084,0
te_0008085,0
te_0008086,0
te_0008087,0
te_0008088,0
te_0008089,0
te_0008090,0
te_0008091,0
te_0008092,0
te_0008093,0
te_0008094,0
te_0008095,0
te_0008096,0
te_0008097,0
te_0008098,0
te_0008099,0
te_0008100,0
te_0008101,0
te_0008102,0
te_0008103,0
te_0008104,0
te_0008105,0
te_0008106,0
te_0008107,0
te_0008108,0
te_0008109,0
te_0008110,0
te_0008111,0
te_0008112,0
te_0008113,0
te_0008114,0
te_0008115,0
te_0008116,0
te_0008117,0
te_0008118,0
te_0008119,0
te_0008120,0
te_0008121,0
te_0008122,0
te_0008123,0
te_0008124,0
te_0008125,0
te_0008126,0
te_0008127,0
te_0008128,0
te_0008129,0
te_0008130,0
te_0008131,0
te_0008132,0
te_0008133,0
te_0008134,0
te_0008135,0
te_0008136,0
te_0008137,0
te_0008138,0
te_0008139,0
te_0008140,0
te_0008141,0
te_0008142,0
te_0008143,0
te_0008144,0
te_0008145,0
te_0008146,0
te_0008147,0
te_0008148,0
te_0008149,0
te_0008150,0
te_0008151,0
te_0008152,0
te_0008153,0
te_0008154,0
te_0008155,0
te_0008156,0
te_0008157,0
te_0008158,0
te_0008159,0
te_0008160,0
te_0008161,0
te_0008162,0
te_0008163,0
te_0008164,0
te_0008165,0
te_0008166,0
te_0008167,0
te_0008168,0
te_0008169,0
te_0008170,0
te_0008171,0
te_0008172,0
te_0008173,0
te_0008174,0
te_0008175,0
te_0008176,0
te_0008177,0
te_0008178,0
te_0008179,0
te_0008180,0
te_0008181,0
te_0008182,0
te_0008183,0
te_0008184,0
te_0008185,0
te_0008186,0
te_0008187,0
te_0008188,0
te_0008189,0
te_0008190,0
te_0008191,0
te_0008192,0
te_0008193,0
te_0008194,0
te_0008195,0
te_0008196,0
te_0008197,0
te_0008198,0
te_0008199,0
te_0008200,0
te_0008201,0
te_0008202,0
te_0008203,0
te_0008204,0
te_0008205,0
te_0008206,0
te_0008207,0
te_0008208,0
te_0008209,0
te_0008210,0
te_0008211,0
te_0008212,0
te_0008213,0
te_0008214,0
te_0008215,0
te_0008216,0
te_0008217,0
te_0008218,0
te_0008219,0
te_0008220,0
te_0008221,0
te_0008222,0
te_0008223,0
te_0008224,0
te_0008225,0
te_0008226,0
te_0008227,0
te_0008228,0
te_0008229,0
te_0008230,0
te_0008231,0
te_0008232,0
te_0008233,0
te_0008234,0
te_0008235,0
te_0008236,0
te_0008237,0
te_0008238,0
te_0008239,0
te_0008240,0
te_0008241,0
te_0008242,0
te_0008243,0
te_0008244,0
te_0008245,0
te_0008246,0
te_0008247,0
te_0008248,0
te_0008249,0
te_0008250,0
te_0008251,0
te_0008252,0
te_0008253,0
te_0008254,0
te_0008255,0
te_0008256,0
te_0008257,0
te_0008258,0
te_0008259,0
te_0008260,0
te_0008261,0
te_0008262,0
te_0008263,0
te_0008264,0
te_0008265,0
te_0008266,0
te_0008267,0
te_0008268,0
te_0008269,0
te_0008270,0
te_0008271,0
te_0008272,0
te_0008273,0
te_0008274,0
te_0008275,0
te_0008276,0
te_0008277,0
te_0008278,0
te_0008279,0
te_0008280,0
te_0008281,0
te_0008282,0
te_0008283,0
te_0008284,0
te_0008285,0
te_0008286,0
te_0008287,0
te_0008288,0
te_0008289,0
te_0008290,0
te_0008291,0
te_0008292,0
te_0008293,0
te_0008294,0
te_0008295,0
te_0008296,0
te_0008297,0
te_0008298,0
te_0008299,0
te_0008300,0
te_0008301,0
te_0008302,0
te_0008303,0
te_0008304,0
te_0008305,0
te_0008306,0
te_0008307,0
te_0008308,0
te_0008309,0
te_0008310,0
te_0008311,0
te_0008312,0
te_0008313,0
te_0008314,0
te_0008315,0
te_0008316,0
te_0008317,0
te_0008318,0
te_0008319,0
te_0008320,0
te_0008321,0
te_0008322,0
te_0008323,0
te_0008324,0
te_0008325,0
te_0008326,0
te_0008327,0
te_0008328,0
te_0008329,0
te_0008330,0
te_0008331,0
te_0008332,0
te_0008333,0
te_0008334,0
te_0008335,0
te_0008336,0
te_0008337,0
te_0008338,0
te_0008339,0
te_0008340,0
te_0008341,0
te_0008342,0
te_0008343,0
te_0008344,0
te_0008345,0
te_0008346,0
te_0008347,0
te_0008348,0
te_0008349,0
te_0008350,0
te_0008351,0
te_0008352,0
te_0008353,0
te_0008354,0
te_0008355,0
te_0008356,0
te_0008357,0
te_0008358,0
te_0008359,0
te_0008360,0
te_0008361,0
te_0008362,0
te_0008363,0
te_0008364,0
te_0008365,0
te_0008366,0
te_0008367,0
te_0008368,0
te_0008369,0
te_0008370,0
te_0008371,0
te_0008372,0
te_0008373,0
te_0008374,0
te_0008375,0
te_0008376,0
te_0008377,0
te_0008378,0
te_0008379,0
te_0008380,0
te_0008381,0
te_0008382,0
te_0008383,0
te_0008384,0
te_0008385,0
te_0008386,0
te_0008387,0
te_0008388,0
te_0008389,0
te_0008390,0
te_0008391,0
te_0008392,0
te_0008393,0
te_0008394,0
te_0008395,0
te_0008396,0
te_0008397,0
te_0008398,0
te_0008399,0
te_0008400,0
te_0008401,0
te_0008402,0
te_0008403,0
te_0008404,0
te_0008405,0
te_0008406,0
te_0008407,0
te_0008408,0
te_0008409,0
te_0008410,0
te_0008411,0
te_0008412,0
te_0008413,0
te_0008414,0
te_0008415,0
te_0008416,0
te_0008417,0
te_0008418,0
te_0008419,0
te_0008420,0
te_0008421,0
te_0008422,0
te_0008423,0
te_0008424,0
te_0008425,0
te_0008426,0
te_0008427,0
te_0008428,0
te_0008429,0
te_0008430,0
te_0008431,0
te_0008432,0
te_0008433,0
te_0008434,0
te_0008435,0
te_0008436,0
te_0008437,0
te_0008438,0
te_0008439,0
te_0008440,0
te_0008441,0
te_0008442,0
te_0008443,0
te_0008444,0
te_0008445,0
te_0008446,0
te_0008447,0
te_0008448,0
te_0008449,0
te_0008450,0
te_0008451,0
te_0008452,0
te_0008453,0
te_0008454,0
te_0008455,0
te_0008456,0
te_0008457,0
te_0008458,0
te_0008459,0
te_0008460,0
te_0008461,0
te_0008462,0
te_0008463,0
te_0008464,0
te_0008465,0
te_0008466,0
te_0008467,0
te_0008468,0
te_0008469,0
te_0008470,0
te_0008471,0
te_0008472,0
te_0008473,0
te_0008474,0
te_0008475,0
te_0008476,0
te_0008477,0
te_0008478,0
te_0008479,0
te_0008480,0
te_0008481,0
te_0008482,0
te_0008483,0
te_0008484,0
te_0008485,0
te_0008486,0
te_0008487,0
te_0008488,0
te_0008489,0
te_0008490,0
te_0008491,0
te_0008492,0
te_0008493,0
te_0008494,0
te_0008495,0
te_0008496,0
te_0008497,0
te_0008498,0
te_0008499,0
te_0008500,0
te_0008501,0
te_0008502,0
te_0008503,0
te_0008504,0
te_0008505,0
te_0008506,0
te_0008507,0
te_0008508,0
te_0008509,0
te_0008510,0
te_0008511,0
te_0008512,0
te_0008513,0
te_0008514,0
te_0008515,0
te_0008516,0
te_0008517,0
te_0008518,0
te_0008519,0
te_0008520,0
te_0008521,0
te_0008522,0
te_0008523,0
te_0008524,0
te_0008525,0
te_0008526,0
te_0008527,0
te_0008528,0
te_0008529,0
te_0008530,0
te_0008531,0
te_0008532,0
te_0008533,0
te_0008534,0
te_0008535,0
te_0008536,0
te_0008537,0
te_0008538,0
te_0008539,0
te_0008540,0
te_0008541,0
te_0008542,0
te_0008543,0
te_0008544,0
te_0008545,0
te_0008546,0
te_0008547,0
te_0008548,0
te_0008549,0
te_0008550,0
te_0008551,0
te_0008552,0
te_0008553,0
te_0008554,0
te_0008555,0
te_0008556,0
te_0008557,0
te_0008558,0
te_0008559,0
te_0008560,0
te_0008561,0
te_0008562,0
te_0008563,0
te_0008564,0
te_0008565,0
te_0008566,0
te_0008567,0
te_0008568,0
te_0008569,0
te_0008570,0
te_0008571,0
te_0008572,0
te_0008573,0
te_0008574,0
te_0008575,0
te_0008576,0
te_0008577,0
te_0008578,0
te_0008579,0
te_0008580,0
te_0008581,0
te_0008582,0
te_0008583,0
te_0008584,0
te_0008585,0
te_0008586,0
te_0008587,0
te_0008588,0
te_0008589,0
te_0008590,0
te_0008591,0
te_0008592,0
te_0008593,0
te_0008594,0
te_0008595,0
te_0008596,0
te_0008597,0
te_0008598,0
te_0008599,0
te_0008600,0
te_0008601,0
te_0008602,0
te_0008603,0
te_0008604,0
te_0008605,0
te_0008606,0
te_0008607,0
te_0008608,0
te_0008609,0
te_0008610,0
te_0008611,0
te_0008612,0
te_0008613,0
te_0008614,0
te_0008615,0
te_0008616,0
te_0008617,0
te_0008618,0
te_0008619,0
te_0008620,0
te_0008621,0
te_0008622,0
te_0008623,0
te_0008624,0
te_0008625,0
te_0008626,0
te_0008627,0
te_0008628,0
te_0008629,0
te_0008630,0
te_0008631,0
te_0008632,0
te_0008633,0
te_0008634,0
te_0008635,0
te_0008636,0
te_0008637,0
te_0008638,0
te_0008639,0
te_0008640,0
te_0008641,0
te_0008642,0
te_0008643,0
te_0008644,0
te_0008645,0
te_0008646,0
te_0008647,0
te_0008648,0
te_0008649,0
te_0008650,0
te_0008651,0
te_0008652,0
te_0008653,0
te_0008654,0
te_0008655,0
te_0008656,0
te_0008657,0
te_0008658,0
te_0008659,0
te_0008660,0
te_0008661,0
te_0008662,0
te_0008663,0
te_0008664,0
te_0008665,0
te_0008666,0
te_0008667,0
te_0008668,0
te_0008669,0
te_0008670,0
te_0008671,0
te_0008672,0
te_0008673,0
te_0008674,0
te_0008675,0
te_0008676,0
te_0008677,0
te_0008678,0
te_0008679,0
te_0008680,0
te_0008681,0
te_0008682,0
te_0008683,0
te_0008684,0
te_0008685,0
te_0008686,0
te_0008687,0
te_0008688,0
te_0008689,0
te_0008690,0
te_0008691,0
te_0008692,0
te_0008693,0
te_0008694,0
te_0008695,0
te_0008696,0
te_0008697,0
te_0008698,0
te_0008699,0
te_0008700,0
te_0008701,0
te_0008702,0
te_0008703,0
te_0008704,0
te_0008705,0
te_0008706,0
te_0008707,0
te_0008708,0
te_0008709,0
te_0008710,0
te_0008711,0
te_0008712,0
te_0008713,0
te_0008714,0
te_0008715,0
te_0008716,0
te_0008717,0
te_0008718,0
te_0008719,0
te_0008720,0
te_0008721,0
te_0008722,0
te_0008723,0
te_0008724,0
te_0008725,0
te_0008726,0
te_0008727,0
te_0008728,0
te_0008729,0
te_0008730,0
te_0008731,0
te_0008732,0
te_0008733,0
te_0008734,0
te_0008735,0
te_0008736,0
te_0008737,0
te_0008738,0
te_0008739,0
te_0008740,0
te_0008741,0
te_0008742,0
te_0008743,0
te_0008744,0
te_0008745,0
te_0008746,0
te_0008747,0
te_0008748,0
te_0008749,0
te_0008750,0
te_0008751,0
te_0008752,0
te_0008753,0
te_0008754,0
te_0008755,0
te_0008756,0
te_0008757,0
te_0008758,0
te_0008759,0
te_0008760,0
te_0008761,0
te_0008762,0
te_0008763,0
te_0008764,0
te_0008765,0
te_0008766,0
te_0008767,0
te_0008768,0
te_0008769,0
te_0008770,0
te_0008771,0
te_0008772,0
te_0008773,0
te_0008774,0
te_0008775,0
te_0008776,0
te_0008777,0
te_0008778,0
te_0008779,0
te_0008780,0
te_0008781,0
te_0008782,0
te_0008783,0
te_0008784,0
te_0008785,0
te_0008786,0
te_0008787,0
te_0008788,0
te_0008789,0
te_0008790,0
te_0008791,0
te_0008792,0
te_0008793,0
te_0008794,0
te_0008795,0
te_0008796,0
te_0008797,0
te_0008798,0
te_0008799,0
te_0008800,0
te_0008801,0
te_0008802,0
te_0008803,0
te_0008804,0
te_0008805,0
te_0008806,0
te_0008807,0
te_0008808,0
te_0008809,0
te_0008810,0
te_0008811,0
te_0008812,0
te_0008813,0
te_0008814,0
te_0008815,0
te_0008816,0
te_0008817,0
te_0008818,0
te_0008819,0
te_0008820,0
te_0008821,0
te_0008822,0
te_0008823,0
te_0008824,0
te_0008825,0
te_0008826,0
te_0008827,0
te_0008828,0
te_0008829,0
te_0008830,0
te_0008831,0
te_0008832,0
te_0008833,0
te_0008834,0
te_0008835,0
te_0008836,0
te_0008837,0
te_0008838,0
te_0008839,0
te_0008840,0
te_0008841,0
te_0008842,0
te_0008843,0
te_0008844,0
te_0008845,0
te_0008846,0
te_0008847,0
te_0008848,0
te_0008849,0
te_0008850,0
te_0008851,0
te_0008852,0
te_0008853,0
te_0008854,0
te_0008855,0
te_0008856,0
te_0008857,0
te_0008858,0
te_0008859,0
te_0008860,0
te_0008861,0
te_0008862,0
te_0008863,0
te_0008864,0
te_0008865,0
te_0008866,0
te_0008867,0
te_0008868,0
te_0008869,0
te_0008870,0
te_0008871,0
te_0008872,0
te_0008873,0
te_0008874,0
te_0008875,0
te_0008876,0
te_0008877,0
te_0008878,0
te_0008879,0
te_0008880,0
te_0008881,0
te_0008882,0
te_0008883,0
te_0008884,0
te_0008885,0
te_0008886,0
te_0008887,0
te_0008888,0
te_0008889,0
te_0008890,0
te_0008891,0
te_0008892,0
te_0008893,0
te_0008894,0
te_0008895,0
te_0008896,0
te_0008897,0
te_0008898,0
te_0008899,0
te_0008900,0
te_0008901,0
te_0008902,0
te_0008903,0
te_0008904,0
te_0008905,0
te_0008906,0
te_0008907,0
te_0008908,0
te_0008909,0
te_0008910,0
te_0008911,0
te_0008912,0
te_0008913,0
te_0008914,0
te_0008915,0
te_0008916,0
te_0008917,0
te_0008918,0
te_0008919,0
te_0008920,0
te_0008921,0
te_0008922,0
te_0008923,0
te_0008924,0
te_0008925,0
te_0008926,0
te_0008927,0
te_0008928,0
te_0008929,0
te_0008930,0
te_0008931,0
te_0008932,0
te_0008933,0
te_0008934,0
te_0008935,0
te_0008936,0
te_0008937,0
te_0008938,0
te_0008939,0
te_0008940,0
te_0008941,0
te_0008942,0
te_0008943,0
te_0008944,0
te_0008945,0
te_0008946,0
te_0008947,0
te_0008948,0
te_0008949,0
te_0008950,0
te_0008951,0
te_0008952,0
te_0008953,0
te_0008954,0
te_0008955,0
te_0008956,0
te_0008957,0
te_0008958,0
te_0008959,0
te_0008960,0
te_0008961,0
te_0008962,0
te_0008963,0
te_0008964,0
te_0008965,0
te_0008966,0
te_0008967,0
te_0008968,0
te_0008969,0
te_0008970,0
te_0008971,0
te_0008972,0
te_0008973,0
te_0008974,0
te_0008975,0
te_0008976,0
te_0008977,0
te_0008978,0
te_0008979,0
te_0008980,0
te_0008981,0
te_0008982,0
te_0008983,0
te_0008984,0
te_0008985,0
te_0008986,0
te_0008987,0
te_0008988,0
te_0008989,0
te_0008990,0
te_0008991,0
te_0008992,0
te_0008993,0
te_0008994,0
te_0008995,0
te_0008996,0
te_0008997,0
te_0008998,0
te_0008999,0
te_0009000,0
te_0009001,0
te_0009002,0
te_0009003,0
te_0009004,0
te_0009005,0
te_0009006,0
te_0009007,0
te_0009008,0
te_0009009,0
te_0009010,0
te_0009011,0
te_0009012,0
te_0009013,0
te_0009014,0
te_0009015,0
te_0009016,0
te_0009017,0
te_0009018,0
te_0009019,0
te_0009020,0
te_0009021,0
te_0009022,0
te_0009023,0
te_0009024,0
te_0009025,0
te_0009026,0
te_0009027,0
te_0009028,0
te_0009029,0
te_0009030,0
te_0009031,0
te_0009032,0
te_0009033,0
te_0009034,0
te_0009035,0
te_0009036,0
te_0009037,0
te_0009038,0
te_0009039,0
te_0009040,0
te_0009041,0
te_0009042,0
te_0009043,0
te_0009044,0
te_0009045,0
te_0009046,0
te_0009047,0
te_0009048,0
te_0009049,0
te_0009050,0
te_0009051,0
te_0009052,0
te_0009053,0
te_0009054,0
te_0009055,0
te_0009056,0
te_0009057,0
te_0009058,0
te_0009059,0
te_0009060,0
te_0009061,0
te_0009062,0
te_0009063,0
te_0009064,0
te_0009065,0
te_0009066,0
te_0009067,0
te_0009068,0
te_0009069,0
te_0009070,0
te_0009071,0
te_0009072,0
te_0009073,0
te_0009074,0
te_0009075,0
te_0009076,0
te_0009077,0
te_0009078,0
te_0009079,0
te_0009080,0
te_0009081,0
te_0009082,0
te_0009083,0
te_0009084,0
te_0009085,0
te_0009086,0
te_0009087,0
te_0009088,0
te_0009089,0
te_0009090,0
te_0009091,0
te_0009092,0
te_0009093,0
te_0009094,0
te_0009095,0
te_0009096,0
te_0009097,0
te_0009098,0
te_0009099,0
te_0009100,0
te_0009101,0
te_0009102,0
te_0009103,0
te_0009104,0
te_0009105,0
te_0009106,0
te_0009107,0
te_0009108,0
te_0009109,0
te_0009110,0
te_0009111,0
te_0009112,0
te_0009113,0
te_0009114,0
te_0009115,0
te_0009116,0
te_0009117,0
te_0009118,0
te_0009119,0
te_0009120,0
te_0009121,0
te_0009122,0
te_0009123,0
te_0009124,0
te_0009125,0
te_0009126,0
te_0009127,0
te_0009128,0
te_0009129,0
te_0009130,0
te_0009131,0
te_0009132,0
te_0009133,0
te_0009134,0
te_0009135,0
te_0009136,0
te_0009137,0
te_0009138,0
te_0009139,0
te_0009140,0
te_0009141,0
te_0009142,0
te_0009143,0
te_0009144,0
te_0009145,0
te_0009146,0
te_0009147,0
te_0009148,0
te_0009149,0
te_0009150,0
te_0009151,0
te_0009152,0
te_0009153,0
te_0009154,0
te_0009155,0
te_0009156,0
te_0009157,0
te_0009158,0
te_0009159,0
te_0009160,0
te_0009161,0
te_0009162,0
te_0009163,0
te_0009164,0
te_0009165,0
te_0009166,0
te_0009167,0
te_0009168,0
te_0009169,0
te_0009170,0
te_0009171,0
te_0009172,0
te_0009173,0
te_0009174,0
te_0009175,0
te_0009176,0
te_0009177,0
te_0009178,0
te_0009179,0
te_0009180,0
te_0009181,0
te_0009182,0
te_0009183,0
te_0009184,0
te_0009185,0
te_0009186,0
te_0009187,0
te_0009188,0
te_0009189,0
te_0009190,0
te_0009191,0
te_0009192,0
te_0009193,0
te_0009194,0
te_0009195,0
te_0009196,0
te_0009197,0
te_0009198,0
te_0009199,0
te_0009200,0
te_0009201,0
te_0009202,0
te_0009203,0
te_0009204,0
te_0009205,0
te_0009206,0
te_0009207,0
te_0009208,0
te_0009209,0
te_0009210,0
te_0009211,0
te_0009212,0
te_0009213,0
te_0009214,0
te_0009215,0
te_0009216,0
te_0009217,0
te_0009218,0
te_0009219,0
te_0009220,0
te_0009221,0
te_0009222,0
te_0009223,0
te_0009224,0
te_0009225,0
te_0009226,0
te_0009227,0
te_0009228,0
te_0009229,0
te_0009230,0
te_0009231,0
te_0009232,0
te_0009233,0
te_0009234,0
te_0009235,0
te_0009236,0
te_0009237,0
te_0009238,0
te_0009239,0
te_0009240,0
te_0009241,0
te_0009242,0
te_0009243,0
te_0009244,0
te_0009245,0
te_0009246,0
te_0009247,0
te_0009248,0
te_0009249,0
te_0009250,0
te_0009251,0
te_0009252,0
te_0009253,0
te_0009254,0
te_0009255,0
te_0009256,0
te_0009257,0
te_0009258,0
te_0009259,0
te_0009260,0
te_0009261,0
te_0009262,0
te_0009263,0
te_0009264,0
te_0009265,0
te_0009266,0
te_0009267,0
te_0009268,0
te_0009269,0
te_0009270,0
te_0009271,0
te_0009272,0
te_0009273,0
te_0009274,0
te_0009275,0
te_0009276,0
te_0009277,0
te_0009278,0
te_0009279,0
te_0009280,0
te_0009281,0
te_0009282,0
te_0009283,0
te_0009284,0
te_0009285,0
te_0009286,0
te_0009287,0
te_0009288,0
te_0009289,0
te_0009290,0
te_0009291,0
te_0009292,0
te_0009293,0
te_0009294,0
te_0009295,0
te_0009296,0
te_0009297,0
te_0009298,0
te_0009299,0
te_0009300,0
te_0009301,0
te_0009302,0
te_0009303,0
te_0009304,0
te_0009305,0
te_0009306,0
te_0009307,0
te_0009308,0
te_0009309,0
te_0009310,0
te_0009311,0
te_0009312,0
te_0009313,0
te_0009314,0
te_0009315,0
te_0009316,0
te_0009317,0
te_0009318,0
te_0009319,0
te_0009320,0
te_0009321,0
te_0009322,0
te_0009323,0
te_0009324,0
te_0009325,0
te_0009326,0
te_0009327,0
te_0009328,0
te_0009329,0
te_0009330,0
te_0009331,0
te_0009332,0
te_0009333,0
te_0009334,0
te_0009335,0
te_0009336,0
te_0009337,0
te_0009338,0
te_0009339,0
te_0009340,0
te_0009341,0
te_0009342,0
te_0009343,0
te_0009344,0
te_0009345,0
te_0009346,0
te_0009347,0
te_0009348,0
te_0009349,0
te_0009350,0
te_0009351,0
te_0009352,0
te_0009353,0
te_0009354,0
te_0009355,0
te_0009356,0
te_0009357,0
te_0009358,0
te_0009359,0
te_0009360,0
te_0009361,0
te_0009362,0
te_0009363,0
te_0009364,0
te_0009365,0
te_0009366,0
te_0009367,0
te_0009368,0
te_0009369,0
te_0009370,0
te_0009371,0
te_0009372,0
te_0009373,0
te_0009374,0
te_0009375,0
te_0009376,0
te_0009377,0
te_0009378,0
te_0009379,0
te_0009380,0
te_0009381,0
te_0009382,0
te_0009383,0
te_0009384,0
te_0009385,0
te_0009386,0
te_0009387,0
te_0009388,0
te_0009389,0
te_0009390,0
te_0009391,0
te_0009392,0
te_0009393,0
te_0009394,0
te_0009395,0
te_0009396,0
te_0009397,0
te_0009398,0
te_0009399,0
te_0009400,0
te_0009401,0
te_0009402,0
te_0009403,0
te_0009404,0
te_0009405,0
te_0009406,0
te_0009407,0
te_0009408,0
te_0009409,0
te_0009410,0
te_0009411,0
te_0009412,0
te_0009413,0
te_0009414,0
te_0009415,0
te_0009416,0
te_0009417,0
te_0009418,0
te_0009419,0
te_0009420,0
te_0009421,0
te_0009422,0
te_0009423,0
te_0009424,0
te_0009425,0
te_0009426,0
te_0009427,0
te_0009428,0
te_0009429,0
te_0009430,0
te_0009431,0
te_0009432,0
te_0009433,0
te_0009434,0
te_0009435,0
te_0009436,0
te_0009437,0
te_0009438,0
te_0009439,0
te_0009440,0
te_0009441,0
te_0009442,0
te_0009443,0
te_0009444,0
te_0009445,0
te_0009446,0
te_0009447,0
te_0009448,0
te_0009449,0
te_0009450,0
te_0009451,0
te_0009452,0
te_0009453,0
te_0009454,0
te_0009455,0
te_0009456,0
te_0009457,0
te_0009458,0
te_0009459,0
te_0009460,0
te_0009461,0
te_0009462,0
te_0009463,0
te_0009464,0
te_0009465,0
te_0009466,0
te_0009467,0
te_0009468,0
te_0009469,0
te_0009470,0
te_0009471,0
te_0009472,0
te_0009473,0
te_0009474,0
te_0009475,0
te_0009476,0
te_0009477,0
te_0009478,0
te_0009479,0
te_0009480,0
te_0009481,0
te_0009482,0
te_0009483,0
te_0009484,0
te_0009485,0
te_0009486,0
te_0009487,0
te_0009488,0
te_0009489,0
te_0009490,0
te_0009491,0
te_0009492,0
te_0009493,0
te_0009494,0
te_0009495,0
te_0009496,0
te_0009497,0
te_0009498,0
te_0009499,0
te_0009500,0
te_0009501,0
te_0009502,0
te_0009503,0
te_0009504,0
te_0009505,0
te_0009506,0
te_0009507,0
te_0009508,0
te_0009509,0
te_0009510,0
te_0009511,0
te_0009512,0
te_0009513,0
te_0009514,0
te_0009515,0
te_0009516,0
te_0009517,0
te_0009518,0
te_0009519,0
te_0009520,0
te_0009521,0
te_0009522,0
te_0009523,0
te_0009524,0
te_0009525,0
te_0009526,0
te_0009527,0
te_0009528,0
te_0009529,0
te_0009530,0
te_0009531,0
te_0009532,0
te_0009533,0
te_0009534,0
te_0009535,0
te_0009536,0
te_0009537,0
te_0009538,0
te_0009539,0
te_0009540,0
te_0009541,0
te_0009542,0
te_0009543,0
te_0009544,0
te_0009545,0
te_0009546,0
te_0009547,0
te_0009548,0
te_0009549,0
te_0009550,0
te_0009551,0
te_0009552,0
te_0009553,0
te_0009554,0
te_0009555,0
te_0009556,0
te_0009557,0
te_0009558,0
te_0009559,0
te_0009560,0
te_0009561,0
te_0009562,0
te_0009563,0
te_0009564,0
te_0009565,0
te_0009566,0
te_0009567,0
te_0009568,0
te_0009569,0
te_0009570,0
te_0009571,0
te_0009572,0
te_0009573,0
te_0009574,0
te_0009575,0
te_0009576,0
te_0009577,0
te_0009578,0
te_0009579,0
te_0009580,0
te_0009581,0
te_0009582,0
te_0009583,0
te_0009584,0
te_0009585,0
te_0009586,0
te_0009587,0
te_0009588,0
te_0009589,0
te_0009590,0
te_0009591,0
te_0009592,0
te_0009593,0
te_0009594,0
te_0009595,0
te_0009596,0
te_0009597,0
te_0009598,0
te_0009599,0
te_0009600,0
te_0009601,0
te_0009602,0
te_0009603,0
te_0009604,0
te_0009605,0
te_0009606,0
te_0009607,0
te_0009608,0
te_0009609,0
te_0009610,0
te_0009611,0
te_0009612,0
te_0009613,0
te_0009614,0
te_0009615,0
te_0009616,0
te_0009617,0
te_0009618,0
te_0009619,0
te_0009620,0
te_0009621,0
te_0009622,0
te_0009623,0
te_0009624,0
te_0009625,0
te_0009626,0
te_0009627,0
te_0009628,0
te_0009629,0
te_0009630,0
te_0009631,0
te_0009632,0
te_0009633,0
te_0009634,0
te_0009635,0
te_0009636,0
te_0009637,0
te_0009638,0
te_0009639,0
te_0009640,0
te_0009641,0
te_0009642,0
te_0009643,0
te_0009644,0
te_0009645,0
te_0009646,0
te_0009647,0
te_0009648,0
te_0009649,0
te_0009650,0
te_0009651,0
te_0009652,0
te_0009653,0
te_0009654,0
te_0009655,0
te_0009656,0
te_0009657,0
te_0009658,0
te_0009659,0
te_0009660,0
te_0009661,0
te_0009662,0
te_0009663,0
te_0009664,0
te_0009665,0
te_0009666,0
te_0009667,0
te_0009668,0
te_0009669,0
te_0009670,0
te_0009671,0
te_0009672,0
te_0009673,0
te_0009674,0
te_0009675,0
te_0009676,0
te_0009677,0
te_0009678,0
te_0009679,0
te_0009680,0
te_0009681,0
te_0009682,0
te_0009683,0
te_0009684,0
te_0009685,0
te_0009686,0
te_0009687,0
te_0009688,0
te_0009689,0
te_0009690,0
te_0009691,0
te_0009692,0
te_0009693,0
te_0009694,0
te_0009695,0
te_0009696,0
te_0009697,0
te_0009698,0
te_0009699,0
te_0009700,0
te_0009701,0
te_0009702,0
te_0009703,0
te_0009704,0
te_0009705,0
te_0009706,0
te_0009707,0
te_0009708,0
te_0009709,0
te_0009710,0
te_0009711,0
te_0009712,0
te_0009713,0
te_0009714,0
te_0009715,0
te_0009716,0
te_0009717,0
te_0009718,0
te_0009719,0
te_0009720,0
te_0009721,0
te_0009722,0
te_0009723,0
te_0009724,0
te_0009725,0
te_0009726,0
te_0009727,0
te_0009728,0
te_0009729,0
te_0009730,0
te_0009731,0
te_0009732,0
te_0009733,0
te_0009734,0
te_0009735,0
te_0009736,0
te_0009737,0
te_0009738,0
te_0009739,0
te_0009740,0
te_0009741,0
te_0009742,0
te_0009743,0
te_0009744,0
te_0009745,0
te_0009746,0
te_0009747,0
te_0009748,0
te_0009749,0
te_0009750,0
te_0009751,0
te_0009752,0
te_0009753,0
te_0009754,0
te_0009755,0
te_0009756,0
te_0009757,0
te_0009758,0
te_0009759,0
te_0009760,0
te_0009761,0
te_0009762,0
te_0009763,0
te_0009764,0
te_0009765,0
te_0009766,0
te_0009767,0
te_0009768,0
te_0009769,0
te_0009770,0
te_0009771,0
te_0009772,0
te_0009773,0
te_0009774,0
te_0009775,0
te_0009776,0
te_0009777,0
te_0009778,0
te_0009779,0
te_0009780,0
te_0009781,0
te_0009782,0
te_0009783,0
te_0009784,0
te_0009785,0
te_0009786,0
te_0009787,0
te_0009788,0
te_0009789,0
te_0009790,0
te_0009791,0
te_0009792,0
te_0009793,0
te_0009794,0
te_0009795,0
te_0009796,0
te_0009797,0
te_0009798,0
te_0009799,0
te_0009800,0
te_0009801,0
te_0009802,0
te_0009803,0
te_0009804,0
te_0009805,0
te_0009806,0
te_0009807,0
te_0009808,0
te_0009809,0
te_0009810,0
te_0009811,0
te_0009812,0
te_0009813,0
te_0009814,0
te_0009815,0
te_0009816,0
te_0009817,0
te_0009818,0
te_0009819,0
te_0009820,0
te_0009821,0
te_0009822,0
te_0009823,0
te_0009824,0
te_0009825,0
te_0009826,0
te_0009827,0
te_0009828,0
te_0009829,0
te_0009830,0
te_0009831,0
te_0009832,0
te_0009833,0
te_0009834,0
te_0009835,0
te_0009836,0
te_0009837,0
te_0009838,0
te_0009839,0
te_0009840,0
te_0009841,0
te_0009842,0
te_0009843,0
te_0009844,0
te_0009845,0
te_0009846,0
te_0009847,0
te_0009848,0
te_0009849,0
te_0009850,0
te_0009851,0
te_0009852,0
te_0009853,0
te_0009854,0
te_0009855,0
te_0009856,0
te_0009857,0
te_0009858,0
te_0009859,0
te_0009860,0
te_0009861,0
te_0009862,0
te_0009863,0
te_0009864,0
te_0009865,0
te_0009866,0
te_0009867,0
te_0009868,0
te_0009869,0
te_0009870,0
te_0009871,0
te_0009872,0
te_0009873,0
te_0009874,0
te_0009875,0
te_0009876,0
te_0009877,0
te_0009878,0
te_0009879,0
te_0009880,0
te_0009881,0
te_0009882,0
te_0009883,0
te_0009884,0
te_0009885,0
te_0009886,0
te_0009887,0
te_0009888,0
te_0009889,0
te_0009890,0
te_0009891,0
te_0009892,0
te_0009893,0
te_0009894,0
te_0009895,0
te_0009896,0
te_0009897,0
te_0009898,0
te_0009899,0
te_0009900,0
te_0009901,0
te_0009902,0
te_0009903,0
te_0009904,0
te_0009905,0
te_0009906,0
te_0009907,0
te_0009908,0
te_0009909,0
te_0009910,0
te_0009911,0
te_0009912,0
te_0009913,0
te_0009914,0
te_0009915,0
te_0009916,0
te_0009917,0
te_0009918,0
te_0009919,0
te_0009920,0
te_0009921,0
te_0009922,0
te_0009923,0
te_0009924,0
te_0009925,0
te_0009926,0
te_0009927,0
te_0009928,0
te_0009929,0
te_0009930,0
te_0009931,0
te_0009932,0
te_0009933,0
te_0009934,0
te_0009935,0
te_0009936,0
te_0009937,0
te_0009938,0
te_0009939,0
te_0009940,0
te_0009941,0
te_0009942,0
te_0009943,0
te_0009944,0
te_0009945,0
te_0009946,0
te_0009947,0
te_0009948,0
te_0009949,0
te_0009950,0
te_0009951,0
te_0009952,0
te_0009953,0
te_0009954,0
te_0009955,0
te_0009956,0
te_0009957,0
te_0009958,0
te_0009959,0
te_0009960,0
te_0009961,0
te_0009962,0
te_0009963,0
te_0009964,0
te_0009965,0
te_0009966,0
te_0009967,0
te_0009968,0
te_0009969,0
te_0009970,0
te_0009971,0
te_0009972,0
te_0009973,0
te_0009974,0
te_0009975,0
te_0009976,0
te_0009977,0
te_0009978,0
te_0009979,0
te_0009980,0
te_0009981,0
te_0009982,0
te_0009983,0
te_0009984,0
te_0009985,0
te_0009986,0
te_0009987,0
te_0009988,0
te_0009989,0
te_0009990,0
te_0009991,0
te_0009992,0
te_0009993,0
te_0009994,0
te_0009995,0
te_0009996,0
te_0009997,0
te_0009998,0
te_0009999,0
te_0010000,0
te_0010001,0
te_0010002,0
te_0010003,0
te_0010004,0
te_0010005,0
te_0010006,0
te_0010007,0
te_0010008,0
te_0010009,0
te_0010010,0
te_0010011,0
te_0010012,0
te_0010013,0
te_0010014,0
te_0010015,0
te_0010016,0
te_0010017,0
te_0010018,0
te_0010019,0
te_0010020,0
te_0010021,0
te_0010022,0
te_0010023,0
te_0010024,0
te_0010025,0
te_0010026,0
te_0010027,0
te_0010028,0
te_0010029,0
te_0010030,0
te_0010031,0
te_0010032,0
te_0010033,0
te_0010034,0
te_0010035,0
te_0010036,0
te_0010037,0
te_0010038,0
te_0010039,0
te_0010040,0
te_0010041,0
te_0010042,0
te_0010043,0
te_0010044,0
te_0010045,0
te_0010046,0
te_0010047,0
te_0010048,0
te_0010049,0
te_0010050,0
te_0010051,0
te_0010052,0
te_0010053,0
te_0010054,0
te_0010055,0
te_0010056,0
te_0010057,0
te_0010058,0
te_0010059,0
te_0010060,0
te_0010061,0
te_0010062,0
te_0010063,0
te_0010064,0
te_0010065,0
te_0010066,0
te_0010067,0
te_0010068,0
te_0010069,0
te_0010070,0
te_0010071,0
te_0010072,0
te_0010073,0
te_0010074,0
te_0010075,0
te_0010076,0
te_0010077,0
te_0010078,0
te_0010079,0
te_0010080,0
te_0010081,0
te_0010082,0
te_0010083,0
te_0010084,0
te_0010085,0
te_0010086,0
te_0010087,0
te_0010088,0
te_0010089,0
te_0010090,0
te_0010091,0
te_0010092,0
te_0010093,0
te_0010094,0
te_0010095,0
te_0010096,0
te_0010097,0
te_0010098,0
te_0010099,0
te_0010100,0
te_0010101,0
te_0010102,0
te_0010103,0
te_0010104,0
te_0010105,0
te_0010106,0
te_0010107,0
te_0010108,0
te_0010109,0
te_0010110,0
te_0010111,0
te_0010112,0
te_0010113,0
te_0010114,0
te_0010115,0
te_0010116,0
te_0010117,0
te_0010118,0
te_0010119,0
te_0010120,0
te_0010121,0
te_0010122,0
te_0010123,0
te_0010124,0
te_0010125,0
te_0010126,0
te_0010127,0
te_0010128,0
te_0010129,0
te_0010130,0
te_0010131,0
te_0010132,0
te_0010133,0
te_0010134,0
te_0010135,0
te_0010136,0
te_0010137,0
te_0010138,0
te_0010139,0
te_0010140,0
te_0010141,0
te_0010142,0
te_0010143,0
te_0010144,0
te_0010145,0
te_0010146,0
te_0010147,0
te_0010148,0
te_0010149,0
te_0010150,0
te_0010151,0
te_0010152,0
te_0010153,0
te_0010154,0
te_0010155,0
te_0010156,0
te_0010157,0
te_0010158,0
te_0010159,0
te_0010160,0
te_0010161,0
te_0010162,0
te_0010163,0
te_0010164,0
te_0010165,0
te_0010166,0
te_0010167,0
te_0010168,0
te_0010169,0
te_0010170,0
te_0010171,0
te_0010172,0
te_0010173,0
te_0010174,0
te_0010175,0
te_0010176,0
te_0010177,0
te_0010178,0
te_0010179,0
te_0010180,0
te_0010181,0
te_0010182,0
te_0010183,0
te_0010184,0
te_0010185,0
te_0010186,0
te_0010187,0
te_0010188,0
te_0010189,0
te_0010190,0
te_0010191,0
te_0010192,0
te_0010193,0
te_0010194,0
te_0010195,0
te_0010196,0
te_0010197,0
te_0010198,0
te_0010199,0
te_0010200,0
te_0010201,0
te_0010202,0
te_0010203,0
te_0010204,0
te_0010205,0
te_0010206,0
te_0010207,0
te_0010208,0
te_0010209,0
te_0010210,0
te_0010211,0
te_0010212,0
te_0010213,0
te_0010214,0
te_0010215,0
te_0010216,0
te_0010217,0
te_0010218,0
te_0010219,0
te_0010220,0
te_0010221,0
te_0010222,0
te_0010223,0
te_0010224,0
te_0010225,0
te_0010226,0
te_0010227,0
te_0010228,0
te_0010229,0
te_0010230,0
te_0010231,0
te_0010232,0
te_0010233,0
te_0010234,0
te_0010235,0
te_0010236,0
te_0010237,0
te_0010238,0
te_0010239,0
te_0010240,0
te_0010241,0
te_0010242,0
te_0010243,0
te_0010244,0
te_0010245,0
te_0010246,0
te_0010247,0
te_0010248,0
te_0010249,0
te_0010250,0
te_0010251,0
te_0010252,0
te_0010253,0
te_0010254,0
te_0010255,0
te_0010256,0
te_0010257,0
te_0010258,0
te_0010259,0
te_0010260,0
te_0010261,0
te_0010262,0
te_0010263,0
te_0010264,0
te_0010265,0
te_0010266,0
te_0010267,0
te_0010268,0
te_0010269,0
te_0010270,0
te_0010271,0
te_0010272,0
te_0010273,0
te_0010274,0
te_0010275,0
te_0010276,0
te_0010277,0
te_0010278,0
te_0010279,0
te_0010280,0
te_0010281,0
te_0010282,0
te_0010283,0
te_0010284,0
te_0010285,0
te_0010286,0
te_0010287,0
te_0010288,0
te_0010289,0
te_0010290,0
te_0010291,0
te_0010292,0
te_0010293,0
te_0010294,0
te_0010295,0
te_0010296,0
te_0010297,0
te_0010298,0
te_0010299,0
te_0010300,0
te_0010301,0
te_0010302,0
te_0010303,0
te_0010304,0
te_0010305,0
te_0010306,0
te_0010307,0
te_0010308,0
te_0010309,0
te_0010310,0
te_0010311,0
te_0010312,0
te_0010313,0
te_0010314,0
te_0010315,0
te_0010316,0
te_0010317,0
te_0010318,0
te_0010319,0
te_0010320,0
te_0010321,0
te_0010322,0
te_0010323,0
te_0010324,0
te_0010325,0
te_0010326,0
te_0010327,0
te_0010328,0
te_0010329,0
te_0010330,0
te_0010331,0
te_0010332,0
te_0010333,0
te_0010334,0
te_0010335,0
te_0010336,0
te_0010337,0
te_0010338,0
te_0010339,0
te_0010340,0
te_0010341,0
te_0010342,0
te_0010343,0
te_0010344,0
te_0010345,0
te_0010346,0
te_0010347,0
te_0010348,0
te_0010349,0
te_0010350,0
te_0010351,0
te_0010352,0
te_0010353,0
te_0010354,0
te_0010355,0
te_0010356,0
te_0010357,0
te_0010358,0
te_0010359,0
te_0010360,0
te_0010361,0
te_0010362,0
te_0010363,0
te_0010364,0
te_0010365,0
te_0010366,0
te_0010367,0
te_0010368,0
te_0010369,0
te_0010370,0
te_0010371,0
te_0010372,0
te_0010373,0
te_0010374,0
te_0010375,0
te_0010376,0
te_0010377,0
te_0010378,0
te_0010379,0
te_0010380,0
te_0010381,0
te_0010382,0
te_0010383,0
te_0010384,0
te_0010385,0
te_0010386,0
te_0010387,0
te_0010388,0
te_0010389,0
te_0010390,0
te_0010391,0
te_0010392,0
te_0010393,0
te_0010394,0
te_0010395,0
te_0010396,0
te_0010397,0
te_0010398,0
te_0010399,0
te_0010400,0
te_0010401,0
te_0010402,0
te_0010403,0
te_0010404,0
te_0010405,0
te_0010406,0
te_0010407,0
te_0010408,0
te_0010409,0
te_0010410,0
te_0010411,0
te_0010412,0
te_0010413,0
te_0010414,0
te_0010415,0
te_0010416,0
te_0010417,0
te_0010418,0
te_0010419,0
te_0010420,0
te_0010421,0
te_0010422,0
te_0010423,0
te_0010424,0
te_0010425,0
te_0010426,0
te_0010427,0
te_0010428,0
te_0010429,0
te_0010430,0
te_0010431,0
te_0010432,0
te_0010433,0
te_0010434,0
te_0010435,0
te_0010436,0
te_0010437,0
te_0010438,0
te_0010439,0
te_0010440,0
te_0010441,0
te_0010442,0
te_0010443,0
te_0010444,0
te_0010445,0
te_0010446,0
te_0010447,0
te_0010448,0
te_0010449,0
te_0010450,0
te_0010451,0
te_0010452,0
te_0010453,0
te_0010454,0
te_0010455,0
te_0010456,0
te_0010457,0
te_0010458,0
te_0010459,0
te_0010460,0
te_0010461,0
te_0010462,0
te_0010463,0
te_0010464,0
te_0010465,0
te_0010466,0
te_0010467,0
te_0010468,0
te_0010469,0
te_0010470,0
te_0010471,0
te_0010472,0
te_0010473,0
te_0010474,0
te_0010475,0
te_0010476,0
te_0010477,0
te_0010478,0
te_0010479,0
te_0010480,0
te_0010481,0
te_0010482,0
te_0010483,0
te_0010484,0
te_0010485,0
te_0010486,0
te_0010487,0
te_0010488,0
te_0010489,0
te_0010490,0
te_0010491,0
te_0010492,0
te_0010493,0
te_0010494,0
te_0010495,0
te_0010496,0
te_0010497,0
te_0010498,0
te_0010499,0
te_0010500,0
te_0010501,0
te_0010502,0
te_0010503,0
te_0010504,0
te_0010505,0
te_0010506,0
te_0010507,0
te_0010508,0
te_0010509,0
te_0010510,0
te_0010511,0
te_0010512,0
te_0010513,0
te_0010514,0
te_0010515,0
te_0010516,0
te_0010517,0
te_0010518,0
te_0010519,0
te_0010520,0
te_0010521,0
te_0010522,0
te_0010523,0
te_0010524,0
te_0010525,0
te_0010526,0
te_0010527,0
te_0010528,0
te_0010529,0
te_0010530,0
te_0010531,0
te_0010532,0
te_0010533,0
te_0010534,0
te_0010535,0
te_0010536,0
te_0010537,0
te_0010538,0
te_0010539,0
te_0010540,0
te_0010541,0
te_0010542,0
te_0010543,0
te_0010544,0
te_0010545,0
te_0010546,0
te_0010547,0
te_0010548,0
te_0010549,0
te_0010550,0
te_0010551,0
te_0010552,0
te_0010553,0
te_0010554,0
te_0010555,0
te_0010556,0
te_0010557,0
te_0010558,0
te_0010559,0
te_0010560,0
te_0010561,0
te_0010562,0
te_0010563,0
te_0010564,0
te_0010565,0
te_0010566,0
te_0010567,0
te_0010568,0
te_0010569,0
te_0010570,0
te_0010571,0
te_0010572,0
te_0010573,0
te_0010574,0
te_0010575,0
te_0010576,0
te_0010577,0
te_0010578,0
te_0010579,0
te_0010580,0
te_0010581,0
te_0010582,0
te_0010583,0
te_0010584,0
te_0010585,0
te_0010586,0
te_0010587,0
te_0010588,0
te_0010589,0
te_0010590,0
te_0010591,0
te_0010592,0
te_0010593,0
te_0010594,0
te_0010595,0
te_0010596,0
te_0010597,0
te_0010598,0
te_0010599,0
te_0010600,0
te_0010601,0
te_0010602,0
te_0010603,0
te_0010604,0
te_0010605,0
te_0010606,0
te_0010607,0
te_0010608,0
te_0010609,0
te_0010610,0
te_0010611,0
te_0010612,0
te_0010613,0
te_0010614,0
te_0010615,0
te_0010616,0
te_0010617,0
te_0010618,0
te_0010619,0
te_0010620,0
te_0010621,0
te_0010622,0
te_0010623,0
te_0010624,0
te_0010625,0
te_0010626,0
te_0010627,0
te_0010628,0
te_0010629,0
te_0010630,0
te_0010631,0
te_0010632,0
te_0010633,0
te_0010634,0
te_0010635,0
te_0010636,0
te_0010637,0
te_0010638,0
te_0010639,0
te_0010640,0
te_0010641,0
te_0010642,0
te_0010643,0
te_0010644,0
te_0010645,0
te_0010646,0
te_0010647,0
te_0010648,0
te_0010649,0
te_0010650,0
te_0010651,0
te_0010652,0
te_0010653,0
te_0010654,0
te_0010655,0
te_0010656,0
te_0010657,0
te_0010658,0
te_0010659,0
te_0010660,0
te_0010661,0
te_0010662,0
te_0010663,0
te_0010664,0
te_0010665,0
te_0010666,0
te_0010667,0
te_0010668,0
te_0010669,0
te_0010670,0
te_0010671,0
te_0010672,0
te_0010673,0
te_0010674,0
te_0010675,0
te_0010676,0
te_0010677,0
te_0010678,0
te_0010679,0
te_0010680,0
te_0010681,0
te_0010682,0
te_0010683,0
te_0010684,0
te_0010685,0
te_0010686,0
te_0010687,0
te_0010688,0
te_0010689,0
te_0010690,0
te_0010691,0
te_0010692,0
te_0010693,0
te_0010694,0
te_0010695,0
te_0010696,0
te_0010697,0
te_0010698,0
te_0010699,0
te_0010700,0
te_0010701,0
te_0010702,0
te_0010703,0
te_0010704,0
te_0010705,0
te_0010706,0
te_0010707,0
te_0010708,0
te_0010709,0
te_0010710,0
te_0010711,0
te_0010712,0
te_0010713,0
te_0010714,0
te_0010715,0
te_0010716,0
te_0010717,0
te_0010718,0
te_0010719,0
te_0010720,0
te_0010721,0
te_0010722,0
te_0010723,0
te_0010724,0
te_0010725,0
te_0010726,0
te_0010727,0
te_0010728,0
te_0010729,0
te_0010730,0
te_0010731,0
te_0010732,0
te_0010733,0
te_0010734,0
te_0010735,0
te_0010736,0
te_0010737,0
te_0010738,0
te_0010739,0
te_0010740,0
te_0010741,0
te_0010742,0
te_0010743,0
te_0010744,0
te_0010745,0
te_0010746,0
te_0010747,0
te_0010748,0
te_0010749,0
te_0010750,0
te_0010751,0
te_0010752,0
te_0010753,0
te_0010754,0
te_0010755,0
te_0010756,0
te_0010757,0
te_0010758,0
te_0010759,0
te_0010760,0
te_0010761,0
te_0010762,0
te_0010763,0
te_0010764,0
te_0010765,0
te_0010766,0
te_0010767,0
te_0010768,0
te_0010769,0
te_0010770,0
te_0010771,0
te_0010772,0
te_0010773,0
te_0010774,0
te_0010775,0
te_0010776,0
te_0010777,0
te_0010778,0
te_0010779,0
te_0010780,0
te_0010781,0
te_0010782,0
te_0010783,0
te_0010784,0
te_0010785,0
te_0010786,0
te_0010787,0
te_0010788,0
te_0010789,0
te_0010790,0
te_0010791,0
te_0010792,0
te_0010793,0
te_0010794,0
te_0010795,0
te_0010796,0
te_0010797,0
te_0010798,0
te_0010799,0
te_0010800,0
te_0010801,0
te_0010802,0
te_0010803,0
te_0010804,0
te_0010805,0
te_0010806,0
te_0010807,0
te_0010808,0
te_0010809,0
te_0010810,0
te_0010811,0
te_0010812,0
te_0010813,0
te_0010814,0
te_0010815,0
te_0010816,0
te_0010817,0
te_0010818,0
te_0010819,0
te_0010820,0
te_0010821,0
te_0010822,0
te_0010823,0
te_0010824,0
te_0010825,0
te_0010826,0
te_0010827,0
te_0010828,0
te_0010829,0
te_0010830,0
te_0010831,0
te_0010832,0
te_0010833,0
te_0010834,0
te_0010835,0
te_0010836,0
te_0010837,0
te_0010838,0
te_0010839,0
te_0010840,0
te_0010841,0
te_0010842,0
te_0010843,0
te_0010844,0
te_0010845,0
te_0010846,0
te_0010847,0
te_0010848,0
te_0010849,0
te_0010850,0
te_0010851,0
te_0010852,0
te_0010853,0
te_0010854,0
te_0010855,0
te_0010856,0
te_0010857,0
te_0010858,0
te_0010859,0
te_0010860,0
te_0010861,0
te_0010862,0
te_0010863,0
te_0010864,0
te_0010865,0
te_0010866,0
te_0010867,0
te_0010868,0
te_0010869,0
te_0010870,0
te_0010871,0
te_0010872,0
te_0010873,0
te_0010874,0
te_0010875,0
te_0010876,0
te_0010877,0
te_0010878,0
te_0010879,0
te_0010880,0
te_0010881,0
te_0010882,0
te_0010883,0
te_0010884,0
te_0010885,0
te_0010886,0
te_0010887,0
te_0010888,0
te_0010889,0
te_0010890,0
te_0010891,0
te_0010892,0
te_0010893,0
te_0010894,0
te_0010895,0
te_0010896,0
te_0010897,0
te_0010898,0
te_0010899,0
te_0010900,0
te_0010901,0
te_0010902,0
te_0010903,0
te_0010904,0
te_0010905,0
te_0010906,0
te_0010907,0
te_0010908,0
te_0010909,0
te_0010910,0
te_0010911,0
te_0010912,0
te_0010913,0
te_0010914,0
te_0010915,0
te_0010916,0
te_0010917,0
te_0010918,0
te_0010919,0
te_0010920,0
te_0010921,0
te_0010922,0
te_0010923,0
te_0010924,0
te_0010925,0
te_0010926,0
te_0010927,0
te_0010928,0
te_0010929,0
te_0010930,0
te_0010931,0
te_0010932,0
te_0010933,0
te_0010934,0
te_0010935,0
te_0010936,0
te_0010937,0
te_0010938,0
te_0010939,0
te_0010940,0
te_0010941,0
te_0010942,0
te_0010943,0
te_0010944,0
te_0010945,0
te_0010946,0
te_0010947,0
te_0010948,0
te_0010949,0
te_0010950,0
te_0010951,0
te_0010952,0
te_0010953,0
te_0010954,0
te_0010955,0
te_0010956,0
te_0010957,0
te_0010958,0
te_0010959,0
te_0010960,0
te_0010961,0
te_0010962,0
te_0010963,0
te_0010964,0
te_0010965,0
te_0010966,0
te_0010967,0
te_0010968,0
te_0010969,0
te_0010970,0
te_0010971,0
te_0010972,0
te_0010973,0
te_0010974,0
te_0010975,0
te_0010976,0
te_0010977,0
te_0010978,0
te_0010979,0
te_0010980,0
te_0010981,0
te_0010982,0
te_0010983,0
te_0010984,0
te_0010985,0
te_0010986,0
te_0010987,0
te_0010988,0
te_0010989,0
te_0010990,0
te_0010991,0
te_0010992,0
te_0010993,0
te_0010994,0
te_0010995,0
te_0010996,0
te_0010997,0
te_0010998,0
te_0010999,0
te_0011000,0
te_0011001,0
te_0011002,0
te_0011003,0
te_0011004,0
te_0011005,0
te_0011006,0
te_0011007,0
te_0011008,0
te_0011009,0
te_0011010,0
te_0011011,0
te_0011012,0
te_0011013,0
te_0011014,0
te_0011015,0
te_0011016,0
te_0011017,0
te_0011018,0
te_0011019,0
te_0011020,0
te_0011021,0
te_0011022,0
te_0011023,0
te_0011024,0
te_0011025,0
te_0011026,0
te_0011027,0
te_0011028,0
te_0011029,0
te_0011030,0
te_0011031,0
te_0011032,0
te_0011033,0
te_0011034,0
te_0011035,0
te_0011036,0
te_0011037,0
te_0011038,0
te_0011039,0
te_0011040,0
te_0011041,0
te_0011042,0
te_0011043,0
te_0011044,0
te_0011045,0
te_0011046,0
te_0011047,0
te_0011048,0
te_0011049,0
te_0011050,0
te_0011051,0
te_0011052,0
te_0011053,0
te_0011054,0
te_0011055,0
te_0011056,0
te_0011057,0
te_0011058,0
te_0011059,0
te_0011060,0
te_0011061,0
te_0011062,0
te_0011063,0
te_0011064,0
te_0011065,0
te_0011066,0
te_0011067,0
te_0011068,0
te_0011069,0
te_0011070,0
te_0011071,0
te_0011072,0
te_0011073,0
te_0011074,0
te_0011075,0
te_0011076,0
te_0011077,0
te_0011078,0
te_0011079,0
te_0011080,0
te_0011081,0
te_0011082,0
te_0011083,0
te_0011084,0
te_0011085,0
te_0011086,0
te_0011087,0
te_0011088,0
te_0011089,0
te_0011090,0
te_0011091,0
te_0011092,0
te_0011093,0
te_0011094,0
te_0011095,0
te_0011096,0
te_0011097,0
te_0011098,0
te_0011099,0
te_0011100,0
te_0011101,0
te_0011102,0
te_0011103,0
te_0011104,0
te_0011105,0
te_0011106,0
te_0011107,0
te_0011108,0
te_0011109,0
te_0011110,0
te_0011111,0
te_0011112,0
te_0011113,0
te_0011114,0
te_0011115,0
te_0011116,0
te_0011117,0
te_0011118,0
te_0011119,0
te_0011120,0
te_0011121,0
te_0011122,0
te_0011123,0
te_0011124,0
te_0011125,0
te_0011126,0
te_0011127,0
te_0011128,0
te_0011129,0
te_0011130,0
te_0011131,0
te_0011132,0
te_0011133,0
te_0011134,0
te_0011135,0
te_0011136,0
te_0011137,0
te_0011138,0
te_0011139,0
te_0011140,0
te_0011141,0
te_0011142,0
te_0011143,0
te_0011144,0
te_0011145,0
te_0011146,0
te_0011147,0
te_0011148,0
te_0011149,0
te_0011150,0
te_0011151,0
te_0011152,0
te_0011153,0
te_0011154,0
te_0011155,0
te_0011156,0
te_0011157,0
te_0011158,0
te_0011159,0
te_0011160,0
te_0011161,0
te_0011162,0
te_0011163,0
te_0011164,0
te_0011165,0
te_0011166,0
te_0011167,0
te_0011168,0
te_0011169,0
te_0011170,0
te_0011171,0
te_0011172,0
te_0011173,0
te_0011174,0
te_0011175,0
te_0011176,0
te_0011177,0
te_0011178,0
te_0011179,0
te_0011180,0
te_0011181,0
te_0011182,0
te_0011183,0
te_0011184,0
te_0011185,0
te_0011186,0
te_0011187,0
te_0011188,0
te_0011189,0
te_0011190,0
te_0011191,0
te_0011192,0
te_0011193,0
te_0011194,0
te_0011195,0
te_0011196,0
te_0011197,0
te_0011198,0
te_0011199,0
te_0011200,0
te_0011201,0
te_0011202,0
te_0011203,0
te_0011204,0
te_0011205,0
te_0011206,0
te_0011207,0
te_0011208,0
te_0011209,0
te_0011210,0
te_0011211,0
te_0011212,0
te_0011213,0
te_0011214,0
te_0011215,0
te_0011216,0
te_0011217,0
te_0011218,0
te_0011219,0
te_0011220,0
te_0011221,0
te_0011222,0
te_0011223,0
te_0011224,0
te_0011225,0
te_0011226,0
te_0011227,0
te_0011228,0
te_0011229,0
te_0011230,0
te_0011231,0
te_0011232,0
te_0011233,0
te_0011234,0
te_0011235,0
te_0011236,0
te_0011237,0
te_0011238,0
te_0011239,0
te_0011240,0
te_0011241,0
te_0011242,0
te_0011243,0
te_0011244,0
te_0011245,0
te_0011246,0
te_0011247,0
te_0011248,0
te_0011249,0
te_0011250,0
te_0011251,0
te_0011252,0
te_0011253,0
te_0011254,0
te_0011255,0
te_0011256,0
te_0011257,0
te_0011258,0
te_0011259,0
te_0011260,0
te_0011261,0
te_0011262,0
te_0011263,0
te_0011264,0
te_0011265,0
te_0011266,0
te_0011267,0
te_0011268,0
te_0011269,0
te_0011270,0
te_0011271,0
te_0011272,0
te_0011273,0
te_0011274,0
te_0011275,0
te_0011276,0
te_0011277,0
te_0011278,0
te_0011279,0
te_0011280,0
te_0011281,0
te_0011282,0
te_0011283,0
te_0011284,0
te_0011285,0
te_0011286,0
te_0011287,0
te_0011288,0
te_0011289,0
te_0011290,0
te_0011291,0
te_0011292,0
te_0011293,0
te_0011294,0
te_0011295,0
te_0011296,0
te_0011297,0
te_0011298,0
te_0011299,0
te_0011300,0
te_0011301,0
te_0011302,0
te_0011303,0
te_0011304,0
te_0011305,0
te_0011306,0
te_0011307,0
te_0011308,0
te_0011309,0
te_0011310,0
te_0011311,0
te_0011312,0
te_0011313,0
te_0011314,0
te_0011315,0
te_0011316,0
te_0011317,0
te_0011318,0
te_0011319,0
te_0011320,0
te_0011321,0
te_0011322,0
te_0011323,0
te_0011324,0
te_0011325,0
te_0011326,0
te_0011327,0
te_0011328,0
te_0011329,0
te_0011330,0
te_0011331,0
te_0011332,0
te_0011333,0
te_0011334,0
te_0011335,0
te_0011336,0
te_0011337,0
te_0011338,0
te_0011339,0
te_0011340,0
te_0011341,0
te_0011342,0
te_0011343,0
te_0011344,0
te_0011345,0
te_0011346,0
te_0011347,0
te_0011348,0
te_0011349,0
te_0011350,0
te_0011351,0
te_0011352,0
te_0011353,0
te_0011354,0
te_0011355,0
te_0011356,0
te_0011357,0
te_0011358,0
te_0011359,0
te_0011360,0
te_0011361,0
te_0011362,0
te_0011363,0
te_0011364,0
te_0011365,0
te_0011366,0
te_0011367,0
te_0011368,0
te_0011369,0
te_0011370,0
te_0011371,0
te_0011372,0
te_0011373,0
te_0011374,0
te_0011375,0
te_0011376,0
te_0011377,0
te_0011378,0
te_0011379,0
te_0011380,0
te_0011381,0
te_0011382,0
te_0011383,0
te_0011384,0
te_0011385,0
te_0011386,0
te_0011387,0
te_0011388,0
te_0011389,0
te_0011390,0
te_0011391,0
te_0011392,0
te_0011393,0
te_0011394,0
te_0011395,0
te_0011396,0
te_0011397,0
te_0011398,0
te_0011399,0
te_0011400,0
te_0011401,0
te_0011402,0
te_0011403,0
te_0011404,0
te_0011405,0
te_0011406,0
te_0011407,0
te_0011408,0
te_0011409,0
te_0011410,0
te_0011411,0
te_0011412,0
te_0011413,0
te_0011414,0
te_0011415,0
te_0011416,0
te_0011417,0
te_0011418,0
te_0011419,0
te_0011420,0
te_0011421,0
te_0011422,0
te_0011423,0
te_0011424,0
te_0011425,0
te_0011426,0
te_0011427,0
te_0011428,0
te_0011429,0
te_0011430,0
te_0011431,0
te_0011432,0
te_0011433,0
te_0011434,0
te_0011435,0
te_0011436,0
te_0011437,0
te_0011438,0
te_0011439,0
te_0011440,0
te_0011441,0
te_0011442,0
te_0011443,0
te_0011444,0
te_0011445,0
te_0011446,0
te_0011447,0
te_0011448,0
te_0011449,0
te_0011450,0
te_0011451,0
te_0011452,0
te_0011453,0
te_0011454,0
te_0011455,0
te_0011456,0
te_0011457,0
te_0011458,0
te_0011459,0
te_0011460,0
te_0011461,0
te_0011462,0
te_0011463,0
te_0011464,0
te_0011465,0
te_0011466,0
te_0011467,0
te_0011468,0
te_0011469,0
te_0011470,0
te_0011471,0
te_0011472,0
te_0011473,0
te_0011474,0
te_0011475,0
te_0011476,0
te_0011477,0
te_0011478,0
te_0011479,0
te_0011480,0
te_0011481,0
te_0011482,0
te_0011483,0
te_0011484,0
te_0011485,0
te_0011486,0
te_0011487,0
te_0011488,0
te_0011489,0
te_0011490,0
te_0011491,0
te_0011492,0
te_0011493,0
te_0011494,0
te_0011495,0
te_0011496,0
te_0011497,0
te_0011498,0
te_0011499,0
te_0011500,0
te_0011501,0
te_0011502,0
te_0011503,0
te_0011504,0
te_0011505,0
te_0011506,0
te_0011507,0
te_0011508,0
te_0011509,0
te_0011510,0
te_0011511,0
te_0011512,0
te_0011513,0
te_0011514,0
te_0011515,0
te_0011516,0
te_0011517,0
te_0011518,0
te_0011519,0
te_0011520,0
te_0011521,0
te_0011522,0
te_0011523,0
te_0011524,0
te_0011525,0
te_0011526,0
te_0011527,0
te_0011528,0
te_0011529,0
te_0011530,0
te_0011531,0
te_0011532,0
te_0011533,0
te_0011534,0
te_0011535,0
te_0011536,0
te_0011537,0
te_0011538,0
te_0011539,0
te_0011540,0
te_0011541,0
te_0011542,0
te_0011543,0
te_0011544,0
te_0011545,0
te_0011546,0
te_0011547,0
te_0011548,0
te_0011549,0
te_0011550,0
te_0011551,0
te_0011552,0
te_0011553,0
te_0011554,0
te_0011555,0
te_0011556,0
te_0011557,0
te_0011558,0
te_0011559,0
te_0011560,0
te_0011561,0
te_0011562,0
te_0011563,0
te_0011564,0
te_0011565,0
te_0011566,0
te_0011567,0
te_0011568,0
te_0011569,0
te_0011570,0
te_0011571,0
te_0011572,0
te_0011573,0
te_0011574,0
te_0011575,0
te_0011576,0
te_0011577,0
te_0011578,0
te_0011579,0
te_0011580,0
te_0011581,0
te_0011582,0
te_0011583,0
te_0011584,0
te_0011585,0
te_0011586,0
te_0011587,0
te_0011588,0
te_0011589,0
te_0011590,0
te_0011591,0
te_0011592,0
te_0011593,0
te_0011594,0
te_0011595,0
te_0011596,0
te_0011597,0
te_0011598,0
te_0011599,0
te_0011600,0
te_0011601,0
te_0011602,0
te_0011603,0
te_0011604,0
te_0011605,0
te_0011606,0
te_0011607,0
te_0011608,0
te_0011609,0
te_0011610,0
te_0011611,0
te_0011612,0
te_0011613,0
te_0011614,0
te_0011615,0
te_0011616,0
te_0011617,0
te_0011618,0
te_0011619,0
te_0011620,0
te_0011621,0
te_0011622,0
te_0011623,0
te_0011624,0
te_0011625,0
te_0011626,0
te_0011627,0
te_0011628,0
te_0011629,0
te_0011630,0
te_0011631,0
te_0011632,0
te_0011633,0
te_0011634,0
te_0011635,0
te_0011636,0
te_0011637,0
te_0011638,0
te_0011639,0
te_0011640,0
te_0011641,0
te_0011642,0
te_0011643,0
te_0011644,0
te_0011645,0
te_0011646,0
te_0011647,0
te_0011648,0
te_0011649,0
te_0011650,0
te_0011651,0
te_0011652,0
te_0011653,0
te_0011654,0
te_0011655,0
te_0011656,0
te_0011657,0
te_0011658,0
te_0011659,0
te_0011660,0
te_0011661,0
te_0011662,0
te_0011663,0
te_0011664,0
te_0011665,0
te_0011666,0
te_0011667,0
te_0011668,0
te_0011669,0
te_0011670,0
te_0011671,0
te_0011672,0
te_0011673,0
te_0011674,0
te_0011675,0
te_0011676,0
te_0011677,0
te_0011678,0
te_0011679,0
te_0011680,0
te_0011681,0
te_0011682,0
te_0011683,0
te_0011684,0
te_0011685,0
te_0011686,0
te_0011687,0
te_0011688,0
te_0011689,0
te_0011690,0
te_0011691,0
te_0011692,0
te_0011693,0
te_0011694,0
te_0011695,0
te_0011696,0
te_0011697,0
te_0011698,0
te_0011699,0
te_0011700,0
te_0011701,0
te_0011702,0
te_0011703,0
te_0011704,0
te_0011705,0
te_0011706,0
te_0011707,0
te_0011708,0
te_0011709,0
te_0011710,0
te_0011711,0
te_0011712,0
te_0011713,0
te_0011714,0
te_0011715,0
te_0011716,0
te_0011717,0
te_0011718,0
te_0011719,0
te_0011720,0
te_0011721,0
te_0011722,0
te_0011723,0
te_0011724,0
te_0011725,0
te_0011726,0
te_0011727,0
te_0011728,0
te_0011729,0
te_0011730,0
te_0011731,0
te_0011732,0
te_0011733,0
te_0011734,0
te_0011735,0
te_0011736,0
te_0011737,0
te_0011738,0
te_0011739,0
te_0011740,0
te_0011741,0
te_0011742,0
te_0011743,0
te_0011744,0
te_0011745,0
te_0011746,0
te_0011747,0
te_0011748,0
te_0011749,0
te_0011750,0
te_0011751,0
te_0011752,0
te_0011753,0
te_0011754,0
te_0011755,0
te_0011756,0
te_0011757,0
te_0011758,0
te_0011759,0
te_0011760,0
te_0011761,0
te_0011762,0
te_0011763,0
te_0011764,0
te_0011765,0
te_0011766,0
te_0011767,0
te_0011768,0
te_0011769,0
te_0011770,0
te_0011771,0
te_0011772,0
te_0011773,0
te_0011774,0
te_0011775,0
te_0011776,0
te_0011777,0
te_0011778,0
te_0011779,0
te_0011780,0
te_0011781,0
te_0011782,0
te_0011783,0
te_0011784,0
te_0011785,0
te_0011786,0
te_0011787,0
te_0011788,0
te_0011789,0
te_0011790,0
te_0011791,0
te_0011792,0
te_0011793,0
te_0011794,0
te_0011795,0
te_0011796,0
te_0011797,0
te_0011798,0
te_0011799,0
te_0011800,0
te_0011801,0
te_0011802,0
te_0011803,0
te_0011804,0
te_0011805,0
te_0011806,0
te_0011807,0
te_0011808,0
te_0011809,0
te_0011810,0
te_0011811,0
te_0011812,0
te_0011813,0
te_0011814,0
te_0011815,0
te_0011816,0
te_0011817,0
te_0011818,0
te_0011819,0
te_0011820,0
te_0011821,0
te_0011822,0
te_0011823,0
te_0011824,0
te_0011825,0
te_0011826,0
te_0011827,0
te_0011828,0
te_0011829,0
te_0011830,0
te_0011831,0
te_0011832,0
te_0011833,0
te_0011834,0
te_0011835,0
te_0011836,0
te_0011837,0
te_0011838,0
te_0011839,0
te_0011840,0
te_0011841,0
te_0011842,0
te_0011843,0
te_0011844,0
te_0011845,0
te_0011846,0
te_0011847,0
te_0011848,0
te_0011849,0
te_0011850,0
te_0011851,0
te_0011852,0
te_0011853,0
te_0011854,0
te_0011855,0
te_0011856,0
te_0011857,0
te_0011858,0
te_0011859,0
te_0011860,0
te_0011861,0
te_0011862,0
te_0011863,0
te_0011864,0
te_0011865,0
te_0011866,0
te_0011867,0
te_0011868,0
te_0011869,0
te_0011870,0
te_0011871,0
te_0011872,0
te_0011873,0
te_0011874,0
te_0011875,0
te_0011876,0
te_0011877,0
te_0011878,0
te_0011879,0
te_0011880,0
te_0011881,0
te_0011882,0
te_0011883,0
te_0011884,0
te_0011885,0
te_0011886,0
te_0011887,0
te_0011888,0
te_0011889,0
te_0011890,0
te_0011891,0
te_0011892,0
te_0011893,0
te_0011894,0
te_0011895,0
te_0011896,0
te_0011897,0
te_0011898,0
te_0011899,0
te_0011900,0
te_0011901,0
te_0011902,0
te_0011903,0
te_0011904,0
te_0011905,0
te_0011906,0
te_0011907,0
te_0011908,0
te_0011909,0
te_0011910,0
te_0011911,0
te_0011912,0
te_0011913,0
te_0011914,0
te_0011915,0
te_0011916,0
te_0011917,0
te_0011918,0
te_0011919,0
te_0011920,0
te_0011921,0
te_0011922,0
te_0011923,0
te_0011924,0
te_0011925,0
te_0011926,0
te_0011927,0
te_0011928,0
te_0011929,0
te_0011930,0
te_0011931,0
te_0011932,0
te_0011933,0
te_0011934,0
te_0011935,0
te_0011936,0
te_0011937,0
te_0011938,0
te_0011939,0
te_0011940,0
te_0011941,0
te_0011942,0
te_0011943,0
te_0011944,0
te_0011945,0
te_0011946,0
te_0011947,0
te_0011948,0
te_0011949,0
te_0011950,0
te_0011951,0
te_0011952,0
te_0011953,0
te_0011954,0
te_0011955,0
te_0011956,0
te_0011957,0
te_0011958,0
te_0011959,0
te_0011960,0
te_0011961,0
te_0011962,0
te_0011963,0
te_0011964,0
te_0011965,0
te_0011966,0
te_0011967,0
te_0011968,0
te_0011969,0
te_0011970,0
te_0011971,0
te_0011972,0
te_0011973,0
te_0011974,0
te_0011975,0
te_0011976,0
te_0011977,0
te_0011978,0
te_0011979,0
te_0011980,0
te_0011981,0
te_0011982,0
te_0011983,0
te_0011984,0
te_0011985,0
te_0011986,0
te_0011987,0
te_0011988,0
te_0011989,0
te_0011990,0
te_0011991,0
te_0011992,0
te_0011993,0
te_0011994,0
te_0011995,0
te_0011996,0
te_0011997,0
te_0011998,0
te_0011999,0
te_0012000,0
te_0012001,0
te_0012002,0
te_0012003,0
te_0012004,0
te_0012005,0
te_0012006,0
te_0012007,0
te_0012008,0
te_0012009,0
te_0012010,0
te_0012011,0
te_0012012,0
te_0012013,0
te_0012014,0
te_0012015,0
te_0012016,0
te_0012017,0
te_0012018,0
te_0012019,0
te_0012020,0
te_0012021,0
te_0012022,0
te_0012023,0
te_0012024,0
te_0012025,0
te_0012026,0
te_0012027,0
te_0012028,0
te_0012029,0
te_0012030,0
te_0012031,0
te_0012032,0
te_0012033,0
te_0012034,0
te_0012035,0
te_0012036,0
te_0012037,0
te_0012038,0
te_0012039,0
te_0012040,0
te_0012041,0
te_0012042,0
te_0012043,0
te_0012044,0
te_0012045,0
te_0012046,0
te_0012047,0
te_0012048,0
te_0012049,0
te_0012050,0
te_0012051,0
te_0012052,0
te_0012053,0
te_0012054,0
te_0012055,0
te_0012056,0
te_0012057,0
te_0012058,0
te_0012059,0
te_0012060,0
te_0012061,0
te_0012062,0
te_0012063,0
te_0012064,0
te_0012065,0
te_0012066,0
te_0012067,0
te_0012068,0
te_0012069,0
te_0012070,0
te_0012071,0
te_0012072,0
te_0012073,0
te_0012074,0
te_0012075,0
te_0012076,0
te_0012077,0
te_0012078,0
te_0012079,0
te_0012080,0
te_0012081,0
te_0012082,0
te_0012083,0
te_0012084,0
te_0012085,0
te_0012086,0
te_0012087,0
te_0012088,0
te_0012089,0
te_0012090,0
te_0012091,0
te_0012092,0
te_0012093,0
te_0012094,0
te_0012095,0
te_0012096,0
te_0012097,0
te_0012098,0
te_0012099,0
te_0012100,0
te_0012101,0
te_0012102,0
te_0012103,0
te_0012104,0
te_0012105,0
te_0012106,0
te_0012107,0
te_0012108,0
te_0012109,0
te_0012110,0
te_0012111,0
te_0012112,0
te_0012113,0
te_0012114,0
te_0012115,0
te_0012116,0
te_0012117,0
te_0012118,0
te_0012119,0
te_0012120,0
te_0012121,0
te_0012122,0
te_0012123,0
te_0012124,0
te_0012125,0
te_0012126,0
te_0012127,0
te_0012128,0
te_0012129,0
te_0012130,0
te_0012131,0
te_0012132,0
te_0012133,0
te_0012134,0
te_0012135,0
te_0012136,0
te_0012137,0
te_0012138,0
te_0012139,0
te_0012140,0
te_0012141,0
te_0012142,0
te_0012143,0
te_0012144,0
te_0012145,0
te_0012146,0
te_0012147,0
te_0012148,0
te_0012149,0
te_0012150,0
te_0012151,0
te_0012152,0
te_0012153,0
te_0012154,0
te_0012155,0
te_0012156,0
te_0012157,0
te_0012158,0
te_0012159,0
te_0012160,0
te_0012161,0
te_0012162,0
te_0012163,0
te_0012164,0
te_0012165,0
te_0012166,0
te_0012167,0
te_0012168,0
te_0012169,0
te_0012170,0
te_0012171,0
te_0012172,0
te_0012173,0
te_0012174,0
te_0012175,0
te_0012176,0
te_0012177,0
te_0012178,0
te_0012179,0
te_0012180,0
te_0012181,0
te_0012182,0
te_0012183,0
te_0012184,0
te_0012185,0
te_0012186,0
te_0012187,0
te_0012188,0
te_0012189,0
te_0012190,0
te_0012191,0
te_0012192,0
te_0012193,0
te_0012194,0
te_0012195,0
te_0012196,0
te_0012197,0
te_0012198,0
te_0012199,0
te_0012200,0
te_0012201,0
te_0012202,0
te_0012203,0
te_0012204,0
te_0012205,0
te_0012206,0
te_0012207,0
te_0012208,0
te_0012209,0
te_0012210,0
te_0012211,0
te_0012212,0
te_0012213,0
te_0012214,0
te_0012215,0
te_0012216,0
te_0012217,0
te_0012218,0
te_0012219,0
te_0012220,0
te_0012221,0
te_0012222,0
te_0012223,0
te_0012224,0
te_0012225,0
te_0012226,0
te_0012227,0
te_0012228,0
te_0012229,0
te_0012230,0
te_0012231,0
te_0012232,0
te_0012233,0
te_0012234,0
te_0012235,0
te_0012236,0
te_0012237,0
te_0012238,0
te_0012239,0
te_0012240,0
te_0012241,0
te_0012242,0
te_0012243,0
te_0012244,0
te_0012245,0
te_0012246,0
te_0012247,0
te_0012248,0
te_0012249,0
te_0012250,0
te_0012251,0
te_0012252,0
te_0012253,0
te_0012254,0
te_0012255,0
te_0012256,0
te_0012257,0
te_0012258,0
te_0012259,0
te_0012260,0
te_0012261,0
te_0012262,0
te_0012263,0
te_0012264,0
te_0012265,0
te_0012266,0
te_0012267,0
te_0012268,0
te_0012269,0
te_0012270,0
te_0012271,0
te_0012272,0
te_0012273,0
te_0012274,0
te_0012275,0
te_0012276,0
te_0012277,0
te_0012278,0
te_0012279,0
te_0012280,0
te_0012281,0
te_0012282,0
te_0012283,0
te_0012284,0
te_0012285,0
te_0012286,0
te_0012287,0
te_0012288,0
te_0012289,0
te_0012290,0
te_0012291,0
te_0012292,0
te_0012293,0
te_0012294,0
te_0012295,0
te_0012296,0
te_0012297,0
te_0012298,0
te_0012299,0
te_0012300,0
te_0012301,0
te_0012302,0
te_0012303,0
te_0012304,0
te_0012305,0
te_0012306,0
te_0012307,0
te_0012308,0
te_0012309,0
te_0012310,0
te_0012311,0
te_0012312,0
te_0012313,0
te_0012314,0
te_0012315,0
te_0012316,0
te_0012317,0
te_0012318,0
te_0012319,0
te_0012320,0
te_0012321,0
te_0012322,0
te_0012323,0
te_0012324,0
te_0012325,0
te_0012326,0
te_0012327,0
te_0012328,0
te_0012329,0
te_0012330,0
te_0012331,0
te_0012332,0
te_0012333,0
te_0012334,0
te_0012335,0
te_0012336,0
te_0012337,0
te_0012338,0
te_0012339,0
te_0012340,0
te_0012341,0
te_0012342,0
te_0012343,0
te_0012344,0
te_0012345,0
te_0012346,0
te_0012347,0
te_0012348,0
te_0012349,0
te_0012350,0
te_0012351,0
te_0012352,0
te_0012353,0
te_0012354,0
te_0012355,0
te_0012356,0
te_0012357,0
te_0012358,0
te_0012359,0
te_0012360,0
te_0012361,0
te_0012362,0
te_0012363,0
te_0012364,0
te_0012365,0
te_0012366,0
te_0012367,0
te_0012368,0
te_0012369,0
te_0012370,0
te_0012371,0
te_0012372,0
te_0012373,0
te_0012374,0
te_0012375,0
te_0012376,0
te_0012377,0
te_0012378,0
te_0012379,0
te_0012380,0
te_0012381,0
te_0012382,0
te_0012383,0
te_0012384,0
te_0012385,0
te_0012386,0
te_0012387,0
te_0012388,0
te_0012389,0
te_0012390,0
te_0012391,0
te_0012392,0
te_0012393,0
te_0012394,0
te_0012395,0
te_0012396,0
te_0012397,0
te_0012398,0
te_0012399,0
te_0012400,0
te_0012401,0
te_0012402,0
te_0012403,0
te_0012404,0
te_0012405,0
te_0012406,0
te_0012407,0
te_0012408,0
te_0012409,0
te_0012410,0
te_0012411,0
te_0012412,0
te_0012413,0
te_0012414,0
te_0012415,0
te_0012416,0
te_0012417,0
te_0012418,0
te_0012419,0
te_0012420,0
te_0012421,0
te_0012422,0
te_0012423,0
te_0012424,0
te_0012425,0
te_0012426,0
te_0012427,0
te_0012428,0
te_0012429,0
te_0012430,0
te_0012431,0
te_0012432,0
te_0012433,0
te_0012434,0
te_0012435,0
te_0012436,0
te_0012437,0
te_0012438,0
te_0012439,0
te_0012440,0
te_0012441,0
te_0012442,0
te_0012443,0
te_0012444,0
te_0012445,0
te_0012446,0
te_0012447,0
te_0012448,0
te_0012449,0
te_0012450,0
te_0012451,0
te_0012452,0
te_0012453,0
te_0012454,0
te_0012455,0
te_0012456,0
te_0012457,0
te_0012458,0
te_0012459,0
te_0012460,0
te_0012461,0
te_0012462,0
te_0012463,0
te_0012464,0
te_0012465,0
te_0012466,0
te_0012467,0
te_0012468,0
te_0012469,0
te_0012470,0
te_0012471,0
te_0012472,0
te_0012473,0
te_0012474,0
te_0012475,0
te_0012476,0
te_0012477,0
te_0012478,0
te_0012479,0
te_0012480,0
te_0012481,0
te_0012482,0
te_0012483,0
te_0012484,0
te_0012485,0
te_0012486,0
te_0012487,0
te_0012488,0
te_0012489,0
te_0012490,0
te_0012491,0
te_0012492,0
te_0012493,0
te_0012494,0
te_0012495,0
te_0012496,0
te_0012497,0
te_0012498,0
te_0012499,0
te_0012500,0
te_0012501,0
te_0012502,0
te_0012503,0
te_0012504,0
te_0012505,0
te_0012506,0
te_0012507,0
te_0012508,0
te_0012509,0
te_0012510,0
te_0012511,0
te_0012512,0
te_0012513,0
te_0012514,0
te_0012515,0
te_0012516,0
te_0012517,0
te_0012518,0
te_0012519,0
te_0012520,0
te_0012521,0
te_0012522,0
te_0012523,0
te_0012524,0
te_0012525,0
te_0012526,0
te_0012527,0
te_0012528,0
te_0012529,0
te_0012530,0
te_0012531,0
te_0012532,0
te_0012533,0
te_0012534,0
te_0012535,0
te_0012536,0
te_0012537,0
te_0012538,0
te_0012539,0
te_0012540,0
te_0012541,0
te_0012542,0
te_0012543,0
te_0012544,0
te_0012545,0
te_0012546,0
te_0012547,0
te_0012548,0
te_0012549,0
te_0012550,0
te_0012551,0
te_0012552,0
te_0012553,0
te_0012554,0
te_0012555,0
te_0012556,0
te_0012557,0
te_0012558,0
te_0012559,0
te_0012560,0
te_0012561,0
te_0012562,0
te_0012563,0
te_0012564,0
te_0012565,0
te_0012566,0
te_0012567,0
te_0012568,0
te_0012569,0
te_0012570,0
te_0012571,0
te_0012572,0
te_0012573,0
te_0012574,0
te_0012575,0
te_0012576,0
te_0012577,0
te_0012578,0
te_0012579,0
te_0012580,0
te_0012581,0
te_0012582,0
te_0012583,0
te_0012584,0
te_0012585,0
te_0012586,0
te_0012587,0
te_0012588,0
te_0012589,0
te_0012590,0
te_0012591,0
te_0012592,0
te_0012593,0
te_0012594,0
te_0012595,0
te_0012596,0
te_0012597,0
te_0012598,0
te_0012599,0
te_0012600,0
te_0012601,0
te_0012602,0
te_0012603,0
te_0012604,0
te_0012605,0
te_0012606,0
te_0012607,0
te_0012608,0
te_0012609,0
te_0012610,0
te_0012611,0
te_0012612,0
te_0012613,0
te_0012614,0
te_0012615,0
te_0012616,0
te_0012617,0
te_0012618,0
te_0012619,0
te_0012620,0
te_0012621,0
te_0012622,0
te_0012623,0
te_0012624,0
te_0012625,0
te_0012626,0
te_0012627,0
te_0012628,0
te_0012629,0
te_0012630,0
te_0012631,0
te_0012632,0
te_0012633,0
te_0012634,0
te_0012635,0
te_0012636,0
te_0012637,0
te_0012638,0
te_0012639,0
te_0012640,0
te_0012641,0
te_0012642,0
te_0012643,0
te_0012644,0
te_0012645,0
te_0012646,0
te_0012647,0
te_0012648,0
te_0012649,0
te_0012650,0
te_0012651,0
te_0012652,0
te_0012653,0
te_0012654,0
te_0012655,0
te_0012656,0
te_0012657,0
te_0012658,0
te_0012659,0
te_0012660,0
te_0012661,0
te_0012662,0
te_0012663,0
te_0012664,0
te_0012665,0
te_0012666,0
te_0012667,0
te_0012668,0
te_0012669,0
te_0012670,0
te_0012671,0
te_0012672,0
te_0012673,0
te_0012674,0
te_0012675,0
te_0012676,0
te_0012677,0
te_0012678,0
te_0012679,0
te_0012680,0
te_0012681,0
te_0012682,0
te_0012683,0
te_0012684,0
te_0012685,0
te_0012686,0
te_0012687,0
te_0012688,0
te_0012689,0
te_0012690,0
te_0012691,0
te_0012692,0
te_0012693,0
te_0012694,0
te_0012695,0
te_0012696,0
te_0012697,0
te_0012698,0
te_0012699,0
te_0012700,0
te_0012701,0
te_0012702,0
te_0012703,0
te_0012704,0
te_0012705,0
te_0012706,0
te_0012707,0
te_0012708,0
te_0012709,0
te_0012710,0
te_0012711,0
te_0012712,0
te_0012713,0
te_0012714,0
te_0012715,0
te_0012716,0
te_0012717,0
te_0012718,0
te_0012719,0
te_0012720,0
te_0012721,0
te_0012722,0
te_0012723,0
te_0012724,0
te_0012725,0
te_0012726,0
te_0012727,0
te_0012728,0
te_0012729,0
te_0012730,0
te_0012731,0
te_0012732,0
te_0012733,0
te_0012734,0
te_0012735,0
te_0012736,0
te_0012737,0
te_0012738,0
te_0012739,0
te_0012740,0
te_0012741,0
te_0012742,0
te_0012743,0
te_0012744,0
te_0012745,0
te_0012746,0
te_0012747,0
te_0012748,0
te_0012749,0
te_0012750,0
te_0012751,0
te_0012752,0
te_0012753,0
te_0012754,0
te_0012755,0
te_0012756,0
te_0012757,0
te_0012758,0
te_0012759,0
te_0012760,0
te_0012761,0
te_0012762,0
te_0012763,0
te_0012764,0
te_0012765,0
te_0012766,0
te_0012767,0
te_0012768,0
te_0012769,0
te_0012770,0
te_0012771,0
te_0012772,0
te_0012773,0
te_0012774,0
te_0012775,0
te_0012776,0
te_0012777,0
te_0012778,0
te_0012779,0
te_0012780,0
te_0012781,0
te_0012782,0
te_0012783,0
te_0012784,0
te_0012785,0
te_0012786,0
te_0012787,0
te_0012788,0
te_0012789,0
te_0012790,0
te_0012791,0
te_0012792,0
te_0012793,0
te_0012794,0
te_0012795,0
te_0012796,0
te_0012797,0
te_0012798,0
te_0012799,0
te_0012800,0
te_0012801,0
te_0012802,0
te_0012803,0
te_0012804,0
te_0012805,0
te_0012806,0
te_0012807,0
te_0012808,0
te_0012809,0
te_0012810,0
te_0012811,0
te_0012812,0
te_0012813,0
te_0012814,0
te_0012815,0
te_0012816,0
te_0012817,0
te_0012818,0
te_0012819,0
te_0012820,0
te_0012821,0
te_0012822,0
te_0012823,0
te_0012824,0
te_0012825,0
te_0012826,0
te_0012827,0
te_0012828,0
te_0012829,0
te_0012830,0
te_0012831,0
te_0012832,0
te_0012833,0
te_0012834,0
te_0012835,0
te_0012836,0
te_0012837,0
te_0012838,0
te_0012839,0
te_0012840,0
te_0012841,0
te_0012842,0
te_0012843,0
te_0012844,0
te_0012845,0
te_0012846,0
te_0012847,0
te_0012848,0
te_0012849,0
te_0012850,0
te_0012851,0
te_0012852,0
te_0012853,0
te_0012854,0
te_0012855,0
te_0012856,0
te_0012857,0
te_0012858,0
te_0012859,0
te_0012860,0
te_0012861,0
te_0012862,0
te_0012863,0
te_0012864,0
te_0012865,0
te_0012866,0
te_0012867,0
te_0012868,0
te_0012869,0
te_0012870,0
te_0012871,0
te_0012872,0
te_0012873,0
te_0012874,0
te_0012875,0
te_0012876,0
te_0012877,0
te_0012878,0
te_0012879,0
te_0012880,0
te_0012881,0
te_0012882,0
te_0012883,0
te_0012884,0
te_0012885,0
te_0012886,0
te_0012887,0
te_0012888,0
te_0012889,0
te_0012890,0
te_0012891,0
te_0012892,0
te_0012893,0
te_0012894,0
te_0012895,0
te_0012896,0
te_0012897,0
te_0012898,0
te_0012899,0
te_0012900,0
te_0012901,0
te_0012902,0
te_0012903,0
te_0012904,0
te_0012905,0
te_0012906,0
te_0012907,0
te_0012908,0
te_0012909,0
te_0012910,0
te_0012911,0
te_0012912,0
te_0012913,0
te_0012914,0
te_0012915,0
te_0012916,0
te_0012917,0
te_0012918,0
te_0012919,0
te_0012920,0
te_0012921,0
te_0012922,0
te_0012923,0
te_0012924,0
te_0012925,0
te_0012926,0
te_0012927,0
te_0012928,0
te_0012929,0
te_0012930,0
te_0012931,0
te_0012932,0
te_0012933,0
te_0012934,0
te_0012935,0
te_0012936,0
te_0012937,0
te_0012938,0
te_0012939,0
te_0012940,0
te_0012941,0
te_0012942,0
te_0012943,0
te_0012944,0
te_0012945,0
te_0012946,0
te_0012947,0
te_0012948,0
te_0012949,0
te_0012950,0
te_0012951,0
te_0012952,0
te_0012953,0
te_0012954,0
te_0012955,0
te_0012956,0
te_0012957,0
te_0012958,0
te_0012959,0
te_0012960,0
te_0012961,0
te_0012962,0
te_0012963,0
te_0012964,0
te_0012965,0
te_0012966,0
te_0012967,0
te_0012968,0
te_0012969,0
te_0012970,0
te_0012971,0
te_0012972,0
te_0012973,0
te_0012974,0
te_0012975,0
te_0012976,0
te_0012977,0
te_0012978,0
te_0012979,0
te_0012980,0
te_0012981,0
te_0012982,0
te_0012983,0
te_0012984,0
te_0012985,0
te_0012986,0
te_0012987,0
te_0012988,0
te_0012989,0
te_0012990,0
te_0012991,0
te_0012992,0
te_0012993,0
te_0012994,0
te_0012995,0
te_0012996,0
te_0012997,0
te_0012998,0
te_0012999,0
te_0013000,0
te_0013001,0
te_0013002,0
te_0013003,0
te_0013004,0
te_0013005,0
te_0013006,0
te_0013007,0
te_0013008,0
te_0013009,0
te_0013010,0
te_0013011,0
te_0013012,0
te_0013013,0
te_0013014,0
te_0013015,0
te_0013016,0
te_0013017,0
te_0013018,0
te_0013019,0
te_0013020,0
te_0013021,0
te_0013022,0
te_0013023,0
te_0013024,0
te_0013025,0
te_0013026,0
te_0013027,0
te_0013028,0
te_0013029,0
te_0013030,0
te_0013031,0
te_0013032,0
te_0013033,0
te_0013034,0
te_0013035,0
te_0013036,0
te_0013037,0
te_0013038,0
te_0013039,0
te_0013040,0
te_0013041,0
te_0013042,0
te_0013043,0
te_0013044,0
te_0013045,0
te_0013046,0
te_0013047,0
te_0013048,0
te_0013049,0
te_0013050,0
te_0013051,0
te_0013052,0
te_0013053,0
te_0013054,0
te_0013055,0
te_0013056,0
te_0013057,0
te_0013058,0
te_0013059,0
te_0013060,0
te_0013061,0
te_0013062,0
te_0013063,0
te_0013064,0
te_0013065,0
te_0013066,0
te_0013067,0
te_0013068,0
te_0013069,0
te_0013070,0
te_0013071,0
te_0013072,0
te_0013073,0
te_0013074,0
te_0013075,0
te_0013076,0
te_0013077,0
te_0013078,0
te_0013079,0
te_0013080,0
te_0013081,0
te_0013082,0
te_0013083,0
te_0013084,0
te_0013085,0
te_0013086,0
te_0013087,0
te_0013088,0
te_0013089,0
te_0013090,0
te_0013091,0
te_0013092,0
te_0013093,0
te_0013094,0
te_0013095,0
te_0013096,0
te_0013097,0
te_0013098,0
te_0013099,0
te_0013100,0
te_0013101,0
te_0013102,0
te_0013103,0
te_0013104,0
te_0013105,0
te_0013106,0
te_0013107,0
te_0013108,0
te_0013109,0
te_0013110,0
te_0013111,0
te_0013112,0
te_0013113,0
te_0013114,0
te_0013115,0
te_0013116,0
te_0013117,0
te_0013118,0
te_0013119,0
te_0013120,0
te_0013121,0
te_0013122,0
te_0013123,0
te_0013124,0
te_0013125,0
te_0013126,0
te_0013127,0
te_0013128,0
te_0013129,0
te_0013130,0
te_0013131,0
te_0013132,0
te_0013133,0
te_0013134,0
te_0013135,0
te_0013136,0
te_0013137,0
te_0013138,0
te_0013139,0
te_0013140,0
te_0013141,0
te_0013142,0
te_0013143,0
te_0013144,0
te_0013145,0
te_0013146,0
te_0013147,0
te_0013148,0
te_0013149,0
te_0013150,0
te_0013151,0
te_0013152,0
te_0013153,0
te_0013154,0
te_0013155,0
te_0013156,0
te_0013157,0
te_0013158,0
te_0013159,0
te_0013160,0
te_0013161,0
te_0013162,0
te_0013163,0
te_0013164,0
te_0013165,0
te_0013166,0
te_0013167,0
te_0013168,0
te_0013169,0
te_0013170,0
te_0013171,0
te_0013172,0
te_0013173,0
te_0013174,0
te_0013175,0
te_0013176,0
te_0013177,0
te_0013178,0
te_0013179,0
te_0013180,0
te_0013181,0
te_0013182,0
te_0013183,0
te_0013184,0
te_0013185,0
te_0013186,0
te_0013187,0
te_0013188,0
te_0013189,0
te_0013190,0
te_0013191,0
te_0013192,0
te_0013193,0
te_0013194,0
te_0013195,0
te_0013196,0
te_0013197,0
te_0013198,0
te_0013199,0
te_0013200,0
te_0013201,0
te_0013202,0
te_0013203,0
te_0013204,0
te_0013205,0
te_0013206,0
te_0013207,0
te_0013208,0
te_0013209,0
te_0013210,0
te_0013211,0
te_0013212,0
te_0013213,0
te_0013214,0
te_0013215,0
te_0013216,0
te_0013217,0
te_0013218,0
te_0013219,0
te_0013220,0
te_0013221,0
te_0013222,0
te_0013223,0
te_0013224,0
te_0013225,0
te_0013226,0
te_0013227,0
te_0013228,0
te_0013229,0
te_0013230,0
te_0013231,0
te_0013232,0
te_0013233,0
te_0013234,0
te_0013235,0
te_0013236,0
te_0013237,0
te_0013238,0
te_0013239,0
te_0013240,0
te_0013241,0
te_0013242,0
te_0013243,0
te_0013244,0
te_0013245,0
te_0013246,0
te_0013247,0
te_0013248,0
te_0013249,0
te_0013250,0
te_0013251,0
te_0013252,0
te_0013253,0
te_0013254,0
te_0013255,0
te_0013256,0
te_0013257,0
te_0013258,0
te_0013259,0
te_0013260,0
te_0013261,0
te_0013262,0
te_0013263,0
te_0013264,0
te_0013265,0
te_0013266,0
te_0013267,0
te_0013268,0
te_0013269,0
te_0013270,0
te_0013271,0
te_0013272,0
te_0013273,0
te_0013274,0
te_0013275,0
te_0013276,0
te_0013277,0
te_0013278,0
te_0013279,0
te_0013280,0
te_0013281,0
te_0013282,0
te_0013283,0
te_0013284,0
te_0013285,0
te_0013286,0
te_0013287,0
te_0013288,0
te_0013289,0
te_0013290,0
te_0013291,0
te_0013292,0
te_0013293,0
te_0013294,0
te_0013295,0
te_0013296,0
te_0013297,0
te_0013298,0
te_0013299,0
te_0013300,0
te_0013301,0
te_0013302,0
te_0013303,0
te_0013304,0
te_0013305,0
te_0013306,0
te_0013307,0
te_0013308,0
te_0013309,0
te_0013310,0
te_0013311,0
te_0013312,0
te_0013313,0
te_0013314,0
te_0013315,0
te_0013316,0
te_0013317,0
te_0013318,0
te_0013319,0
te_0013320,0
te_0013321,0
te_0013322,0
te_0013323,0
te_0013324,0
te_0013325,0
te_0013326,0
te_0013327,0
te_0013328,0
te_0013329,0
te_0013330,0
te_0013331,0
te_0013332,0
te_0013333,0
te_0013334,0
te_0013335,0
te_0013336,0
te_0013337,0
te_0013338,0
te_0013339,0
te_0013340,0
te_0013341,0
te_0013342,0
te_0013343,0
te_0013344,0
te_0013345,0
te_0013346,0
te_0013347,0
te_0013348,0
te_0013349,0
te_0013350,0
te_0013351,0
te_0013352,0
te_0013353,0
te_0013354,0
te_0013355,0
te_0013356,0
te_0013357,0
te_0013358,0
te_0013359,0
te_0013360,0
te_0013361,0
te_0013362,0
te_0013363,0
te_0013364,0
te_0013365,0
te_0013366,0
te_0013367,0
te_0013368,0
te_0013369,0
te_0013370,0
te_0013371,0
te_0013372,0
te_0013373,0
te_0013374,0
te_0013375,0
te_0013376,0
te_0013377,0
te_0013378,0
te_0013379,0
te_0013380,0
te_0013381,0
te_0013382,0
te_0013383,0
te_0013384,0
te_0013385,0
te_0013386,0
te_0013387,0
te_0013388,0
te_0013389,0
te_0013390,0
te_0013391,0
te_0013392,0
te_0013393,0
te_0013394,0
te_0013395,0
te_0013396,0
te_0013397,0
te_0013398,0
te_0013399,0
te_0013400,0
te_0013401,0
te_0013402,0
te_0013403,0
te_0013404,0
te_0013405,0
te_0013406,0
te_0013407,0
te_0013408,0
te_0013409,0
te_0013410,0
te_0013411,0
te_0013412,0
te_0013413,0
te_0013414,0
te_0013415,0
te_0013416,0
te_0013417,0
te_0013418,0
te_0013419,0
te_0013420,0
te_0013421,0
te_0013422,0
te_0013423,0
te_0013424,0
te_0013425,0
te_0013426,0
te_0013427,0
te_0013428,0
te_0013429,0
te_0013430,0
te_0013431,0
te_0013432,0
te_0013433,0
te_0013434,0
te_0013435,0
te_0013436,0
te_0013437,0
te_0013438,0
te_0013439,0
te_0013440,0
te_0013441,0
te_0013442,0
te_0013443,0
te_0013444,0
te_0013445,0
te_0013446,0
te_0013447,0
te_0013448,0
te_0013449,0
te_0013450,0
te_0013451,0
te_0013452,0
te_0013453,0
te_0013454,0
te_0013455,0
te_0013456,0
te_0013457,0
te_0013458,0
te_0013459,0
te_0013460,0
te_0013461,0
te_0013462,0
te_0013463,0
te_0013464,0
te_0013465,0
te_0013466,0
te_0013467,0
te_0013468,0
te_0013469,0
te_0013470,0
te_0013471,0
te_0013472,0
te_0013473,0
te_0013474,0
te_0013475,0
te_0013476,0
te_0013477,0
te_0013478,0
te_0013479,0
te_0013480,0
te_0013481,0
te_0013482,0
te_0013483,0
te_0013484,0
te_0013485,0
te_0013486,0
te_0013487,0
te_0013488,0
te_0013489,0
te_0013490,0
te_0013491,0
te_0013492,0
te_0013493,0
te_0013494,0
te_0013495,0
te_0013496,0
te_0013497,0
te_0013498,0
te_0013499,0
te_0013500,0
te_0013501,0
te_0013502,0
te_0013503,0
te_0013504,0
te_0013505,0
te_0013506,0
te_0013507,0
te_0013508,0
te_0013509,0
te_0013510,0
te_0013511,0
te_0013512,0
te_0013513,0
te_0013514,0
te_0013515,0
te_0013516,0
te_0013517,0
te_0013518,0
te_0013519,0
te_0013520,0
te_0013521,0
te_0013522,0
te_0013523,0
te_0013524,0
te_0013525,0
te_0013526,0
te_0013527,0
te_0013528,0
te_0013529,0
te_0013530,0
te_0013531,0
te_0013532,0
te_0013533,0
te_0013534,0
te_0013535,0
te_0013536,0
te_0013537,0
te_0013538,0
te_0013539,0
te_0013540,0
te_0013541,0
te_0013542,0
te_0013543,0
te_0013544,0
te_0013545,0
te_0013546,0
te_0013547,0
te_0013548,0
te_0013549,0
te_0013550,0
te_0013551,0
te_0013552,0
te_0013553,0
te_0013554,0
te_0013555,0
te_0013556,0
te_0013557,0
te_0013558,0
te_0013559,0
te_0013560,0
te_0013561,0
te_0013562,0
te_0013563,0
te_0013564,0
te_0013565,0
te_0013566,0
te_0013567,0
te_0013568,0
te_0013569,0
te_0013570,0
te_0013571,0
te_0013572,0
te_0013573,0
te_0013574,0
te_0013575,0
te_0013576,0
te_0013577,0
te_0013578,0
te_0013579,0
te_0013580,0
te_0013581,0
te_0013582,0
te_0013583,0
te_0013584,0
te_0013585,0
te_0013586,0
te_0013587,0
te_0013588,0
te_0013589,0
te_0013590,0
te_0013591,0
te_0013592,0
te_0013593,0
te_0013594,0
te_0013595,0
te_0013596,0
te_0013597,0
te_0013598,0
te_0013599,0
te_0013600,0
te_0013601,0
te_0013602,0
te_0013603,0
te_0013604,0
te_0013605,0
te_0013606,0
te_0013607,0
te_0013608,0
te_0013609,0
te_0013610,0
te_0013611,0
te_0013612,0
te_0013613,0
te_0013614,0
te_0013615,0
te_0013616,0
te_0013617,0
te_0013618,0
te_0013619,0
te_0013620,0
te_0013621,0
te_0013622,0
te_0013623,0
te_0013624,0
te_0013625,0
te_0013626,0
te_0013627,0
te_0013628,0
te_0013629,0
te_0013630,0
te_0013631,0
te_0013632,0
te_0013633,0
te_0013634,0
te_0013635,0
te_0013636,0
te_0013637,0
te_0013638,0
te_0013639,0
te_0013640,0
te_0013641,0
te_0013642,0
te_0013643,0
te_0013644,0
te_0013645,0
te_0013646,0
te_0013647,0
te_0013648,0
te_0013649,0
te_0013650,0
te_0013651,0
te_0013652,0
te_0013653,0
te_0013654,0
te_0013655,0
te_0013656,0
te_0013657,0
te_0013658,0
te_0013659,0
te_0013660,0
te_0013661,0
te_0013662,0
te_0013663,0
te_0013664,0
te_0013665,0
te_0013666,0
te_0013667,0
te_0013668,0
te_0013669,0
te_0013670,0
te_0013671,0
te_0013672,0
te_0013673,0
te_0013674,0
te_0013675,0
te_0013676,0
te_0013677,0
te_0013678,0
te_0013679,0
te_0013680,0
te_0013681,0
te_0013682,0
te_0013683,0
te_0013684,0
te_0013685,0
te_0013686,0
te_0013687,0
te_0013688,0
te_0013689,0
te_0013690,0
te_0013691,0
te_0013692,0
te_0013693,0
te_0013694,0
te_0013695,0
te_0013696,0
te_0013697,0
te_0013698,0
te_0013699,0
te_0013700,0
te_0013701,0
te_0013702,0
te_0013703,0
te_0013704,0
te_0013705,0
te_0013706,0
te_0013707,0
te_0013708,0
te_0013709,0
te_0013710,0
te_0013711,0
te_0013712,0
te_0013713,0
te_0013714,0
te_0013715,0
te_0013716,0
te_0013717,0
te_0013718,0
te_0013719,0
te_0013720,0
te_0013721,0
te_0013722,0
te_0013723,0
te_0013724,0
te_0013725,0
te_0013726,0
te_0013727,0
te_0013728,0
te_0013729,0
te_0013730,0
te_0013731,0
te_0013732,0
te_0013733,0
te_0013734,0
te_0013735,0
te_0013736,0
te_0013737,0
te_0013738,0
te_0013739,0
te_0013740,0
te_0013741,0
te_0013742,0
te_0013743,0
te_0013744,0
te_0013745,0
te_0013746,0
te_0013747,0
te_0013748,0
te_0013749,0
te_0013750,0
te_0013751,0
te_0013752,0
te_0013753,0
te_0013754,0
te_0013755,0
te_0013756,0
te_0013757,0
te_0013758,0
te_0013759,0
te_0013760,0
te_0013761,0
te_0013762,0
te_0013763,0
te_0013764,0
te_0013765,0
te_0013766,0
te_0013767,0
te_0013768,0
te_0013769,0
te_0013770,0
te_0013771,0
te_0013772,0
te_0013773,0
te_0013774,0
te_0013775,0
te_0013776,0
te_0013777,0
te_0013778,0
te_0013779,0
te_0013780,0
te_0013781,0
te_0013782,0
te_0013783,0
te_0013784,0
te_0013785,0
te_0013786,0
te_0013787,0
te_0013788,0
te_0013789,0
te_0013790,0
te_0013791,0
te_0013792,0
te_0013793,0
te_0013794,0
te_0013795,0
te_0013796,0
te_0013797,0
te_0013798,0
te_0013799,0
te_0013800,0
te_0013801,0
te_0013802,0
te_0013803,0
te_0013804,0
te_0013805,0
te_0013806,0
te_0013807,0
te_0013808,0
te_0013809,0
te_0013810,0
te_0013811,0
te_0013812,0
te_0013813,0
te_0013814,0
te_0013815,0
te_0013816,0
te_0013817,0
te_0013818,0
te_0013819,0
te_0013820,0
te_0013821,0
te_0013822,0
te_0013823,0
te_0013824,0
te_0013825,0
te_0013826,0
te_0013827,0
te_0013828,0
te_0013829,0
te_0013830,0
te_0013831,0
te_0013832,0
te_0013833,0
te_0013834,0
te_0013835,0
te_0013836,0
te_0013837,0
te_0013838,0
te_0013839,0
te_0013840,0
te_0013841,0
te_0013842,0
te_0013843,0
te_0013844,0
te_0013845,0
te_0013846,0
te_0013847,0
te_0013848,0
te_0013849,0
te_0013850,0
te_0013851,0
te_0013852,0
te_0013853,0
te_0013854,0
te_0013855,0
te_0013856,0
te_0013857,0
te_0013858,0
te_0013859,0
te_0013860,0
te_0013861,0
te_0013862,0
te_0013863,0
te_0013864,0
te_0013865,0
te_0013866,0
te_0013867,0
te_0013868,0
te_0013869,0
te_0013870,0
te_0013871,0
te_0013872,0
te_0013873,0
te_0013874,0
te_0013875,0
te_0013876,0
te_0013877,0
te_0013878,0
te_0013879,0
te_0013880,0
te_0013881,0
te_0013882,0
te_0013883,0
te_0013884,0
te_0013885,0
te_0013886,0
te_0013887,0
te_0013888,0
te_0013889,0
te_0013890,0
te_0013891,0
te_0013892,0
te_0013893,0
te_0013894,0
te_0013895,0
te_0013896,0
te_0013897,0
te_0013898,0
te_0013899,0
te_0013900,0
te_0013901,0
te_0013902,0
te_0013903,0
te_0013904,0
te_0013905,0
te_0013906,0
te_0013907,0
te_0013908,0
te_0013909,0
te_0013910,0
te_0013911,0
te_0013912,0
te_0013913,0
te_0013914,0
te_0013915,0
te_0013916,0
te_0013917,0
te_0013918,0
te_0013919,0
te_0013920,0
te_0013921,0
te_0013922,0
te_0013923,0
te_0013924,0
te_0013925,0
te_0013926,0
te_0013927,0
te_0013928,0
te_0013929,0
te_0013930,0
te_0013931,0
te_0013932,0
te_0013933,0
te_0013934,0
te_0013935,0
te_0013936,0
te_0013937,0
te_0013938,0
te_0013939,0
te_0013940,0
te_0013941,0
te_0013942,0
te_0013943,0
te_0013944,0
te_0013945,0
te_0013946,0
te_0013947,0
te_0013948,0
te_0013949,0
te_0013950,0
te_0013951,0
te_0013952,0
te_0013953,0
te_0013954,0
te_0013955,0
te_0013956,0
te_0013957,0
te_0013958,0
te_0013959,0
te_0013960,0
te_0013961,0
te_0013962,0
te_0013963,0
te_0013964,0
te_0013965,0
te_0013966,0
te_0013967,0
te_0013968,0
te_0013969,0
te_0013970,0
te_0013971,0
te_0013972,0
te_0013973,0
te_0013974,0
te_0013975,0
te_0013976,0
te_0013977,0
te_0013978,0
te_0013979,0
te_0013980,0
te_0013981,0
te_0013982,0
te_0013983,0
te_0013984,0
te_0013985,0
te_0013986,0
te_0013987,0
te_0013988,0
te_0013989,0
te_0013990,0
te_0013991,0
te_0013992,0
te_0013993,0
te_0013994,0
te_0013995,0
te_0013996,0
te_0013997,0
te_0013998,0
te_0013999,0
te_0014000,0
te_0014001,0
te_0014002,0
te_0014003,0
te_0014004,0
te_0014005,0
te_0014006,0
te_0014007,0
te_0014008,0
te_0014009,0
te_0014010,0
te_0014011,0
te_0014012,0
te_0014013,0
te_0014014,0
te_0014015,0
te_0014016,0
te_0014017,0
te_0014018,0
te_0014019,0
te_0014020,0
te_0014021,0
te_0014022,0
te_0014023,0
te_0014024,0
te_0014025,0
te_0014026,0
te_0014027,0
te_0014028,0
te_0014029,0
te_0014030,0
te_0014031,0
te_0014032,0
te_0014033,0
te_0014034,0
te_0014035,0
te_0014036,0
te_0014037,0
te_0014038,0
te_0014039,0
te_0014040,0
te_0014041,0
te_0014042,0
te_0014043,0
te_0014044,0
te_0014045,0
te_0014046,0
te_0014047,0
te_0014048,0
te_0014049,0
te_0014050,0
te_0014051,0
te_0014052,0
te_0014053,0
te_0014054,0
te_0014055,0
te_0014056,0
te_0014057,0
te_0014058,0
te_0014059,0
te_0014060,0
te_0014061,0
te_0014062,0
te_0014063,0
te_0014064,0
te_0014065,0
te_0014066,0
te_0014067,0
te_0014068,0
te_0014069,0
te_0014070,0
te_0014071,0
te_0014072,0
te_0014073,0
te_0014074,0
te_0014075,0
te_0014076,0
te_0014077,0
te_0014078,0
te_0014079,0
te_0014080,0
te_0014081,0
te_0014082,0
te_0014083,0
te_0014084,0
te_0014085,0
te_0014086,0
te_0014087,0
te_0014088,0
te_0014089,0
te_0014090,0
te_0014091,0
te_0014092,0
te_0014093,0
te_0014094,0
te_0014095,0
te_0014096,0
te_0014097,0
te_0014098,0
te_0014099,0
te_0014100,0
te_0014101,0
te_0014102,0
te_0014103,0
te_0014104,0
te_0014105,0
te_0014106,0
te_0014107,0
te_0014108,0
te_0014109,0
te_0014110,0
te_0014111,0
te_0014112,0
te_0014113,0
te_0014114,0
te_0014115,0
te_0014116,0
te_0014117,0
te_0014118,0
te_0014119,0
te_0014120,0
te_0014121,0
te_0014122,0
te_0014123,0
te_0014124,0
te_0014125,0
te_0014126,0
te_0014127,0
te_0014128,0
te_0014129,0
te_0014130,0
te_0014131,0
te_0014132,0
te_0014133,0
te_0014134,0
te_0014135,0
te_0014136,0
te_0014137,0
te_0014138,0
te_0014139,0
te_0014140,0
te_0014141,0
te_0014142,0
te_0014143,0
te_0014144,0
te_0014145,0
te_0014146,0
te_0014147,0
te_0014148,0
te_0014149,0
te_0014150,0
te_0014151,0
te_0014152,0
te_0014153,0
te_0014154,0
te_0014155,0
te_0014156,0
te_0014157,0
te_0014158,0
te_0014159,0
te_0014160,0
te_0014161,0
te_0014162,0
te_0014163,0
te_0014164,0
te_0014165,0
te_0014166,0
te_0014167,0
te_0014168,0
te_0014169,0
te_0014170,0
te_0014171,0
te_0014172,0
te_0014173,0
te_0014174,0
te_0014175,0
te_0014176,0
te_0014177,0
te_0014178,0
te_0014179,0
te_0014180,0
te_0014181,0
te_0014182,0
te_0014183,0
te_0014184,0
te_0014185,0
te_0014186,0
te_0014187,0
te_0014188,0
te_0014189,0
te_0014190,0
te_0014191,0
te_0014192,0
te_0014193,0
te_0014194,0
te_0014195,0
te_0014196,0
te_0014197,0
te_0014198,0
te_0014199,0
te_0014200,0
te_0014201,0
te_0014202,0
te_0014203,0
te_0014204,0
te_0014205,0
te_0014206,0
te_0014207,0
te_0014208,0
te_0014209,0
te_0014210,0
te_0014211,0
te_0014212,0
te_0014213,0
te_0014214,0
te_0014215,0
te_0014216,0
te_0014217,0
te_0014218,0
te_0014219,0
te_0014220,0
te_0014221,0
te_0014222,0
te_0014223,0
te_0014224,0
te_0014225,0
te_0014226,0
te_0014227,0
te_0014228,0
te_0014229,0
te_0014230,0
te_0014231,0
te_0014232,0
te_0014233,0
te_0014234,0
te_0014235,0
te_0014236,0
te_0014237,0
te_0014238,0
te_0014239,0
te_0014240,0
te_0014241,0
te_0014242,0
te_0014243,0
te_0014244,0
te_0014245,0
te_0014246,0
te_0014247,0
te_0014248,0
te_0014249,0
te_0014250,0
te_0014251,0
te_0014252,0
te_0014253,0
te_0014254,0
te_0014255,0
te_0014256,0
te_0014257,0
te_0014258,0
te_0014259,0
te_0014260,0
te_0014261,0
te_0014262,0
te_0014263,0
te_0014264,0
te_0014265,0
te_0014266,0
te_0014267,0
te_0014268,0
te_0014269,0
te_0014270,0
te_0014271,0
te_0014272,0
te_0014273,0
te_0014274,0
te_0014275,0
te_0014276,0
te_0014277,0
te_0014278,0
te_0014279,0
te_0014280,0
te_0014281,0
te_0014282,0
te_0014283,0
te_0014284,0
te_0014285,0
te_0014286,0
te_0014287,0
te_0014288,0
te_0014289,0
te_0014290,0
te_0014291,0
te_0014292,0
te_0014293,0
te_0014294,0
te_0014295,0
te_0014296,0
te_0014297,0
te_0014298,0
te_0014299,0
te_0014300,0
te_0014301,0
te_0014302,0
te_0014303,0
te_0014304,0
te_0014305,0
te_0014306,0
te_0014307,0
te_0014308,0
te_0014309,0
te_0014310,0
te_0014311,0
te_0014312,0
te_0014313,0
te_0014314,0
te_0014315,0
te_0014316,0
te_0014317,0
te_0014318,0
te_0014319,0
te_0014320,0
te_0014321,0
te_0014322,0
te_0014323,0
te_0014324,0
te_0014325,0
te_0014326,0
te_0014327,0
te_0014328,0
te_0014329,0
te_0014330,0
te_0014331,0
te_0014332,0
te_0014333,0
te_0014334,0
te_0014335,0
te_0014336,0
te_0014337,0
te_0014338,0
te_0014339,0
te_0014340,0
te_0014341,0
te_0014342,0
te_0014343,0
te_0014344,0
te_0014345,0
te_0014346,0
te_0014347,0
te_0014348,0
te_0014349,0
te_0014350,0
te_0014351,0
te_0014352,0
te_0014353,0
te_0014354,0
te_0014355,0
te_0014356,0
te_0014357,0
te_0014358,0
te_0014359,0
te_0014360,0
te_0014361,0
te_0014362,0
te_0014363,0
te_0014364,0
te_0014365,0
te_0014366,0
te_0014367,0
te_0014368,0
te_0014369,0
te_0014370,0
te_0014371,0
te_0014372,0
te_0014373,0
te_0014374,0
te_0014375,0
te_0014376,0
te_0014377,0
te_0014378,0
te_0014379,0
te_0014380,0
te_0014381,0
te_0014382,0
te_0014383,0
te_0014384,0
te_0014385,0
te_0014386,0
te_0014387,0
te_0014388,0
te_0014389,0
te_0014390,0
te_0014391,0
te_0014392,0
te_0014393,0
te_0014394,0
te_0014395,0
te_0014396,0
te_0014397,0
te_0014398,0
te_0014399,0
te_0014400,0
te_0014401,0
te_0014402,0
te_0014403,0
te_0014404,0
te_0014405,0
te_0014406,0
te_0014407,0
te_0014408,0
te_0014409,0
te_0014410,0
te_0014411,0
te_0014412,0
te_0014413,0
te_0014414,0
te_0014415,0
te_0014416,0
te_0014417,0
te_0014418,0
te_0014419,0
te_0014420,0
te_0014421,0
te_0014422,0
te_0014423,0
te_0014424,0
te_0014425,0
te_0014426,0
te_0014427,0
te_0014428,0
te_0014429,0
te_0014430,0
te_0014431,0
te_0014432,0
te_0014433,0
te_0014434,0
te_0014435,0
te_0014436,0
te_0014437,0
te_0014438,0
te_0014439,0
te_0014440,0
te_0014441,0
te_0014442,0
te_0014443,0
te_0014444,0
te_0014445,0
te_0014446,0
te_0014447,0
te_0014448,0
te_0014449,0
te_0014450,0
te_0014451,0
te_0014452,0
te_0014453,0
te_0014454,0
te_0014455,0
te_0014456,0
te_0014457,0
te_0014458,0
te_0014459,0
te_0014460,0
te_0014461,0
te_0014462,0
te_0014463,0
te_0014464,0
te_0014465,0
te_0014466,0
te_0014467,0
te_0014468,0
te_0014469,0
te_0014470,0
te_0014471,0
te_0014472,0
te_0014473,0
te_0014474,0
te_0014475,0
te_0014476,0
te_0014477,0
te_0014478,0
te_0014479,0
te_0014480,0
te_0014481,0
te_0014482,0
te_0014483,0
te_0014484,0
te_0014485,0
te_0014486,0
te_0014487,0
te_0014488,0
te_0014489,0
te_0014490,0
te_0014491,0
te_0014492,0
te_0014493,0
te_0014494,0
te_0014495,0
te_0014496,0
te_0014497,0
te_0014498,0
te_0014499,0
te_0014500,0
te_0014501,0
te_0014502,0
te_0014503,0
te_0014504,0
te_0014505,0
te_0014506,0
te_0014507,0
te_0014508,0
te_0014509,0
te_0014510,0
te_0014511,0
te_0014512,0
te_0014513,0
te_0014514,0
te_0014515,0
te_0014516,0
te_0014517,0
te_0014518,0
te_0014519,0
te_0014520,0
te_0014521,0
te_0014522,0
te_0014523,0
te_0014524,0
te_0014525,0
te_0014526,0
te_0014527,0
te_0014528,0
te_0014529,0
te_0014530,0
te_0014531,0
te_0014532,0
te_0014533,0
te_0014534,0
te_0014535,0
te_0014536,0
te_0014537,0
te_0014538,0
te_0014539,0
te_0014540,0
te_0014541,0
te_0014542,0
te_0014543,0
te_0014544,0
te_0014545,0
te_0014546,0
te_0014547,0
te_0014548,0
te_0014549,0
te_0014550,0
te_0014551,0
te_0014552,0
te_0014553,0
te_0014554,0
te_0014555,0
te_0014556,0
te_0014557,0
te_0014558,0
te_0014559,0
te_0014560,0
te_0014561,0
te_0014562,0
te_0014563,0
te_0014564,0
te_0014565,0
te_0014566,0
te_0014567,0
te_0014568,0
te_0014569,0
te_0014570,0
te_0014571,0
te_0014572,0
te_0014573,0
te_0014574,0
te_0014575,0
te_0014576,0
te_0014577,0
te_0014578,0
te_0014579,0
te_0014580,0
te_0014581,0
te_0014582,0
te_0014583,0
te_0014584,0
te_0014585,0
te_0014586,0
te_0014587,0
te_0014588,0
te_0014589,0
te_0014590,0
te_0014591,0
te_0014592,0
te_0014593,0
te_0014594,0
te_0014595,0
te_0014596,0
te_0014597,0
te_0014598,0
te_0014599,0
te_0014600,0
te_0014601,0
te_0014602,0
te_0014603,0
te_0014604,0
te_0014605,0
te_0014606,0
te_0014607,0
te_0014608,0
te_0014609,0
te_0014610,0
te_0014611,0
te_0014612,0
te_0014613,0
te_0014614,0
te_0014615,0
te_0014616,0
te_0014617,0
te_0014618,0
te_0014619,0
te_0014620,0
te_0014621,0
te_0014622,0
te_0014623,0
te_0014624,0
te_0014625,0
te_0014626,0
te_0014627,0
te_0014628,0
te_0014629,0
te_0014630,0
te_0014631,0
te_0014632,0
te_0014633,0
te_0014634,0
te_0014635,0
te_0014636,0
te_0014637,0
te_0014638,0
te_0014639,0
te_0014640,0
te_0014641,0
te_0014642,0
te_0014643,0
te_0014644,0
te_0014645,0
te_0014646,0
te_0014647,0
te_0014648,0
te_0014649,0
te_0014650,0
te_0014651,0
te_0014652,0
te_0014653,0
te_0014654,0
te_0014655,0
te_0014656,0
te_0014657,0
te_0014658,0
te_0014659,0
te_0014660,0
te_0014661,0
te_0014662,0
te_0014663,0
te_0014664,0
te_0014665,0
te_0014666,0
te_0014667,0
te_0014668,0
te_0014669,0
te_0014670,0
te_0014671,0
te_0014672,0
te_0014673,0
te_0014674,0
te_0014675,0
te_0014676,0
te_0014677,0
te_0014678,0
te_0014679,0
te_0014680,0
te_0014681,0
te_0014682,0
te_0014683,0
te_0014684,0
te_0014685,0
te_0014686,0
te_0014687,0
te_0014688,0
te_0014689,0
te_0014690,0
te_0014691,0
te_0014692,0
te_0014693,0
te_0014694,0
te_0014695,0
te_0014696,0
te_0014697,0
te_0014698,0
te_0014699,0
te_0014700,0
te_0014701,0
te_0014702,0
te_0014703,0
te_0014704,0
te_0014705,0
te_0014706,0
te_0014707,0
te_0014708,0
te_0014709,0
te_0014710,0
te_0014711,0
te_0014712,0
te_0014713,0
te_0014714,0
te_0014715,0
te_0014716,0
te_0014717,0
te_0014718,0
te_0014719,0
te_0014720,0
te_0014721,0
te_0014722,0
te_0014723,0
te_0014724,0
te_0014725,0
te_0014726,0
te_0014727,0
te_0014728,0
te_0014729,0
te_0014730,0
te_0014731,0
te_0014732,0
te_0014733,0
te_0014734,0
te_0014735,0
te_0014736,0
te_0014737,0
te_0014738,0
te_0014739,0
te_0014740,0
te_0014741,0
te_0014742,0
te_0014743,0
te_0014744,0
te_0014745,0
te_0014746,0
te_0014747,0
te_0014748,0
te_0014749,0
te_0014750,0
te_0014751,0
te_0014752,0
te_0014753,0
te_0014754,0
te_0014755,0
te_0014756,0
te_0014757,0
te_0014758,0
te_0014759,0
te_0014760,0
te_0014761,0
te_0014762,0
te_0014763,0
te_0014764,0
te_0014765,0
te_0014766,0
te_0014767,0
te_0014768,0
te_0014769,0
te_0014770,0
te_0014771,0
te_0014772,0
te_0014773,0
te_0014774,0
te_0014775,0
te_0014776,0
te_0014777,0
te_0014778,0
te_0014779,0
te_0014780,0
te_0014781,0
te_0014782,0
te_0014783,0
te_0014784,0
te_0014785,0
te_0014786,0
te_0014787,0
te_0014788,0
te_0014789,0
te_0014790,0
te_0014791,0
te_0014792,0
te_0014793,0
te_0014794,0
te_0014795,0
te_0014796,0
te_0014797,0
te_0014798,0
te_0014799,0
te_0014800,0
te_0014801,0
te_0014802,0
te_0014803,0
te_0014804,0
te_0014805,0
te_0014806,0
te_0014807,0
te_0014808,0
te_0014809,0
te_0014810,0
te_0014811,0
te_0014812,0
te_0014813,0
te_0014814,0
te_0014815,0
te_0014816,0
te_0014817,0
te_0014818,0
te_0014819,0
te_0014820,0
te_0014821,0
te_0014822,0
te_0014823,0
te_0014824,0
te_0014825,0
te_0014826,0
te_0014827,0
te_0014828,0
te_0014829,0
te_0014830,0
te_0014831,0
te_0014832,0
te_0014833,0
te_0014834,0
te_0014835,0
te_0014836,0
te_0014837,0
te_0014838,0
te_0014839,0
te_0014840,0
te_0014841,0
te_0014842,0
te_0014843,0
te_0014844,0
te_0014845,0
te_0014846,0
te_0014847,0
te_0014848,0
te_0014849,0
te_0014850,0
te_0014851,0
te_0014852,0
te_0014853,0
te_0014854,0
te_0014855,0
te_0014856,0
te_0014857,0
te_0014858,0
te_0014859,0
te_0014860,0
te_0014861,0
te_0014862,0
te_0014863,0
te_0014864,0
te_0014865,0
te_0014866,0
te_0014867,0
te_0014868,0
te_0014869,0
te_0014870,0
te_0014871,0
te_0014872,0
te_0014873,0
te_0014874,0
te_0014875,0
te_0014876,0
te_0014877,0
te_0014878,0
te_0014879,0
te_0014880,0
te_0014881,0
te_0014882,0
te_0014883,0
te_0014884,0
te_0014885,0
te_0014886,0
te_0014887,0
te_0014888,0
te_0014889,0
te_0014890,0
te_0014891,0
te_0014892,0
te_0014893,0
te_0014894,0
te_0014895,0
te_0014896,0
te_0014897,0
te_0014898,0
te_0014899,0
te_0014900,0
te_0014901,0
te_0014902,0
te_0014903,0
te_0014904,0
te_0014905,0
te_0014906,0
te_0014907,0
te_0014908,0
te_0014909,0
te_0014910,0
te_0014911,0
te_0014912,0
te_0014913,0
te_0014914,0
te_0014915,0
te_0014916,0
te_0014917,0
te_0014918,0
te_0014919,0
te_0014920,0
te_0014921,0
te_0014922,0
te_0014923,0
te_0014924,0
te_0014925,0
te_0014926,0
te_0014927,0
te_0014928,0
te_0014929,0
te_0014930,0
te_0014931,0
te_0014932,0
te_0014933,0
te_0014934,0
te_0014935,0
te_0014936,0
te_0014937,0
te_0014938,0
te_0014939,0
te_0014940,0
te_0014941,0
te_0014942,0
te_0014943,0
te_0014944,0
te_0014945,0
te_0014946,0
te_0014947,0
te_0014948,0
te_0014949,0
te_0014950,0
te_0014951,0
te_0014952,0
te_0014953,0
te_0014954,0
te_0014955,0
te_0014956,0
te_0014957,0
te_0014958,0
te_0014959,0
te_0014960,0
te_0014961,0
te_0014962,0
te_0014963,0
te_0014964,0
te_0014965,0
te_0014966,0
te_0014967,0
te_0014968,0
te_0014969,0
te_0014970,0
te_0014971,0
te_0014972,0
te_0014973,0
te_0014974,0
te_0014975,0
te_0014976,0
te_0014977,0
te_0014978,0
te_0014979,0
te_0014980,0
te_0014981,0
te_0014982,0
te_0014983,0
te_0014984,0
te_0014985,0
te_0014986,0
te_0014987,0
te_0014988,0
te_0014989,0
te_0014990,0
te_0014991,0
te_0014992,0
te_0014993,0
te_0014994,0
te_0014995,0
te_0014996,0
te_0014997,0
te_0014998,0
te_0014999,0
te_0015000,0
te_0015001,0
te_0015002,0
te_0015003,0
te_0015004,0
te_0015005,0
te_0015006,0
te_0015007,0
te_0015008,0
te_0015009,0
te_0015010,0
te_0015011,0
te_0015012,0
te_0015013,0
te_0015014,0
te_0015015,0
te_0015016,0
te_0015017,0
te_0015018,0
te_0015019,0
te_0015020,0
te_0015021,0
te_0015022,0
te_0015023,0
te_0015024,0
te_0015025,0
te_0015026,0
te_0015027,0
te_0015028,0
te_0015029,0
te_0015030,0
te_0015031,0
te_0015032,0
te_0015033,0
te_0015034,0
te_0015035,0
te_0015036,0
te_0015037,0
te_0015038,0
te_0015039,0
te_0015040,0
te_0015041,0
te_0015042,0
te_0015043,0
te_0015044,0
te_0015045,0
te_0015046,0
te_0015047,0
te_0015048,0
te_0015049,0
te_0015050,0
te_0015051,0
te_0015052,0
te_0015053,0
te_0015054,0
te_0015055,0
te_0015056,0
te_0015057,0
te_0015058,0
te_0015059,0
te_0015060,0
te_0015061,0
te_0015062,0
te_0015063,0
te_0015064,0
te_0015065,0
te_0015066,0
te_0015067,0
te_0015068,0
te_0015069,0
te_0015070,0
te_0015071,0
te_0015072,0
te_0015073,0
te_0015074,0
te_0015075,0
te_0015076,0
te_0015077,0
te_0015078,0
te_0015079,0
te_0015080,0
te_0015081,0
te_0015082,0
te_0015083,0
te_0015084,0
te_0015085,0
te_0015086,0
te_0015087,0
te_0015088,0
te_0015089,0
te_0015090,0
te_0015091,0
te_0015092,0
te_0015093,0
te_0015094,0
te_0015095,0
te_0015096,0
te_0015097,0
te_0015098,0
te_0015099,0
te_0015100,0
te_0015101,0
te_0015102,0
te_0015103,0
te_0015104,0
te_0015105,0
te_0015106,0
te_0015107,0
te_0015108,0
te_0015109,0
te_0015110,0
te_0015111,0
te_0015112,0
te_0015113,0
te_0015114,0
te_0015115,0
te_0015116,0
te_0015117,0
te_0015118,0
te_0015119,0
te_0015120,0
te_0015121,0
te_0015122,0
te_0015123,0
te_0015124,0
te_0015125,0
te_0015126,0
te_0015127,0
te_0015128,0
te_0015129,0
te_0015130,0
te_0015131,0
te_0015132,0
te_0015133,0
te_0015134,0
te_0015135,0
te_0015136,0
te_0015137,0
te_0015138,0
te_0015139,0
te_0015140,0
te_0015141,0
te_0015142,0
te_0015143,0
te_0015144,0
te_0015145,0
te_0015146,0
te_0015147,0
te_0015148,0
te_0015149,0
te_0015150,0
te_0015151,0
te_0015152,0
te_0015153,0
te_0015154,0
te_0015155,0
te_0015156,0
te_0015157,0
te_0015158,0
te_0015159,0
te_0015160,0
te_0015161,0
te_0015162,0
te_0015163,0
te_0015164,0
te_0015165,0
te_0015166,0
te_0015167,0
te_0015168,0
te_0015169,0
te_0015170,0
te_0015171,0
te_0015172,0
te_0015173,0
te_0015174,0
te_0015175,0
te_0015176,0
te_0015177,0
te_0015178,0
te_0015179,0
te_0015180,0
te_0015181,0
te_0015182,0
te_0015183,0
te_0015184,0
te_0015185,0
te_0015186,0
te_0015187,0
te_0015188,0
te_0015189,0
te_0015190,0
te_0015191,0
te_0015192,0
te_0015193,0
te_0015194,0
te_0015195,0
te_0015196,0
te_0015197,0
te_0015198,0
te_0015199,0
te_0015200,0
te_0015201,0
te_0015202,0
te_0015203,0
te_0015204,0
te_0015205,0
te_0015206,0
te_0015207,0
te_0015208,0
te_0015209,0
te_0015210,0
te_0015211,0
te_0015212,0
te_0015213,0
te_0015214,0
te_0015215,0
te_0015216,0
te_0015217,0
te_0015218,0
te_0015219,0
te_0015220,0
te_0015221,0
te_0015222,0
te_0015223,0
te_0015224,0
te_0015225,0
te_0015226,0
te_0015227,0
te_0015228,0
te_0015229,0
te_0015230,0
te_0015231,0
te_0015232,0
te_0015233,0
te_0015234,0
te_0015235,0
te_0015236,0
te_0015237,0
te_0015238,0
te_0015239,0
te_0015240,0
te_0015241,0
te_0015242,0
te_0015243,0
te_0015244,0
te_0015245,0
te_0015246,0
te_0015247,0
te_0015248,0
te_0015249,0
te_0015250,0
te_0015251,0
te_0015252,0
te_0015253,0
te_0015254,0
te_0015255,0
te_0015256,0
te_0015257,0
te_0015258,0
te_0015259,0
te_0015260,0
te_0015261,0
te_0015262,0
te_0015263,0
te_0015264,0
te_0015265,0
te_0015266,0
te_0015267,0
te_0015268,0
te_0015269,0
te_0015270,0
te_0015271,0
te_0015272,0
te_0015273,0
te_0015274,0
te_0015275,0
te_0015276,0
te_0015277,0
te_0015278,0
te_0015279,0
te_0015280,0
te_0015281,0
te_0015282,0
te_0015283,0
te_0015284,0
te_0015285,0
te_0015286,0
te_0015287,0
te_0015288,0
te_0015289,0
te_0015290,0
te_0015291,0
te_0015292,0
te_0015293,0
te_0015294,0
te_0015295,0
te_0015296,0
te_0015297,0
te_0015298,0
te_0015299,0
te_0015300,0
te_0015301,0
te_0015302,0
te_0015303,0
te_0015304,0
te_0015305,0
te_0015306,0
te_0015307,0
te_0015308,0
te_0015309,0
te_0015310,0
te_0015311,0
te_0015312,0
te_0015313,0
te_0015314,0
te_0015315,0
te_0015316,0
te_0015317,0
te_0015318,0
te_0015319,0
te_0015320,0
te_0015321,0
te_0015322,0
te_0015323,0
te_0015324,0
te_0015325,0
te_0015326,0
te_0015327,0
te_0015328,0
te_0015329,0
te_0015330,0
te_0015331,0
te_0015332,0
te_0015333,0
te_0015334,0
te_0015335,0
te_0015336,0
te_0015337,0
te_0015338,0
te_0015339,0
te_0015340,0
te_0015341,0
te_0015342,0
te_0015343,0
te_0015344,0
te_0015345,0
te_0015346,0
te_0015347,0
te_0015348,0
te_0015349,0
te_0015350,0
te_0015351,0
te_0015352,0
te_0015353,0
te_0015354,0
te_0015355,0
te_0015356,0
te_0015357,0
te_0015358,0
te_0015359,0
te_0015360,0
te_0015361,0
te_0015362,0
te_0015363,0
te_0015364,0
te_0015365,0
te_0015366,0
te_0015367,0
te_0015368,0
te_0015369,0
te_0015370,0
te_0015371,0
te_0015372,0
te_0015373,0
te_0015374,0
te_0015375,0
te_0015376,0
te_0015377,0
te_0015378,0
te_0015379,0
te_0015380,0
te_0015381,0
te_0015382,0
te_0015383,0
te_0015384,0
te_0015385,0
te_0015386,0
te_0015387,0
te_0015388,0
te_0015389,0
te_0015390,0
te_0015391,0
te_0015392,0
te_0015393,0
te_0015394,0
te_0015395,0
te_0015396,0
te_0015397,0
te_0015398,0
te_0015399,0
te_0015400,0
te_0015401,0
te_0015402,0
te_0015403,0
te_0015404,0
te_0015405,0
te_0015406,0
te_0015407,0
te_0015408,0
te_0015409,0
te_0015410,0
te_0015411,0
te_0015412,0
te_0015413,0
te_0015414,0
te_0015415,0
te_0015416,0
te_0015417,0
te_0015418,0
te_0015419,0
te_0015420,0
te_0015421,0
te_0015422,0
te_0015423,0
te_0015424,0
te_0015425,0
te_0015426,0
te_0015427,0
te_0015428,0
te_0015429,0
te_0015430,0
te_0015431,0
te_0015432,0
te_0015433,0
te_0015434,0
te_0015435,0
te_0015436,0
te_0015437,0
te_0015438,0
te_0015439,0
te_0015440,0
te_0015441,0
te_0015442,0
te_0015443,0
te_0015444,0
te_0015445,0
te_0015446,0
te_0015447,0
te_0015448,0
te_0015449,0
te_0015450,0
te_0015451,0
te_0015452,0
te_0015453,0
te_0015454,0
te_0015455,0
te_0015456,0
te_0015457,0
te_0015458,0
te_0015459,0
te_0015460,0
te_0015461,0
te_0015462,0
te_0015463,0
te_0015464,0
te_0015465,0
te_0015466,0
te_0015467,0
te_0015468,0
te_0015469,0
te_0015470,0
te_0015471,0
te_0015472,0
te_0015473,0
te_0015474,0
te_0015475,0
te_0015476,0
te_0015477,0
te_0015478,0
te_0015479,0
te_0015480,0
te_0015481,0
te_0015482,0
te_0015483,0
te_0015484,0
te_0015485,0
te_0015486,0
te_0015487,0
te_0015488,0
te_0015489,0
te_0015490,0
te_0015491,0
te_0015492,0
te_0015493,0
te_0015494,0
te_0015495,0
te_0015496,0
te_0015497,0
te_0015498,0
te_0015499,0
te_0015500,0
te_0015501,0
te_0015502,0
te_0015503,0
te_0015504,0
te_0015505,0
te_0015506,0
te_0015507,0
te_0015508,0
te_0015509,0
te_0015510,0
te_0015511,0
te_0015512,0
te_0015513,0
te_0015514,0
te_0015515,0
te_0015516,0
te_0015517,0
te_0015518,0
te_0015519,0
te_0015520,0
te_0015521,0
te_0015522,0
te_0015523,0
te_0015524,0
te_0015525,0
te_0015526,0
te_0015527,0
te_0015528,0
te_0015529,0
te_0015530,0
te_0015531,0
te_0015532,0
te_0015533,0
te_0015534,0
te_0015535,0
te_0015536,0
te_0015537,0
te_0015538,0
te_0015539,0
te_0015540,0
te_0015541,0
te_0015542,0
te_0015543,0
te_0015544,0
te_0015545,0
te_0015546,0
te_0015547,0
te_0015548,0
te_0015549,0
te_0015550,0
te_0015551,0
te_0015552,0
te_0015553,0
te_0015554,0
te_0015555,0
te_0015556,0
te_0015557,0
te_0015558,0
te_0015559,0
te_0015560,0
te_0015561,0
te_0015562,0
te_0015563,0
te_0015564,0
te_0015565,0
te_0015566,0
te_0015567,0
te_0015568,0
te_0015569,0
te_0015570,0
te_0015571,0
te_0015572,0
te_0015573,0
te_0015574,0
te_0015575,0
te_0015576,0
te_0015577,0
te_0015578,0
te_0015579,0
te_0015580,0
te_0015581,0
te_0015582,0
te_0015583,0
te_0015584,0
te_0015585,0
te_0015586,0
te_0015587,0
te_0015588,0
te_0015589,0
te_0015590,0
te_0015591,0
te_0015592,0
te_0015593,0
te_0015594,0
te_0015595,0
te_0015596,0
te_0015597,0
te_0015598,0
te_0015599,0
te_0015600,0
te_0015601,0
te_0015602,0
te_0015603,0
te_0015604,0
te_0015605,0
te_0015606,0
te_0015607,0
te_0015608,0
te_0015609,0
te_0015610,0
te_0015611,0
te_0015612,0
te_0015613,0
te_0015614,0
te_0015615,0
te_0015616,0
te_0015617,0
te_0015618,0
te_0015619,0
te_0015620,0
te_0015621,0
te_0015622,0
te_0015623,0
te_0015624,0
te_0015625,0
te_0015626,0
te_0015627,0
te_0015628,0
te_0015629,0
te_0015630,0
te_0015631,0
te_0015632,0
te_0015633,0
te_0015634,0
te_0015635,0
te_0015636,0
te_0015637,0
te_0015638,0
te_0015639,0
te_0015640,0
te_0015641,0
te_0015642,0
te_0015643,0
te_0015644,0
te_0015645,0
te_0015646,0
te_0015647,0
te_0015648,0
te_0015649,0
te_0015650,0
te_0015651,0
te_0015652,0
te_0015653,0
te_0015654,0
te_0015655,0
te_0015656,0
te_0015657,0
te_0015658,0
te_0015659,0
te_0015660,0
te_0015661,0
te_0015662,0
te_0015663,0
te_0015664,0
te_0015665,0
te_0015666,0
te_0015667,0
te_0015668,0
te_0015669,0
te_0015670,0
te_0015671,0
te_0015672,0
te_0015673,0
te_0015674,0
te_0015675,0
te_0015676,0
te_0015677,0
te_0015678,0
te_0015679,0
te_0015680,0
te_0015681,0
te_0015682,0
te_0015683,0
te_0015684,0
te_0015685,0
te_0015686,0
te_0015687,0
te_0015688,0
te_0015689,0
te_0015690,0
te_0015691,0
te_0015692,0
te_0015693,0
te_0015694,0
te_0015695,0
te_0015696,0
te_0015697,0
te_0015698,0
te_0015699,0
te_0015700,0
te_0015701,0
te_0015702,0
te_0015703,0
te_0015704,0
te_0015705,0
te_0015706,0
te_0015707,0
te_0015708,0
te_0015709,0
te_0015710,0
te_0015711,0
te_0015712,0
te_0015713,0
te_0015714,0
te_0015715,0
te_0015716,0
te_0015717,0
te_0015718,0
te_0015719,0
te_0015720,0
te_0015721,0
te_0015722,0
te_0015723,0
te_0015724,0
te_0015725,0
te_0015726,0
te_0015727,0
te_0015728,0
te_0015729,0
te_0015730,0
te_0015731,0
te_0015732,0
te_0015733,0
te_0015734,0
te_0015735,0
te_0015736,0
te_0015737,0
te_0015738,0
te_0015739,0
te_0015740,0
te_0015741,0
te_0015742,0
te_0015743,0
te_0015744,0
te_0015745,0
te_0015746,0
te_0015747,0
te_0015748,0
te_0015749,0
te_0015750,0
te_0015751,0
te_0015752,0
te_0015753,0
te_0015754,0
te_0015755,0
te_0015756,0
te_0015757,0
te_0015758,0
te_0015759,0
te_0015760,0
te_0015761,0
te_0015762,0
te_0015763,0
te_0015764,0
te_0015765,0
te_0015766,0
te_0015767,0
te_0015768,0
te_0015769,0
te_0015770,0
te_0015771,0
te_0015772,0
te_0015773,0
te_0015774,0
te_0015775,0
te_0015776,0
te_0015777,0
te_0015778,0
te_0015779,0
te_0015780,0
te_0015781,0
te_0015782,0
te_0015783,0
te_0015784,0
te_0015785,0
te_0015786,0
te_0015787,0
te_0015788,0
te_0015789,0
te_0015790,0
te_0015791,0
te_0015792,0
te_0015793,0
te_0015794,0
te_0015795,0
te_0015796,0
te_0015797,0
te_0015798,0
te_0015799,0
te_0015800,0
te_0015801,0
te_0015802,0
te_0015803,0
te_0015804,0
te_0015805,0
te_0015806,0
te_0015807,0
te_0015808,0
te_0015809,0
te_0015810,0
te_0015811,0
te_0015812,0
te_0015813,0
te_0015814,0
te_0015815,0
te_0015816,0
te_0015817,0
te_0015818,0
te_0015819,0
te_0015820,0
te_0015821,0
te_0015822,0
te_0015823,0
te_0015824,0
te_0015825,0
te_0015826,0
te_0015827,0
te_0015828,0
te_0015829,0
te_0015830,0
te_0015831,0
te_0015832,0
te_0015833,0
te_0015834,0
te_0015835,0
te_0015836,0
te_0015837,0
te_0015838,0
te_0015839,0
te_0015840,0
te_0015841,0
te_0015842,0
te_0015843,0
te_0015844,0
te_0015845,0
te_0015846,0
te_0015847,0
te_0015848,0
te_0015849,0
te_0015850,0
te_0015851,0
te_0015852,0
te_0015853,0
te_0015854,0
te_0015855,0
te_0015856,0
te_0015857,0
te_0015858,0
te_0015859,0
te_0015860,0
te_0015861,0
te_0015862,0
te_0015863,0
te_0015864,0
te_0015865,0
te_0015866,0
te_0015867,0
te_0015868,0
te_0015869,0
te_0015870,0
te_0015871,0
te_0015872,0
te_0015873,0
te_0015874,0
te_0015875,0
te_0015876,0
te_0015877,0
te_0015878,0
te_0015879,0
te_0015880,0
te_0015881,0
te_0015882,0
te_0015883,0
te_0015884,0
te_0015885,0
te_0015886,0
te_0015887,0
te_0015888,0
te_0015889,0
te_0015890,0
te_0015891,0
te_0015892,0
te_0015893,0
te_0015894,0
te_0015895,0
te_0015896,0
te_0015897,0
te_0015898,0
te_0015899,0
te_0015900,0
te_0015901,0
te_0015902,0
te_0015903,0
te_0015904,0
te_0015905,0
te_0015906,0
te_0015907,0
te_0015908,0
te_0015909,0
te_0015910,0
te_0015911,0
te_0015912,0
te_0015913,0
te_0015914,0
te_0015915,0
te_0015916,0
te_0015917,0
te_0015918,0
te_0015919,0
te_0015920,0
te_0015921,0
te_0015922,0
te_0015923,0
te_0015924,0
te_0015925,0
te_0015926,0
te_0015927,0
te_0015928,0
te_0015929,0
te_0015930,0
te_0015931,0
te_0015932,0
te_0015933,0
te_0015934,0
te_0015935,0
te_0015936,0
te_0015937,0
te_0015938,0
te_0015939,0
te_0015940,0
te_0015941,0
te_0015942,0
te_0015943,0
te_0015944,0
te_0015945,0
te_0015946,0
te_0015947,0
te_0015948,0
te_0015949,0
te_0015950,0
te_0015951,0
te_0015952,0
te_0015953,0
te_0015954,0
te_0015955,0
te_0015956,0
te_0015957,0
te_0015958,0
te_0015959,0
te_0015960,0
te_0015961,0
te_0015962,0
te_0015963,0
te_0015964,0
te_0015965,0
te_0015966,0
te_0015967,0
te_0015968,0
te_0015969,0
te_0015970,0
te_0015971,0
te_0015972,0
te_0015973,0
te_0015974,0
te_0015975,0
te_0015976,0
te_0015977,0
te_0015978,0
te_0015979,0
te_0015980,0
te_0015981,0
te_0015982,0
te_0015983,0
te_0015984,0
te_0015985,0
te_0015986,0
te_0015987,0
te_0015988,0
te_0015989,0
te_0015990,0
te_0015991,0
te_0015992,0
te_0015993,0
te_0015994,0
te_0015995,0
te_0015996,0
te_0015997,0
te_0015998,0
te_0015999,0
te_0016000,0
te_0016001,0
te_0016002,0
te_0016003,0
te_0016004,0
te_0016005,0
te_0016006,0
te_0016007,0
te_0016008,0
te_0016009,0
te_0016010,0
te_0016011,0
te_0016012,0
te_0016013,0
te_0016014,0
te_0016015,0
te_0016016,0
te_0016017,0
te_0016018,0
te_0016019,0
te_0016020,0
te_0016021,0
te_0016022,0
te_0016023,0
te_0016024,0
te_0016025,0
te_0016026,0
te_0016027,0
te_0016028,0
te_0016029,0
te_0016030,0
te_0016031,0
te_0016032,0
te_0016033,0
te_0016034,0
te_0016035,0
te_0016036,0
te_0016037,0
te_0016038,0
te_0016039,0
te_0016040,0
te_0016041,0
te_0016042,0
te_0016043,0
te_0016044,0
te_0016045,0
te_0016046,0
te_0016047,0
te_0016048,0
te_0016049,0
te_0016050,0
te_0016051,0
te_0016052,0
te_0016053,0
te_0016054,0
te_0016055,0
te_0016056,0
te_0016057,0
te_0016058,0
te_0016059,0
te_0016060,0
te_0016061,0
te_0016062,0
te_0016063,0
te_0016064,0
te_0016065,0
te_0016066,0
te_0016067,0
te_0016068,0
te_0016069,0
te_0016070,0
te_0016071,0
te_0016072,0
te_0016073,0
te_0016074,0
te_0016075,0
te_0016076,0
te_0016077,0
te_0016078,0
te_0016079,0
te_0016080,0
te_0016081,0
te_0016082,0
te_0016083,0
te_0016084,0
te_0016085,0
te_0016086,0
te_0016087,0
te_0016088,0
te_0016089,0
te_0016090,0
te_0016091,0
te_0016092,0
te_0016093,0
te_0016094,0
te_0016095,0
te_0016096,0
te_0016097,0
te_0016098,0
te_0016099,0
te_0016100,0
te_0016101,0
te_0016102,0
te_0016103,0
te_0016104,0
te_0016105,0
te_0016106,0
te_0016107,0
te_0016108,0
te_0016109,0
te_0016110,0
te_0016111,0
te_0016112,0
te_0016113,0
te_0016114,0
te_0016115,0
te_0016116,0
te_0016117,0
te_0016118,0
te_0016119,0
te_0016120,0
te_0016121,0
te_0016122,0
te_0016123,0
te_0016124,0
te_0016125,0
te_0016126,0
te_0016127,0
te_0016128,0
te_0016129,0
te_0016130,0
te_0016131,0
te_0016132,0
te_0016133,0
te_0016134,0
te_0016135,0
te_0016136,0
te_0016137,0
te_0016138,0
te_0016139,0
te_0016140,0
te_0016141,0
te_0016142,0
te_0016143,0
te_0016144,0
te_0016145,0
te_0016146,0
te_0016147,0
te_0016148,0
te_0016149,0
te_0016150,0
te_0016151,0
te_0016152,0
te_0016153,0
te_0016154,0
te_0016155,0
te_0016156,0
te_0016157,0
te_0016158,0
te_0016159,0
te_0016160,0
te_0016161,0
te_0016162,0
te_0016163,0
te_0016164,0
te_0016165,0
te_0016166,0
te_0016167,0
te_0016168,0
te_0016169,0
te_0016170,0
te_0016171,0
te_0016172,0
te_0016173,0
te_0016174,0
te_0016175,0
te_0016176,0
te_0016177,0
te_0016178,0
te_0016179,0
te_0016180,0
te_0016181,0
te_0016182,0
te_0016183,0
te_0016184,0
te_0016185,0
te_0016186,0
te_0016187,0
te_0016188,0
te_0016189,0
te_0016190,0
te_0016191,0
te_0016192,0
te_0016193,0
te_0016194,0
te_0016195,0
te_0016196,0
te_0016197,0
te_0016198,0
te_0016199,0
te_0016200,0
te_0016201,0
te_0016202,0
te_0016203,0
te_0016204,0
te_0016205,0
te_0016206,0
te_0016207,0
te_0016208,0
te_0016209,0
te_0016210,0
te_0016211,0
te_0016212,0
te_0016213,0
te_0016214,0
te_0016215,0
te_0016216,0
te_0016217,0
te_0016218,0
te_0016219,0
te_0016220,0
te_0016221,0
te_0016222,0
te_0016223,0
te_0016224,0
te_0016225,0
te_0016226,0
te_0016227,0
te_0016228,0
te_0016229,0
te_0016230,0
te_0016231,0
te_0016232,0
te_0016233,0
te_0016234,0
te_0016235,0
te_0016236,0
te_0016237,0
te_0016238,0
te_0016239,0
te_0016240,0
te_0016241,0
te_0016242,0
te_0016243,0
te_0016244,0
te_0016245,0
te_0016246,0
te_0016247,0
te_0016248,0
te_0016249,0
te_0016250,0
te_0016251,0
te_0016252,0
te_0016253,0
te_0016254,0
te_0016255,0
te_0016256,0
te_0016257,0
te_0016258,0
te_0016259,0
te_0016260,0
te_0016261,0
te_0016262,0
te_0016263,0
te_0016264,0
te_0016265,0
te_0016266,0
te_0016267,0
te_0016268,0
te_0016269,0
te_0016270,0
te_0016271,0
te_0016272,0
te_0016273,0
te_0016274,0
te_0016275,0
te_0016276,0
te_0016277,0
te_0016278,0
te_0016279,0
te_0016280,0
te_0016281,0
te_0016282,0
te_0016283,0
te_0016284,0
te_0016285,0
te_0016286,0
te_0016287,0
te_0016288,0
te_0016289,0
te_0016290,0
te_0016291,0
te_0016292,0
te_0016293,0
te_0016294,0
te_0016295,0
te_0016296,0
te_0016297,0
te_0016298,0
te_0016299,0
te_0016300,0
te_0016301,0
te_0016302,0
te_0016303,0
te_0016304,0
te_0016305,0
te_0016306,0
te_0016307,0
te_0016308,0
te_0016309,0
te_0016310,0
te_0016311,0
te_0016312,0
te_0016313,0
te_0016314,0
te_0016315,0
te_0016316,0
te_0016317,0
te_0016318,0
te_0016319,0
te_0016320,0
te_0016321,0
te_0016322,0
te_0016323,0
te_0016324,0
te_0016325,0
te_0016326,0
te_0016327,0
te_0016328,0
te_0016329,0
te_0016330,0
te_0016331,0
te_0016332,0
te_0016333,0
te_0016334,0
te_0016335,0
te_0016336,0
te_0016337,0
te_0016338,0
te_0016339,0
te_0016340,0
te_0016341,0
te_0016342,0
te_0016343,0
te_0016344,0
te_0016345,0
te_0016346,0
te_0016347,0
te_0016348,0
te_0016349,0
te_0016350,0
te_0016351,0
te_0016352,0
te_0016353,0
te_0016354,0
te_0016355,0
te_0016356,0
te_0016357,0
te_0016358,0
te_0016359,0
te_0016360,0
te_0016361,0
te_0016362,0
te_0016363,0
te_0016364,0
te_0016365,0
te_0016366,0
te_0016367,0
te_0016368,0
te_0016369,0
te_0016370,0
te_0016371,0
te_0016372,0
te_0016373,0
te_0016374,0
te_0016375,0
te_0016376,0
te_0016377,0
te_0016378,0
te_0016379,0
te_0016380,0
te_0016381,0
te_0016382,0
te_0016383,0
te_0016384,0
te_0016385,0
te_0016386,0
te_0016387,0
te_0016388,0
te_0016389,0
te_0016390,0
te_0016391,0
te_0016392,0
te_0016393,0
te_0016394,0
te_0016395,0
te_0016396,0
te_0016397,0
te_0016398,0
te_0016399,0
te_0016400,0
te_0016401,0
te_0016402,0
te_0016403,0
te_0016404,0
te_0016405,0
te_0016406,0
te_0016407,0
te_0016408,0
te_0016409,0
te_0016410,0
te_0016411,0
te_0016412,0
te_0016413,0
te_0016414,0
te_0016415,0
te_0016416,0
te_0016417,0
te_0016418,0
te_0016419,0
te_0016420,0
te_0016421,0
te_0016422,0
te_0016423,0
te_0016424,0
te_0016425,0
te_0016426,0
te_0016427,0
te_0016428,0
te_0016429,0
te_0016430,0
te_0016431,0
te_0016432,0
te_0016433,0
te_0016434,0
te_0016435,0
te_0016436,0
te_0016437,0
te_0016438,0
te_0016439,0
te_0016440,0
te_0016441,0
te_0016442,0
te_0016443,0
te_0016444,0
te_0016445,0
te_0016446,0
te_0016447,0
te_0016448,0
te_0016449,0
te_0016450,0
te_0016451,0
te_0016452,0
te_0016453,0
te_0016454,0
te_0016455,0
te_0016456,0
te_0016457,0
te_0016458,0
te_0016459,0
te_0016460,0
te_0016461,0
te_0016462,0
te_0016463,0
te_0016464,0
te_0016465,0
te_0016466,0
te_0016467,0
te_0016468,0
te_0016469,0
te_0016470,0
te_0016471,0
te_0016472,0
te_0016473,0
te_0016474,0
te_0016475,0
te_0016476,0
te_0016477,0
te_0016478,0
te_0016479,0
te_0016480,0
te_0016481,0
te_0016482,0
te_0016483,0
te_0016484,0
te_0016485,0
te_0016486,0
te_0016487,0
te_0016488,0
te_0016489,0
te_0016490,0
te_0016491,0
te_0016492,0
te_0016493,0
te_0016494,0
te_0016495,0
te_0016496,0
te_0016497,0
te_0016498,0
te_0016499,0
te_0016500,0
te_0016501,0
te_0016502,0
te_0016503,0
te_0016504,0
te_0016505,0
te_0016506,0
te_0016507,0
te_0016508,0
te_0016509,0
te_0016510,0
te_0016511,0
te_0016512,0
te_0016513,0
te_0016514,0
te_0016515,0
te_0016516,0
te_0016517,0
te_0016518,0
te_0016519,0
te_0016520,0
te_0016521,0
te_0016522,0
te_0016523,0
te_0016524,0
te_0016525,0
te_0016526,0
te_0016527,0
te_0016528,0
te_0016529,0
te_0016530,0
te_0016531,0
te_0016532,0
te_0016533,0
te_0016534,0
te_0016535,0
te_0016536,0
te_0016537,0
te_0016538,0
te_0016539,0
te_0016540,0
te_0016541,0
te_0016542,0
te_0016543,0
te_0016544,0
te_0016545,0
te_0016546,0
te_0016547,0
te_0016548,0
te_0016549,0
te_0016550,0
te_0016551,0
te_0016552,0
te_0016553,0
te_0016554,0
te_0016555,0
te_0016556,0
te_0016557,0
te_0016558,0
te_0016559,0
te_0016560,0
te_0016561,0
te_0016562,0
te_0016563,0
te_0016564,0
te_0016565,0
te_0016566,0
te_0016567,0
te_0016568,0
te_0016569,0
te_0016570,0
te_0016571,0
te_0016572,0
te_0016573,0
te_0016574,0
te_0016575,0
te_0016576,0
te_0016577,0
te_0016578,0
te_0016579,0
te_0016580,0
te_0016581,0
te_0016582,0
te_0016583,0
te_0016584,0
te_0016585,0
te_0016586,0
te_0016587,0
te_0016588,0
te_0016589,0
te_0016590,0
te_0016591,0
te_0016592,0
te_0016593,0
te_0016594,0
te_0016595,0
te_0016596,0
te_0016597,0
te_0016598,0
te_0016599,0
te_0016600,0
te_0016601,0
te_0016602,0
te_0016603,0
te_0016604,0
te_0016605,0
te_0016606,0
te_0016607,0
te_0016608,0
te_0016609,0
te_0016610,0
te_0016611,0
te_0016612,0
te_0016613,0
te_0016614,0
te_0016615,0
te_0016616,0
te_0016617,0
te_0016618,0
te_0016619,0
te_0016620,0
te_0016621,0
te_0016622,0
te_0016623,0
te_0016624,0
te_0016625,0
te_0016626,0
te_0016627,0
te_0016628,0
te_0016629,0
te_0016630,0
te_0016631,0
te_0016632,0
te_0016633,0
te_0016634,0
te_0016635,0
te_0016636,0
te_0016637,0
te_0016638,0
te_0016639,0
te_0016640,0
te_0016641,0
te_0016642,0
te_0016643,0
te_0016644,0
te_0016645,0
te_0016646,0
te_0016647,0
te_0016648,0
te_0016649,0
te_0016650,0
te_0016651,0
te_0016652,0
te_0016653,0
te_0016654,0
te_0016655,0
te_0016656,0
te_0016657,0
te_0016658,0
te_0016659,0
te_0016660,0
te_0016661,0
te_0016662,0
te_0016663,0
te_0016664,0
te_0016665,0
te_0016666,0
te_0016667,0
te_0016668,0
te_0016669,0
te_0016670,0
te_0016671,0
te_0016672,0
te_0016673,0
te_0016674,0
te_0016675,0
te_0016676,0
te_0016677,0
te_0016678,0
te_0016679,0
te_0016680,0
te_0016681,0
te_0016682,0
te_0016683,0
te_0016684,0
te_0016685,0
te_0016686,0
te_0016687,0
te_0016688,0
te_0016689,0
te_0016690,0
te_0016691,0
te_0016692,0
te_0016693,0
te_0016694,0
te_0016695,0
te_0016696,0
te_0016697,0
te_0016698,0
te_0016699,0
te_0016700,0
te_0016701,0
te_0016702,0
te_0016703,0
te_0016704,0
te_0016705,0
te_0016706,0
te_0016707,0
te_0016708,0
te_0016709,0
te_0016710,0
te_0016711,0
te_0016712,0
te_0016713,0
te_0016714,0
te_0016715,0
te_0016716,0
te_0016717,0
te_0016718,0
te_0016719,0
te_0016720,0
te_0016721,0
te_0016722,0
te_0016723,0
te_0016724,0
te_0016725,0
te_0016726,0
te_0016727,0
te_0016728,0
te_0016729,0
te_0016730,0
te_0016731,0
te_0016732,0
te_0016733,0
te_0016734,0
te_0016735,0
te_0016736,0
te_0016737,0
te_0016738,0
te_0016739,0
te_0016740,0
te_0016741,0
te_0016742,0
te_0016743,0
te_0016744,0
te_0016745,0
te_0016746,0
te_0016747,0
te_0016748,0
te_0016749,0
te_0016750,0
te_0016751,0
te_0016752,0
te_0016753,0
te_0016754,0
te_0016755,0
te_0016756,0
te_0016757,0
te_0016758,0
te_0016759,0
te_0016760,0
te_0016761,0
te_0016762,0
te_0016763,0
te_0016764,0
te_0016765,0
te_0016766,0
te_0016767,0
te_0016768,0
te_0016769,0
te_0016770,0
te_0016771,0
te_0016772,0
te_0016773,0
te_0016774,0
te_0016775,0
te_0016776,0
te_0016777,0
te_0016778,0
te_0016779,0
te_0016780,0
te_0016781,0
te_0016782,0
te_0016783,0
te_0016784,0
te_0016785,0
te_0016786,0
te_0016787,0
te_0016788,0
te_0016789,0
te_0016790,0
te_0016791,0
te_0016792,0
te_0016793,0
te_0016794,0
te_0016795,0
te_0016796,0
te_0016797,0
te_0016798,0
te_0016799,0
te_0016800,0
te_0016801,0
te_0016802,0
te_0016803,0
te_0016804,0
te_0016805,0
te_0016806,0
te_0016807,0
te_0016808,0
te_0016809,0
te_0016810,0
te_0016811,0
te_0016812,0
te_0016813,0
te_0016814,0
te_0016815,0
te_0016816,0
te_0016817,0
te_0016818,0
te_0016819,0
te_0016820,0
te_0016821,0
te_0016822,0
te_0016823,0
te_0016824,0
te_0016825,0
te_0016826,0
te_0016827,0
te_0016828,0
te_0016829,0
te_0016830,0
te_0016831,0
te_0016832,0
te_0016833,0
te_0016834,0
te_0016835,0
te_0016836,0
te_0016837,0
te_0016838,0
te_0016839,0
te_0016840,0
te_0016841,0
te_0016842,0
te_0016843,0
te_0016844,0
te_0016845,0
te_0016846,0
te_0016847,0
te_0016848,0
te_0016849,0
te_0016850,0
te_0016851,0
te_0016852,0
te_0016853,0
te_0016854,0
te_0016855,0
te_0016856,0
te_0016857,0
te_0016858,0
te_0016859,0
te_0016860,0
te_0016861,0
te_0016862,0
te_0016863,0
te_0016864,0
te_0016865,0
te_0016866,0
te_0016867,0
te_0016868,0
te_0016869,0
te_0016870,0
te_0016871,0
te_0016872,0
te_0016873,0
te_0016874,0
te_0016875,0
te_0016876,0
te_0016877,0
te_0016878,0
te_0016879,0
te_0016880,0
te_0016881,0
te_0016882,0
te_0016883,0
te_0016884,0
te_0016885,0
te_0016886,0
te_0016887,0
te_0016888,0
te_0016889,0
te_0016890,0
te_0016891,0
te_0016892,0
te_0016893,0
te_0016894,0
te_0016895,0
te_0016896,0
te_0016897,0
te_0016898,0
te_0016899,0
te_0016900,0
te_0016901,0
te_0016902,0
te_0016903,0
te_0016904,0
te_0016905,0
te_0016906,0
te_0016907,0
te_0016908,0
te_0016909,0
te_0016910,0
te_0016911,0
te_0016912,0
te_0016913,0
te_0016914,0
te_0016915,0
te_0016916,0
te_0016917,0
te_0016918,0
te_0016919,0
te_0016920,0
te_0016921,0
te_0016922,0
te_0016923,0
te_0016924,0
te_0016925,0
te_0016926,0
te_0016927,0
te_0016928,0
te_0016929,0
te_0016930,0
te_0016931,0
te_0016932,0
te_0016933,0
te_0016934,0
te_0016935,0
te_0016936,0
te_0016937,0
te_0016938,0
te_0016939,0
te_0016940,0
te_0016941,0
te_0016942,0
te_0016943,0
te_0016944,0
te_0016945,0
te_0016946,0
te_0016947,0
te_0016948,0
te_0016949,0
te_0016950,0
te_0016951,0
te_0016952,0
te_0016953,0
te_0016954,0
te_0016955,0
te_0016956,0
te_0016957,0
te_0016958,0
te_0016959,0
te_0016960,0
te_0016961,0
te_0016962,0
te_0016963,0
te_0016964,0
te_0016965,0
te_0016966,0
te_0016967,0
te_0016968,0
te_0016969,0
te_0016970,0
te_0016971,0
te_0016972,0
te_0016973,0
te_0016974,0
te_0016975,0
te_0016976,0
te_0016977,0
te_0016978,0
te_0016979,0
te_0016980,0
te_0016981,0
te_0016982,0
te_0016983,0
te_0016984,0
te_0016985,0
te_0016986,0
te_0016987,0
te_0016988,0
te_0016989,0
te_0016990,0
te_0016991,0
te_0016992,0
te_0016993,0
te_0016994,0
te_0016995,0
te_0016996,0
te_0016997,0
te_0016998,0
te_0016999,0
te_0017000,0
te_0017001,0
te_0017002,0
te_0017003,0
te_0017004,0
te_0017005,0
te_0017006,0
te_0017007,0
te_0017008,0
te_0017009,0
te_0017010,0
te_0017011,0
te_0017012,0
te_0017013,0
te_0017014,0
te_0017015,0
te_0017016,0
te_0017017,0
te_0017018,0
te_0017019,0
te_0017020,0
te_0017021,0
te_0017022,0
te_0017023,0
te_0017024,0
te_0017025,0
te_0017026,0
te_0017027,0
te_0017028,0
te_0017029,0
te_0017030,0
te_0017031,0
te_0017032,0
te_0017033,0
te_0017034,0
te_0017035,0
te_0017036,0
te_0017037,0
te_0017038,0
te_0017039,0
te_0017040,0
te_0017041,0
te_0017042,0
te_0017043,0
te_0017044,0
te_0017045,0
te_0017046,0
te_0017047,0
te_0017048,0
te_0017049,0
te_0017050,0
te_0017051,0
te_0017052,0
te_0017053,0
te_0017054,0
te_0017055,0
te_0017056,0
te_0017057,0
te_0017058,0
te_0017059,0
te_0017060,0
te_0017061,0
te_0017062,0
te_0017063,0
te_0017064,0
te_0017065,0
te_0017066,0
te_0017067,0
te_0017068,0
te_0017069,0
te_0017070,0
te_0017071,0
te_0017072,0
te_0017073,0
te_0017074,0
te_0017075,0
te_0017076,0
te_0017077,0
te_0017078,0
te_0017079,0
te_0017080,0
te_0017081,0
te_0017082,0
te_0017083,0
te_0017084,0
te_0017085,0
te_0017086,0
te_0017087,0
te_0017088,0
te_0017089,0
te_0017090,0
te_0017091,0
te_0017092,0
te_0017093,0
te_0017094,0
te_0017095,0
te_0017096,0
te_0017097,0
te_0017098,0
te_0017099,0
te_0017100,0
te_0017101,0
te_0017102,0
te_0017103,0
te_0017104,0
te_0017105,0
te_0017106,0
te_0017107,0
te_0017108,0
te_0017109,0
te_0017110,0
te_0017111,0
te_0017112,0
te_0017113,0
te_0017114,0
te_0017115,0
te_0017116,0
te_0017117,0
te_0017118,0
te_0017119,0
te_0017120,0
te_0017121,0
te_0017122,0
te_0017123,0
te_0017124,0
te_0017125,0
te_0017126,0
te_0017127,0
te_0017128,0
te_0017129,0
te_0017130,0
te_0017131,0
te_0017132,0
te_0017133,0
te_0017134,0
te_0017135,0
te_0017136,0
te_0017137,0
te_0017138,0
te_0017139,0
te_0017140,0
te_0017141,0
te_0017142,0
te_0017143,0
te_0017144,0
te_0017145,0
te_0017146,0
te_0017147,0
te_0017148,0
te_0017149,0
te_0017150,0
te_0017151,0
te_0017152,0
te_0017153,0
te_0017154,0
te_0017155,0
te_0017156,0
te_0017157,0
te_0017158,0
te_0017159,0
te_0017160,0
te_0017161,0
te_0017162,0
te_0017163,0
te_0017164,0
te_0017165,0
te_0017166,0
te_0017167,0
te_0017168,0
te_0017169,0
te_0017170,0
te_0017171,0
te_0017172,0
te_0017173,0
te_0017174,0
te_0017175,0
te_0017176,0
te_0017177,0
te_0017178,0
te_0017179,0
te_0017180,0
te_0017181,0
te_0017182,0
te_0017183,0
te_0017184,0
te_0017185,0
te_0017186,0
te_0017187,0
te_0017188,0
te_0017189,0
te_0017190,0
te_0017191,0
te_0017192,0
te_0017193,0
te_0017194,0
te_0017195,0
te_0017196,0
te_0017197,0
te_0017198,0
te_0017199,0
te_0017200,0
te_0017201,0
te_0017202,0
te_0017203,0
te_0017204,0
te_0017205,0
te_0017206,0
te_0017207,0
te_0017208,0
te_0017209,0
te_0017210,0
te_0017211,0
te_0017212,0
te_0017213,0
te_0017214,0
te_0017215,0
te_0017216,0
te_0017217,0
te_0017218,0
te_0017219,0
te_0017220,0
te_0017221,0
te_0017222,0
te_0017223,0
te_0017224,0
te_0017225,0
te_0017226,0
te_0017227,0
te_0017228,0
te_0017229,0
te_0017230,0
te_0017231,0
te_0017232,0
te_0017233,0
te_0017234,0
te_0017235,0
te_0017236,0
te_0017237,0
te_0017238,0
te_0017239,0
te_0017240,0
te_0017241,0
te_0017242,0
te_0017243,0
te_0017244,0
te_0017245,0
te_0017246,0
te_0017247,0
te_0017248,0
te_0017249,0
te_0017250,0
te_0017251,0
te_0017252,0
te_0017253,0
te_0017254,0
te_0017255,0
te_0017256,0
te_0017257,0
te_0017258,0
te_0017259,0
te_0017260,0
te_0017261,0
te_0017262,0
te_0017263,0
te_0017264,0
te_0017265,0
te_0017266,0
te_0017267,0
te_0017268,0
te_0017269,0
te_0017270,0
te_0017271,0
te_0017272,0
te_0017273,0
te_0017274,0
te_0017275,0
te_0017276,0
te_0017277,0
te_0017278,0
te_0017279,0
te_0017280,0
te_0017281,0
te_0017282,0
te_0017283,0
te_0017284,0
te_0017285,0
te_0017286,0
te_0017287,0
te_0017288,0
te_0017289,0
te_0017290,0
te_0017291,0
te_0017292,0
te_0017293,0
te_0017294,0
te_0017295,0
te_0017296,0
te_0017297,0
te_0017298,0
te_0017299,0
te_0017300,0
te_0017301,0
te_0017302,0
te_0017303,0
te_0017304,0
te_0017305,0
te_0017306,0
te_0017307,0
te_0017308,0
te_0017309,0
te_0017310,0
te_0017311,0
te_0017312,0
te_0017313,0
te_0017314,0
te_0017315,0
te_0017316,0
te_0017317,0
te_0017318,0
te_0017319,0
te_0017320,0
te_0017321,0
te_0017322,0
te_0017323,0
te_0017324,0
te_0017325,0
te_0017326,0
te_0017327,0
te_0017328,0
te_0017329,0
te_0017330,0
te_0017331,0
te_0017332,0
te_0017333,0
te_0017334,0
te_0017335,0
te_0017336,0
te_0017337,0
te_0017338,0
te_0017339,0
te_0017340,0
te_0017341,0
te_0017342,0
te_0017343,0
te_0017344,0
te_0017345,0
te_0017346,0
te_0017347,0
te_0017348,0
te_0017349,0
te_0017350,0
te_0017351,0
te_0017352,0
te_0017353,0
te_0017354,0
te_0017355,0
te_0017356,0
te_0017357,0
te_0017358,0
te_0017359,0
te_0017360,0
te_0017361,0
te_0017362,0
te_0017363,0
te_0017364,0
te_0017365,0
te_0017366,0
te_0017367,0
te_0017368,0
te_0017369,0
te_0017370,0
te_0017371,0
te_0017372,0
te_0017373,0
te_0017374,0
te_0017375,0
te_0017376,0
te_0017377,0
te_0017378,0
te_0017379,0
te_0017380,0
te_0017381,0
te_0017382,0
te_0017383,0
te_0017384,0
te_0017385,0
te_0017386,0
te_0017387,0
te_0017388,0
te_0017389,0
te_0017390,0
te_0017391,0
te_0017392,0
te_0017393,0
te_0017394,0
te_0017395,0
te_0017396,0
te_0017397,0
te_0017398,0
te_0017399,0
te_0017400,0
te_0017401,0
te_0017402,0
te_0017403,0
te_0017404,0
te_0017405,0
te_0017406,0
te_0017407,0
te_0017408,0
te_0017409,0
te_0017410,0
te_0017411,0
te_0017412,0
te_0017413,0
te_0017414,0
te_0017415,0
te_0017416,0
te_0017417,0
te_0017418,0
te_0017419,0
te_0017420,0
te_0017421,0
te_0017422,0
te_0017423,0
te_0017424,0
te_0017425,0
te_0017426,0
te_0017427,0
te_0017428,0
te_0017429,0
te_0017430,0
te_0017431,0
te_0017432,0
te_0017433,0
te_0017434,0
te_0017435,0
te_0017436,0
te_0017437,0
te_0017438,0
te_0017439,0
te_0017440,0
te_0017441,0
te_0017442,0
te_0017443,0
te_0017444,0
te_0017445,0
te_0017446,0
te_0017447,0
te_0017448,0
te_0017449,0
te_0017450,0
te_0017451,0
te_0017452,0
te_0017453,0
te_0017454,0
te_0017455,0
te_0017456,0
te_0017457,0
te_0017458,0
te_0017459,0
te_0017460,0
te_0017461,0
te_0017462,0
te_0017463,0
te_0017464,0
te_0017465,0
te_0017466,0
te_0017467,0
te_0017468,0
te_0017469,0
te_0017470,0
te_0017471,0
te_0017472,0
te_0017473,0
te_0017474,0
te_0017475,0
te_0017476,0
te_0017477,0
te_0017478,0
te_0017479,0
te_0017480,0
te_0017481,0
te_0017482,0
te_0017483,0
te_0017484,0
te_0017485,0
te_0017486,0
te_0017487,0
te_0017488,0
te_0017489,0
te_0017490,0
te_0017491,0
te_0017492,0
te_0017493,0
te_0017494,0
te_0017495,0
te_0017496,0
te_0017497,0
te_0017498,0
te_0017499,0
te_0017500,0
te_0017501,0
te_0017502,0
te_0017503,0
te_0017504,0
te_0017505,0
te_0017506,0
te_0017507,0
te_0017508,0
te_0017509,0
te_0017510,0
te_0017511,0
te_0017512,0
te_0017513,0
te_0017514,0
te_0017515,0
te_0017516,0
te_0017517,0
te_0017518,0
te_0017519,0
te_0017520,0
te_0017521,0
te_0017522,0
te_0017523,0
te_0017524,0
te_0017525,0
te_0017526,0
te_0017527,0
te_0017528,0
te_0017529,0
te_0017530,0
te_0017531,0
te_0017532,0
te_0017533,0
te_0017534,0
te_0017535,0
te_0017536,0
te_0017537,0
te_0017538,0
te_0017539,0
te_0017540,0
te_0017541,0
te_0017542,0
te_0017543,0
te_0017544,0
te_0017545,0
te_0017546,0
te_0017547,0
te_0017548,0
te_0017549,0
te_0017550,0
te_0017551,0
te_0017552,0
te_0017553,0
te_0017554,0
te_0017555,0
te_0017556,0
te_0017557,0
te_0017558,0
te_0017559,0
te_0017560,0
te_0017561,0
te_0017562,0
te_0017563,0
te_0017564,0
te_0017565,0
te_0017566,0
te_0017567,0
te_0017568,0
te_0017569,0
te_0017570,0
te_0017571,0
te_0017572,0
te_0017573,0
te_0017574,0
te_0017575,0
te_0017576,0
te_0017577,0
te_0017578,0
te_0017579,0
te_0017580,0
te_0017581,0
te_0017582,0
te_0017583,0
te_0017584,0
te_0017585,0
te_0017586,0
te_0017587,0
te_0017588,0
te_0017589,0
te_0017590,0
te_0017591,0
te_0017592,0
te_0017593,0
te_0017594,0
te_0017595,0
te_0017596,0
te_0017597,0
te_0017598,0
te_0017599,0
te_0017600,0
te_0017601,0
te_0017602,0
te_0017603,0
te_0017604,0
te_0017605,0
te_0017606,0
te_0017607,0
te_0017608,0
te_0017609,0
te_0017610,0
te_0017611,0
te_0017612,0
te_0017613,0
te_0017614,0
te_0017615,0
te_0017616,0
te_0017617,0
te_0017618,0
te_0017619,0
te_0017620,0
te_0017621,0
te_0017622,0
te_0017623,0
te_0017624,0
te_0017625,0
te_0017626,0
te_0017627,0
te_0017628,0
te_0017629,0
te_0017630,0
te_0017631,0
te_0017632,0
te_0017633,0
te_0017634,0
te_0017635,0
te_0017636,0
te_0017637,0
te_0017638,0
te_0017639,0
te_0017640,0
te_0017641,0
te_0017642,0
te_0017643,0
te_0017644,0
te_0017645,0
te_0017646,0
te_0017647,0
te_0017648,0
te_0017649,0
te_0017650,0
te_0017651,0
te_0017652,0
te_0017653,0
te_0017654,0
te_0017655,0
te_0017656,0
te_0017657,0
te_0017658,0
te_0017659,0
te_0017660,0
te_0017661,0
te_0017662,0
te_0017663,0
te_0017664,0
te_0017665,0
te_0017666,0
te_0017667,0
te_0017668,0
te_0017669,0
te_0017670,0
te_0017671,0
te_0017672,0
te_0017673,0
te_0017674,0
te_0017675,0
te_0017676,0
te_0017677,0
te_0017678,0
te_0017679,0
te_0017680,0
te_0017681,0
te_0017682,0
te_0017683,0
te_0017684,0
te_0017685,0
te_0017686,0
te_0017687,0
te_0017688,0
te_0017689,0
te_0017690,0
te_0017691,0
te_0017692,0
te_0017693,0
te_0017694,0
te_0017695,0
te_0017696,0
te_0017697,0
te_0017698,0
te_0017699,0
te_0017700,0
te_0017701,0
te_0017702,0
te_0017703,0
te_0017704,0
te_0017705,0
te_0017706,0
te_0017707,0
te_0017708,0
te_0017709,0
te_0017710,0
te_0017711,0
te_0017712,0
te_0017713,0
te_0017714,0
te_0017715,0
te_0017716,0
te_0017717,0
te_0017718,0
te_0017719,0
te_0017720,0
te_0017721,0
te_0017722,0
te_0017723,0
te_0017724,0
te_0017725,0
te_0017726,0
te_0017727,0
te_0017728,0
te_0017729,0
te_0017730,0
te_0017731,0
te_0017732,0
te_0017733,0
te_0017734,0
te_0017735,0
te_0017736,0
te_0017737,0
te_0017738,0
te_0017739,0
te_0017740,0
te_0017741,0
te_0017742,0
te_0017743,0
te_0017744,0
te_0017745,0
te_0017746,0
te_0017747,0
te_0017748,0
te_0017749,0
te_0017750,0
te_0017751,0
te_0017752,0
te_0017753,0
te_0017754,0
te_0017755,0
te_0017756,0
te_0017757,0
te_0017758,0
te_0017759,0
te_0017760,0
te_0017761,0
te_0017762,0
te_0017763,0
te_0017764,0
te_0017765,0
te_0017766,0
te_0017767,0
te_0017768,0
te_0017769,0
te_0017770,0
te_0017771,0
te_0017772,0
te_0017773,0
te_0017774,0
te_0017775,0
te_0017776,0
te_0017777,0
te_0017778,0
te_0017779,0
te_0017780,0
te_0017781,0
te_0017782,0
te_0017783,0
te_0017784,0
te_0017785,0
te_0017786,0
te_0017787,0
te_0017788,0
te_0017789,0
te_0017790,0
te_0017791,0
te_0017792,0
te_0017793,0
te_0017794,0
te_0017795,0
te_0017796,0
te_0017797,0
te_0017798,0
te_0017799,0
te_0017800,0
te_0017801,0
te_0017802,0
te_0017803,0
te_0017804,0
te_0017805,0
te_0017806,0
te_0017807,0
te_0017808,0
te_0017809,0
te_0017810,0
te_0017811,0
te_0017812,0
te_0017813,0
te_0017814,0
te_0017815,0
te_0017816,0
te_0017817,0
te_0017818,0
te_0017819,0
te_0017820,0
te_0017821,0
te_0017822,0
te_0017823,0
te_0017824,0
te_0017825,0
te_0017826,0
te_0017827,0
te_0017828,0
te_0017829,0
te_0017830,0
te_0017831,0
te_0017832,0
te_0017833,0
te_0017834,0
te_0017835,0
te_0017836,0
te_0017837,0
te_0017838,0
te_0017839,0
te_0017840,0
te_0017841,0
te_0017842,0
te_0017843,0
te_0017844,0
te_0017845,0
te_0017846,0
te_0017847,0
te_0017848,0
te_0017849,0
te_0017850,0
te_0017851,0
te_0017852,0
te_0017853,0
te_0017854,0
te_0017855,0
te_0017856,0
te_0017857,0
te_0017858,0
te_0017859,0
te_0017860,0
te_0017861,0
te_0017862,0
te_0017863,0
te_0017864,0
te_0017865,0
te_0017866,0
te_0017867,0
te_0017868,0
te_0017869,0
te_0017870,0
te_0017871,0
te_0017872,0
te_0017873,0
te_0017874,0
te_0017875,0
te_0017876,0
te_0017877,0
te_0017878,0
te_0017879,0
te_0017880,0
te_0017881,0
te_0017882,0
te_0017883,0
te_0017884,0
te_0017885,0
te_0017886,0
te_0017887,0
te_0017888,0
te_0017889,0
te_0017890,0
te_0017891,0
te_0017892,0
te_0017893,0
te_0017894,0
te_0017895,0
te_0017896,0
te_0017897,0
te_0017898,0
te_0017899,0
te_0017900,0
te_0017901,0
te_0017902,0
te_0017903,0
te_0017904,0
te_0017905,0
te_0017906,0
te_0017907,0
te_0017908,0
te_0017909,0
te_0017910,0
te_0017911,0
te_0017912,0
te_0017913,0
te_0017914,0
te_0017915,0
te_0017916,0
te_0017917,0
te_0017918,0
te_0017919,0
te_0017920,0
te_0017921,0
te_0017922,0
te_0017923,0
te_0017924,0
te_0017925,0
te_0017926,0
te_0017927,0
te_0017928,0
te_0017929,0
te_0017930,0
te_0017931,0
te_0017932,0
te_0017933,0
te_0017934,0
te_0017935,0
te_0017936,0
te_0017937,0
te_0017938,0
te_0017939,0
te_0017940,0
te_0017941,0
te_0017942,0
te_0017943,0
te_0017944,0
te_0017945,0
te_0017946,0
te_0017947,0
te_0017948,0
te_0017949,0
te_0017950,0
te_0017951,0
te_0017952,0
te_0017953,0
te_0017954,0
te_0017955,0
te_0017956,0
te_0017957,0
te_0017958,0
te_0017959,0
te_0017960,0
te_0017961,0
te_0017962,0
te_0017963,0
te_0017964,0
te_0017965,0
te_0017966,0
te_0017967,0
te_0017968,0
te_0017969,0
te_0017970,0
te_0017971,0
te_0017972,0
te_0017973,0
te_0017974,0
te_0017975,0
te_0017976,0
te_0017977,0
te_0017978,0
te_0017979,0
te_0017980,0
te_0017981,0
te_0017982,0
te_0017983,0
te_0017984,0
te_0017985,0
te_0017986,0
te_0017987,0
te_0017988,0
te_0017989,0
te_0017990,0
te_0017991,0
te_0017992,0
te_0017993,0
te_0017994,0
te_0017995,0
te_0017996,0
te_0017997,0
te_0017998,0
te_0017999,0
te_0018000,0
te_0018001,0
te_0018002,0
te_0018003,0
te_0018004,0
te_0018005,0
te_0018006,0
te_0018007,0
te_0018008,0
te_0018009,0
te_0018010,0
te_0018011,0
te_0018012,0
te_0018013,0
te_0018014,0
te_0018015,0
te_0018016,0
te_0018017,0
te_0018018,0
te_0018019,0
te_0018020,0
te_0018021,0
te_0018022,0
te_0018023,0
te_0018024,0
te_0018025,0
te_0018026,0
te_0018027,0
te_0018028,0
te_0018029,0
te_0018030,0
te_0018031,0
te_0018032,0
te_0018033,0
te_0018034,0
te_0018035,0
te_0018036,0
te_0018037,0
te_0018038,0
te_0018039,0
te_0018040,0
te_0018041,0
te_0018042,0
te_0018043,0
te_0018044,0
te_0018045,0
te_0018046,0
te_0018047,0
te_0018048,0
te_0018049,0
te_0018050,0
te_0018051,0
te_0018052,0
te_0018053,0
te_0018054,0
te_0018055,0
te_0018056,0
te_0018057,0
te_0018058,0
te_0018059,0
te_0018060,0
te_0018061,0
te_0018062,0
te_0018063,0
te_0018064,0
te_0018065,0
te_0018066,0
te_0018067,0
te_0018068,0
te_0018069,0
te_0018070,0
te_0018071,0
te_0018072,0
te_0018073,0
te_0018074,0
te_0018075,0
te_0018076,0
te_0018077,0
te_0018078,0
te_0018079,0
te_0018080,0
te_0018081,0
te_0018082,0
te_0018083,0
te_0018084,0
te_0018085,0
te_0018086,0
te_0018087,0
te_0018088,0
te_0018089,0
te_0018090,0
te_0018091,0
te_0018092,0
te_0018093,0
te_0018094,0
te_0018095,0
te_0018096,0
te_0018097,0
te_0018098,0
te_0018099,0
te_0018100,0
te_0018101,0
te_0018102,0
te_0018103,0
te_0018104,0
te_0018105,0
te_0018106,0
te_0018107,0
te_0018108,0
te_0018109,0
te_0018110,0
te_0018111,0
te_0018112,0
te_0018113,0
te_0018114,0
te_0018115,0
te_0018116,0
te_0018117,0
te_0018118,0
te_0018119,0
te_0018120,0
te_0018121,0
te_0018122,0
te_0018123,0
te_0018124,0
te_0018125,0
te_0018126,0
te_0018127,0
te_0018128,0
te_0018129,0
te_0018130,0
te_0018131,0
te_0018132,0
te_0018133,0
te_0018134,0
te_0018135,0
te_0018136,0
te_0018137,0
te_0018138,0
te_0018139,0
te_0018140,0
te_0018141,0
te_0018142,0
te_0018143,0
te_0018144,0
te_0018145,0
te_0018146,0
te_0018147,0
te_0018148,0
te_0018149,0
te_0018150,0
te_0018151,0
te_0018152,0
te_0018153,0
te_0018154,0
te_0018155,0
te_0018156,0
te_0018157,0
te_0018158,0
te_0018159,0
te_0018160,0
te_0018161,0
te_0018162,0
te_0018163,0
te_0018164,0
te_0018165,0
te_0018166,0
te_0018167,0
te_0018168,0
te_0018169,0
te_0018170,0
te_0018171,0
te_0018172,0
te_0018173,0
te_0018174,0
te_0018175,0
te_0018176,0
te_0018177,0
te_0018178,0
te_0018179,0
te_0018180,0
te_0018181,0
te_0018182,0
te_0018183,0
te_0018184,0
te_0018185,0
te_0018186,0
te_0018187,0
te_0018188,0
te_0018189,0
te_0018190,0
te_0018191,0
te_0018192,0
te_0018193,0
te_0018194,0
te_0018195,0
te_0018196,0
te_0018197,0
te_0018198,0
te_0018199,0
te_0018200,0
te_0018201,0
te_0018202,0
te_0018203,0
te_0018204,0
te_0018205,0
te_0018206,0
te_0018207,0
te_0018208,0
te_0018209,0
te_0018210,0
te_0018211,0
te_0018212,0
te_0018213,0
te_0018214,0
te_0018215,0
te_0018216,0
te_0018217,0
te_0018218,0
te_0018219,0
te_0018220,0
te_0018221,0
te_0018222,0
te_0018223,0
te_0018224,0
te_0018225,0
te_0018226,0
te_0018227,0
te_0018228,0
te_0018229,0
te_0018230,0
te_0018231,0
te_0018232,0
te_0018233,0
te_0018234,0
te_0018235,0
te_0018236,0
te_0018237,0
te_0018238,0
te_0018239,0
te_0018240,0
te_0018241,0
te_0018242,0
te_0018243,0
te_0018244,0
te_0018245,0
te_0018246,0
te_0018247,0
te_0018248,0
te_0018249,0
te_0018250,0
te_0018251,0
te_0018252,0
te_0018253,0
te_0018254,0
te_0018255,0
te_0018256,0
te_0018257,0
te_0018258,0
te_0018259,0
te_0018260,0
te_0018261,0
te_0018262,0
te_0018263,0
te_0018264,0
te_0018265,0
te_0018266,0
te_0018267,0
te_0018268,0
te_0018269,0
te_0018270,0
te_0018271,0
te_0018272,0
te_0018273,0
te_0018274,0
te_0018275,0
te_0018276,0
te_0018277,0
te_0018278,0
te_0018279,0
te_0018280,0
te_0018281,0
te_0018282,0
te_0018283,0
te_0018284,0
te_0018285,0
te_0018286,0
te_0018287,0
te_0018288,0
te_0018289,0
te_0018290,0
te_0018291,0
te_0018292,0
te_0018293,0
te_0018294,0
te_0018295,0
te_0018296,0
te_0018297,0
te_0018298,0
te_0018299,0
te_0018300,0
te_0018301,0
te_0018302,0
te_0018303,0
te_0018304,0
te_0018305,0
te_0018306,0
te_0018307,0
te_0018308,0
te_0018309,0
te_0018310,0
te_0018311,0
te_0018312,0
te_0018313,0
te_0018314,0
te_0018315,0
te_0018316,0
te_0018317,0
te_0018318,0
te_0018319,0
te_0018320,0
te_0018321,0
te_0018322,0
te_0018323,0
te_0018324,0
te_0018325,0
te_0018326,0
te_0018327,0
te_0018328,0
te_0018329,0
te_0018330,0
te_0018331,0
te_0018332,0
te_0018333,0
te_0018334,0
te_0018335,0
te_0018336,0
te_0018337,0
te_0018338,0
te_0018339,0
te_0018340,0
te_0018341,0
te_0018342,0
te_0018343,0
te_0018344,0
te_0018345,0
te_0018346,0
te_0018347,0
te_0018348,0
te_0018349,0
te_0018350,0
te_0018351,0
te_0018352,0
te_0018353,0
te_0018354,0
te_0018355,0
te_0018356,0
te_0018357,0
te_0018358,0
te_0018359,0
te_0018360,0
te_0018361,0
te_0018362,0
te_0018363,0
te_0018364,0
te_0018365,0
te_0018366,0
te_0018367,0
te_0018368,0
te_0018369,0
te_0018370,0
te_0018371,0
te_0018372,0
te_0018373,0
te_0018374,0
te_0018375,0
te_0018376,0
te_0018377,0
te_0018378,0
te_0018379,0
te_0018380,0
te_0018381,0
te_0018382,0
te_0018383,0
te_0018384,0
te_0018385,0
te_0018386,0
te_0018387,0
te_0018388,0
te_0018389,0
te_0018390,0
te_0018391,0
te_0018392,0
te_0018393,0
te_0018394,0
te_0018395,0
te_0018396,0
te_0018397,0
te_0018398,0
te_0018399,0
te_0018400,0
te_0018401,0
te_0018402,0
te_0018403,0
te_0018404,0
te_0018405,0
te_0018406,0
te_0018407,0
te_0018408,0
te_0018409,0
te_0018410,0
te_0018411,0
te_0018412,0
te_0018413,0
te_0018414,0
te_0018415,0
te_0018416,0
te_0018417,0
te_0018418,0
te_0018419,0
te_0018420,0
te_0018421,0
te_0018422,0
te_0018423,0
te_0018424,0
te_0018425,0
te_0018426,0
te_0018427,0
te_0018428,0
te_0018429,0
te_0018430,0
te_0018431,0
te_0018432,0
te_0018433,0
te_0018434,0
te_0018435,0
te_0018436,0
te_0018437,0
te_0018438,0
te_0018439,0
te_0018440,0
te_0018441,0
te_0018442,0
te_0018443,0
te_0018444,0
te_0018445,0
te_0018446,0
te_0018447,0
te_0018448,0
te_0018449,0
te_0018450,0
te_0018451,0
te_0018452,0
te_0018453,0
te_0018454,0
te_0018455,0
te_0018456,0
te_0018457,0
te_0018458,0
te_0018459,0
te_0018460,0
te_0018461,0
te_0018462,0
te_0018463,0
te_0018464,0
te_0018465,0
te_0018466,0
te_0018467,0
te_0018468,0
te_0018469,0
te_0018470,0
te_0018471,0
te_0018472,0
te_0018473,0
te_0018474,0
te_0018475,0
te_0018476,0
te_0018477,0
te_0018478,0
te_0018479,0
te_0018480,0
te_0018481,0
te_0018482,0
te_0018483,0
te_0018484,0
te_0018485,0
te_0018486,0
te_0018487,0
te_0018488,0
te_0018489,0
te_0018490,0
te_0018491,0
te_0018492,0
te_0018493,0
te_0018494,0
te_0018495,0
te_0018496,0
te_0018497,0
te_0018498,0
te_0018499,0
te_0018500,0
te_0018501,0
te_0018502,0
te_0018503,0
te_0018504,0
te_0018505,0
te_0018506,0
te_0018507,0
te_0018508,0
te_0018509,0
te_0018510,0
te_0018511,0
te_0018512,0
te_0018513,0
te_0018514,0
te_0018515,0
te_0018516,0
te_0018517,0
te_0018518,0
te_0018519,0
te_0018520,0
te_0018521,0
te_0018522,0
te_0018523,0
te_0018524,0
te_0018525,0
te_0018526,0
te_0018527,0
te_0018528,0
te_0018529,0
te_0018530,0
te_0018531,0
te_0018532,0
te_0018533,0
te_0018534,0
te_0018535,0
te_0018536,0
te_0018537,0
te_0018538,0
te_0018539,0
te_0018540,0
te_0018541,0
te_0018542,0
te_0018543,0
te_0018544,0
te_0018545,0
te_0018546,0
te_0018547,0
te_0018548,0
te_0018549,0
te_0018550,0
te_0018551,0
te_0018552,0
te_0018553,0
te_0018554,0
te_0018555,0
te_0018556,0
te_0018557,0
te_0018558,0
te_0018559,0
te_0018560,0
te_0018561,0
te_0018562,0
te_0018563,0
te_0018564,0
te_0018565,0
te_0018566,0
te_0018567,0
te_0018568,0
te_0018569,0
te_0018570,0
te_0018571,0
te_0018572,0
te_0018573,0
te_0018574,0
te_0018575,0
te_0018576,0
te_0018577,0
te_0018578,0
te_0018579,0
te_0018580,0
te_0018581,0
te_0018582,0
te_0018583,0
te_0018584,0
te_0018585,0
te_0018586,0
te_0018587,0
te_0018588,0
te_0018589,0
te_0018590,0
te_0018591,0
te_0018592,0
te_0018593,0
te_0018594,0
te_0018595,0
te_0018596,0
te_0018597,0
te_0018598,0
te_0018599,0
te_0018600,0
te_0018601,0
te_0018602,0
te_0018603,0
te_0018604,0
te_0018605,0
te_0018606,0
te_0018607,0
te_0018608,0
te_0018609,0
te_0018610,0
te_0018611,0
te_0018612,0
te_0018613,0
te_0018614,0
te_0018615,0
te_0018616,0
te_0018617,0
te_0018618,0
te_0018619,0
te_0018620,0
te_0018621,0
te_0018622,0
te_0018623,0
te_0018624,0
te_0018625,0
te_0018626,0
te_0018627,0
te_0018628,0
te_0018629,0
te_0018630,0
te_0018631,0
te_0018632,0
te_0018633,0
te_0018634,0
te_0018635,0
te_0018636,0
te_0018637,0
te_0018638,0
te_0018639,0
te_0018640,0
te_0018641,0
te_0018642,0
te_0018643,0
te_0018644,0
te_0018645,0
te_0018646,0
te_0018647,0
te_0018648,0
te_0018649,0
te_0018650,0
te_0018651,0
te_0018652,0
te_0018653,0
te_0018654,0
te_0018655,0
te_0018656,0
te_0018657,0
te_0018658,0
te_0018659,0
te_0018660,0
te_0018661,0
te_0018662,0
te_0018663,0
te_0018664,0
te_0018665,0
te_0018666,0
te_0018667,0
te_0018668,0
te_0018669,0
te_0018670,0
te_0018671,0
te_0018672,0
te_0018673,0
te_0018674,0
te_0018675,0
te_0018676,0
te_0018677,0
te_0018678,0
te_0018679,0
te_0018680,0
te_0018681,0
te_0018682,0
te_0018683,0
te_0018684,0
te_0018685,0
te_0018686,0
te_0018687,0
te_0018688,0
te_0018689,0
te_0018690,0
te_0018691,0
te_0018692,0
te_0018693,0
te_0018694,0
te_0018695,0
te_0018696,0
te_0018697,0
te_0018698,0
te_0018699,0
te_0018700,0
te_0018701,0
te_0018702,0
te_0018703,0
te_0018704,0
te_0018705,0
te_0018706,0
te_0018707,0
te_0018708,0
te_0018709,0
te_0018710,0
te_0018711,0
te_0018712,0
te_0018713,0
te_0018714,0
te_0018715,0
te_0018716,0
te_0018717,0
te_0018718,0
te_0018719,0
te_0018720,0
te_0018721,0
te_0018722,0
te_0018723,0
te_0018724,0
te_0018725,0
te_0018726,0
te_0018727,0
te_0018728,0
te_0018729,0
te_0018730,0
te_0018731,0
te_0018732,0
te_0018733,0
te_0018734,0
te_0018735,0
te_0018736,0
te_0018737,0
te_0018738,0
te_0018739,0
te_0018740,0
te_0018741,0
te_0018742,0
te_0018743,0
te_0018744,0
te_0018745,0
te_0018746,0
te_0018747,0
te_0018748,0
te_0018749,0
te_0018750,0
te_0018751,0
te_0018752,0
te_0018753,0
te_0018754,0
te_0018755,0
te_0018756,0
te_0018757,0
te_0018758,0
te_0018759,0
te_0018760,0
te_0018761,0
te_0018762,0
te_0018763,0
te_0018764,0
te_0018765,0
te_0018766,0
te_0018767,0
te_0018768,0
te_0018769,0
te_0018770,0
te_0018771,0
te_0018772,0
te_0018773,0
te_0018774,0
te_0018775,0
te_0018776,0
te_0018777,0
te_0018778,0
te_0018779,0
te_0018780,0
te_0018781,0
te_0018782,0
te_0018783,0
te_0018784,0
te_0018785,0
te_0018786,0
te_0018787,0
te_0018788,0
te_0018789,0
te_0018790,0
te_0018791,0
te_0018792,0
te_0018793,0
te_0018794,0
te_0018795,0
te_0018796,0
te_0018797,0
te_0018798,0
te_0018799,0
te_0018800,0
te_0018801,0
te_0018802,0
te_0018803,0
te_0018804,0
te_0018805,0
te_0018806,0
te_0018807,0
te_0018808,0
te_0018809,0
te_0018810,0
te_0018811,0
te_0018812,0
te_0018813,0
te_0018814,0
te_0018815,0
te_0018816,0
te_0018817,0
te_0018818,0
te_0018819,0
te_0018820,0
te_0018821,0
te_0018822,0
te_0018823,0
te_0018824,0
te_0018825,0
te_0018826,0
te_0018827,0
te_0018828,0
te_0018829,0
te_0018830,0
te_0018831,0
te_0018832,0
te_0018833,0
te_0018834,0
te_0018835,0
te_0018836,0
te_0018837,0
te_0018838,0
te_0018839,0
te_0018840,0
te_0018841,0
te_0018842,0
te_0018843,0
te_0018844,0
te_0018845,0
te_0018846,0
te_0018847,0
te_0018848,0
te_0018849,0
te_0018850,0
te_0018851,0
te_0018852,0
te_0018853,0
te_0018854,0
te_0018855,0
te_0018856,0
te_0018857,0
te_0018858,0
te_0018859,0
te_0018860,0
te_0018861,0
te_0018862,0
te_0018863,0
te_0018864,0
te_0018865,0
te_0018866,0
te_0018867,0
te_0018868,0
te_0018869,0
te_0018870,0
te_0018871,0
te_0018872,0
te_0018873,0
te_0018874,0
te_0018875,0
te_0018876,0
te_0018877,0
te_0018878,0
te_0018879,0
te_0018880,0
te_0018881,0
te_0018882,0
te_0018883,0
te_0018884,0
te_0018885,0
te_0018886,0
te_0018887,0
te_0018888,0
te_0018889,0
te_0018890,0
te_0018891,0
te_0018892,0
te_0018893,0
te_0018894,0
te_0018895,0
te_0018896,0
te_0018897,0
te_0018898,0
te_0018899,0
te_0018900,0
te_0018901,0
te_0018902,0
te_0018903,0
te_0018904,0
te_0018905,0
te_0018906,0
te_0018907,0
te_0018908,0
te_0018909,0
te_0018910,0
te_0018911,0
te_0018912,0
te_0018913,0
te_0018914,0
te_0018915,0
te_0018916,0
te_0018917,0
te_0018918,0
te_0018919,0
te_0018920,0
te_0018921,0
te_0018922,0
te_0018923,0
te_0018924,0
te_0018925,0
te_0018926,0
te_0018927,0
te_0018928,0
te_0018929,0
te_0018930,0
te_0018931,0
te_0018932,0
te_0018933,0
te_0018934,0
te_0018935,0
te_0018936,0
te_0018937,0
te_0018938,0
te_0018939,0
te_0018940,0
te_0018941,0
te_0018942,0
te_0018943,0
te_0018944,0
te_0018945,0
te_0018946,0
te_0018947,0
te_0018948,0
te_0018949,0
te_0018950,0
te_0018951,0
te_0018952,0
te_0018953,0
te_0018954,0
te_0018955,0
te_0018956,0
te_0018957,0
te_0018958,0
te_0018959,0
te_0018960,0
te_0018961,0
te_0018962,0
te_0018963,0
te_0018964,0
te_0018965,0
te_0018966,0
te_0018967,0
te_0018968,0
te_0018969,0
te_0018970,0
te_0018971,0
te_0018972,0
te_0018973,0
te_0018974,0
te_0018975,0
te_0018976,0
te_0018977,0
te_0018978,0
te_0018979,0
te_0018980,0
te_0018981,0
te_0018982,0
te_0018983,0
te_0018984,0
te_0018985,0
te_0018986,0
te_0018987,0
te_0018988,0
te_0018989,0
te_0018990,0
te_0018991,0
te_0018992,0
te_0018993,0
te_0018994,0
te_0018995,0
te_0018996,0
te_0018997,0
te_0018998,0
te_0018999,0
te_0019000,0
te_0019001,0
te_0019002,0
te_0019003,0
te_0019004,0
te_0019005,0
te_0019006,0
te_0019007,0
te_0019008,0
te_0019009,0
te_0019010,0
te_0019011,0
te_0019012,0
te_0019013,0
te_0019014,0
te_0019015,0
te_0019016,0
te_0019017,0
te_0019018,0
te_0019019,0
te_0019020,0
te_0019021,0
te_0019022,0
te_0019023,0
te_0019024,0
te_0019025,0
te_0019026,0
te_0019027,0
te_0019028,0
te_0019029,0
te_0019030,0
te_0019031,0
te_0019032,0
te_0019033,0
te_0019034,0
te_0019035,0
te_0019036,0
te_0019037,0
te_0019038,0
te_0019039,0
te_0019040,0
te_0019041,0
te_0019042,0
te_0019043,0
te_0019044,0
te_0019045,0
te_0019046,0
te_0019047,0
te_0019048,0
te_0019049,0
te_0019050,0
te_0019051,0
te_0019052,0
te_0019053,0
te_0019054,0
te_0019055,0
te_0019056,0
te_0019057,0
te_0019058,0
te_0019059,0
te_0019060,0
te_0019061,0
te_0019062,0
te_0019063,0
te_0019064,0
te_0019065,0
te_0019066,0
te_0019067,0
te_0019068,0
te_0019069,0
te_0019070,0
te_0019071,0
te_0019072,0
te_0019073,0
te_0019074,0
te_0019075,0
te_0019076,0
te_0019077,0
te_0019078,0
te_0019079,0
te_0019080,0
te_0019081,0
te_0019082,0
te_0019083,0
te_0019084,0
te_0019085,0
te_0019086,0
te_0019087,0
te_0019088,0
te_0019089,0
te_0019090,0
te_0019091,0
te_0019092,0
te_0019093,0
te_0019094,0
te_0019095,0
te_0019096,0
te_0019097,0
te_0019098,0
te_0019099,0
te_0019100,0
te_0019101,0
te_0019102,0
te_0019103,0
te_0019104,0
te_0019105,0
te_0019106,0
te_0019107,0
te_0019108,0
te_0019109,0
te_0019110,0
te_0019111,0
te_0019112,0
te_0019113,0
te_0019114,0
te_0019115,0
te_0019116,0
te_0019117,0
te_0019118,0
te_0019119,0
te_0019120,0
te_0019121,0
te_0019122,0
te_0019123,0
te_0019124,0
te_0019125,0
te_0019126,0
te_0019127,0
te_0019128,0
te_0019129,0
te_0019130,0
te_0019131,0
te_0019132,0
te_0019133,0
te_0019134,0
te_0019135,0
te_0019136,0
te_0019137,0
te_0019138,0
te_0019139,0
te_0019140,0
te_0019141,0
te_0019142,0
te_0019143,0
te_0019144,0
te_0019145,0
te_0019146,0
te_0019147,0
te_0019148,0
te_0019149,0
te_0019150,0
te_0019151,0
te_0019152,0
te_0019153,0
te_0019154,0
te_0019155,0
te_0019156,0
te_0019157,0
te_0019158,0
te_0019159,0
te_0019160,0
te_0019161,0
te_0019162,0
te_0019163,0
te_0019164,0
te_0019165,0
te_0019166,0
te_0019167,0
te_0019168,0
te_0019169,0
te_0019170,0
te_0019171,0
te_0019172,0
te_0019173,0
te_0019174,0
te_0019175,0
te_0019176,0
te_0019177,0
te_0019178,0
te_0019179,0
te_0019180,0
te_0019181,0
te_0019182,0
te_0019183,0
te_0019184,0
te_0019185,0
te_0019186,0
te_0019187,0
te_0019188,0
te_0019189,0
te_0019190,0
te_0019191,0
te_0019192,0
te_0019193,0
te_0019194,0
te_0019195,0
te_0019196,0
te_0019197,0
te_0019198,0
te_0019199,0
te_0019200,0
te_0019201,0
te_0019202,0
te_0019203,0
te_0019204,0
te_0019205,0
te_0019206,0
te_0019207,0
te_0019208,0
te_0019209,0
te_0019210,0
te_0019211,0
te_0019212,0
te_0019213,0
te_0019214,0
te_0019215,0
te_0019216,0
te_0019217,0
te_0019218,0
te_0019219,0
te_0019220,0
te_0019221,0
te_0019222,0
te_0019223,0
te_0019224,0
te_0019225,0
te_0019226,0
te_0019227,0
te_0019228,0
te_0019229,0
te_0019230,0
te_0019231,0
te_0019232,0
te_0019233,0
te_0019234,0
te_0019235,0
te_0019236,0
te_0019237,0
te_0019238,0
te_0019239,0
te_0019240,0
te_0019241,0
te_0019242,0
te_0019243,0
te_0019244,0
te_0019245,0
te_0019246,0
te_0019247,0
te_0019248,0
te_0019249,0
te_0019250,0
te_0019251,0
te_0019252,0
te_0019253,0
te_0019254,0
te_0019255,0
te_0019256,0
te_0019257,0
te_0019258,0
te_0019259,0
te_0019260,0
te_0019261,0
te_0019262,0
te_0019263,0
te_0019264,0
te_0019265,0
te_0019266,0
te_0019267,0
te_0019268,0
te_0019269,0
te_0019270,0
te_0019271,0
te_0019272,0
te_0019273,0
te_0019274,0
te_0019275,0
te_0019276,0
te_0019277,0
te_0019278,0
te_0019279,0
te_0019280,0
te_0019281,0
te_0019282,0
te_0019283,0
te_0019284,0
te_0019285,0
te_0019286,0
te_0019287,0
te_0019288,0
te_0019289,0
te_0019290,0
te_0019291,0
te_0019292,0
te_0019293,0
te_0019294,0
te_0019295,0
te_0019296,0
te_0019297,0
te_0019298,0
te_0019299,0
te_0019300,0
te_0019301,0
te_0019302,0
te_0019303,0
te_0019304,0
te_0019305,0
te_0019306,0
te_0019307,0
te_0019308,0
te_0019309,0
te_0019310,0
te_0019311,0
te_0019312,0
te_0019313,0
te_0019314,0
te_0019315,0
te_0019316,0
te_0019317,0
te_0019318,0
te_0019319,0
te_0019320,0
te_0019321,0
te_0019322,0
te_0019323,0
te_0019324,0
te_0019325,0
te_0019326,0
te_0019327,0
te_0019328,0
te_0019329,0
te_0019330,0
te_0019331,0
te_0019332,0
te_0019333,0
te_0019334,0
te_0019335,0
te_0019336,0
te_0019337,0
te_0019338,0
te_0019339,0
te_0019340,0
te_0019341,0
te_0019342,0
te_0019343,0
te_0019344,0
te_0019345,0
te_0019346,0
te_0019347,0
te_0019348,0
te_0019349,0
te_0019350,0
te_0019351,0
te_0019352,0
te_0019353,0
te_0019354,0
te_0019355,0
te_0019356,0
te_0019357,0
te_0019358,0
te_0019359,0
te_0019360,0
te_0019361,0
te_0019362,0
te_0019363,0
te_0019364,0
te_0019365,0
te_0019366,0
te_0019367,0
te_0019368,0
te_0019369,0
te_0019370,0
te_0019371,0
te_0019372,0
te_0019373,0
te_0019374,0
te_0019375,0
te_0019376,0
te_0019377,0
te_0019378,0
te_0019379,0
te_0019380,0
te_0019381,0
te_0019382,0
te_0019383,0
te_0019384,0
te_0019385,0
te_0019386,0
te_0019387,0
te_0019388,0
te_0019389,0
te_0019390,0
te_0019391,0
te_0019392,0
te_0019393,0
te_0019394,0
te_0019395,0
te_0019396,0
te_0019397,0
te_0019398,0
te_0019399,0
te_0019400,0
te_0019401,0
te_0019402,0
te_0019403,0
te_0019404,0
te_0019405,0
te_0019406,0
te_0019407,0
te_0019408,0
te_0019409,0
te_0019410,0
te_0019411,0
te_0019412,0
te_0019413,0
te_0019414,0
te_0019415,0
te_0019416,0
te_0019417,0
te_0019418,0
te_0019419,0
te_0019420,0
te_0019421,0
te_0019422,0
te_0019423,0
te_0019424,0
te_0019425,0
te_0019426,0
te_0019427,0
te_0019428,0
te_0019429,0
te_0019430,0
te_0019431,0
te_0019432,0
te_0019433,0
te_0019434,0
te_0019435,0
te_0019436,0
te_0019437,0
te_0019438,0
te_0019439,0
te_0019440,0
te_0019441,0
te_0019442,0
te_0019443,0
te_0019444,0
te_0019445,0
te_0019446,0
te_0019447,0
te_0019448,0
te_0019449,0
te_0019450,0
te_0019451,0
te_0019452,0
te_0019453,0
te_0019454,0
te_0019455,0
te_0019456,0
te_0019457,0
te_0019458,0
te_0019459,0
te_0019460,0
te_0019461,0
te_0019462,0
te_0019463,0
te_0019464,0
te_0019465,0
te_0019466,0
te_0019467,0
te_0019468,0
te_0019469,0
te_0019470,0
te_0019471,0
te_0019472,0
te_0019473,0
te_0019474,0
te_0019475,0
te_0019476,0
te_0019477,0
te_0019478,0
te_0019479,0
te_0019480,0
te_0019481,0
te_0019482,0
te_0019483,0
te_0019484,0
te_0019485,0
te_0019486,0
te_0019487,0
te_0019488,0
te_0019489,0
te_0019490,0
te_0019491,0
te_0019492,0
te_0019493,0
te_0019494,0
te_0019495,0
te_0019496,0
te_0019497,0
te_0019498,0
te_0019499,0
te_0019500,0
te_0019501,0
te_0019502,0
te_0019503,0
te_0019504,0
te_0019505,0
te_0019506,0
te_0019507,0
te_0019508,0
te_0019509,0
te_0019510,0
te_0019511,0
te_0019512,0
te_0019513,0
te_0019514,0
te_0019515,0
te_0019516,0
te_0019517,0
te_0019518,0
te_0019519,0
te_0019520,0
te_0019521,0
te_0019522,0
te_0019523,0
te_0019524,0
te_0019525,0
te_0019526,0
te_0019527,0
te_0019528,0
te_0019529,0
te_0019530,0
te_0019531,0
te_0019532,0
te_0019533,0
te_0019534,0
te_0019535,0
te_0019536,0
te_0019537,0
te_0019538,0
te_0019539,0
te_0019540,0
te_0019541,0
te_0019542,0
te_0019543,0
te_0019544,0
te_0019545,0
te_0019546,0
te_0019547,0
te_0019548,0
te_0019549,0
te_0019550,0
te_0019551,0
te_0019552,0
te_0019553,0
te_0019554,0
te_0019555,0
te_0019556,0
te_0019557,0
te_0019558,0
te_0019559,0
te_0019560,0
te_0019561,0
te_0019562,0
te_0019563,0
te_0019564,0
te_0019565,0
te_0019566,0
te_0019567,0
te_0019568,0
te_0019569,0
te_0019570,0
te_0019571,0
te_0019572,0
te_0019573,0
te_0019574,0
te_0019575,0
te_0019576,0
te_0019577,0
te_0019578,0
te_0019579,0
te_0019580,0
te_0019581,0
te_0019582,0
te_0019583,0
te_0019584,0
te_0019585,0
te_0019586,0
te_0019587,0
te_0019588,0
te_0019589,0
te_0019590,0
te_0019591,0
te_0019592,0
te_0019593,0
te_0019594,0
te_0019595,0
te_0019596,0
te_0019597,0
te_0019598,0
te_0019599,0
te_0019600,0
te_0019601,0
te_0019602,0
te_0019603,0
te_0019604,0
te_0019605,0
te_0019606,0
te_0019607,0
te_0019608,0
te_0019609,0
te_0019610,0
te_0019611,0
te_0019612,0
te_0019613,0
te_0019614,0
te_0019615,0
te_0019616,0
te_0019617,0
te_0019618,0
te_0019619,0
te_0019620,0
te_0019621,0
te_0019622,0
te_0019623,0
te_0019624,0
te_0019625,0
te_0019626,0
te_0019627,0
te_0019628,0
te_0019629,0
te_0019630,0
te_0019631,0
te_0019632,0
te_0019633,0
te_0019634,0
te_0019635,0
te_0019636,0
te_0019637,0
te_0019638,0
te_0019639,0
te_0019640,0
te_0019641,0
te_0019642,0
te_0019643,0
te_0019644,0
te_0019645,0
te_0019646,0
te_0019647,0
te_0019648,0
te_0019649,0
te_0019650,0
te_0019651,0
te_0019652,0
te_0019653,0
te_0019654,0
te_0019655,0
te_0019656,0
te_0019657,0
te_0019658,0
te_0019659,0
te_0019660,0
te_0019661,0
te_0019662,0
te_0019663,0
te_0019664,0
te_0019665,0
te_0019666,0
te_0019667,0
te_0019668,0
te_0019669,0
te_0019670,0
te_0019671,0
te_0019672,0
te_0019673,0
te_0019674,0
te_0019675,0
te_0019676,0
te_0019677,0
te_0019678,0
te_0019679,0
te_0019680,0
te_0019681,0
te_0019682,0
te_0019683,0
te_0019684,0
te_0019685,0
te_0019686,0
te_0019687,0
te_0019688,0
te_0019689,0
te_0019690,0
te_0019691,0
te_0019692,0
te_0019693,0
te_0019694,0
te_0019695,0
te_0019696,0
te_0019697,0
te_0019698,0
te_0019699,0
te_0019700,0
te_0019701,0
te_0019702,0
te_0019703,0
te_0019704,0
te_0019705,0
te_0019706,0
te_0019707,0
te_0019708,0
te_0019709,0
te_0019710,0
te_0019711,0
te_0019712,0
te_0019713,0
te_0019714,0
te_0019715,0
te_0019716,0
te_0019717,0
te_0019718,0
te_0019719,0
te_0019720,0
te_0019721,0
te_0019722,0
te_0019723,0
te_0019724,0
te_0019725,0
te_0019726,0
te_0019727,0
te_0019728,0
te_0019729,0
te_0019730,0
te_0019731,0
te_0019732,0
te_0019733,0
te_0019734,0
te_0019735,0
te_0019736,0
te_0019737,0
te_0019738,0
te_0019739,0
te_0019740,0
te_0019741,0
te_0019742,0
te_0019743,0
te_0019744,0
te_0019745,0
te_0019746,0
te_0019747,0
te_0019748,0
te_0019749,0
te_0019750,0
te_0019751,0
te_0019752,0
te_0019753,0
te_0019754,0
te_0019755,0
te_0019756,0
te_0019757,0
te_0019758,0
te_0019759,0
te_0019760,0
te_0019761,0
te_0019762,0
te_0019763,0
te_0019764,0
te_0019765,0
te_0019766,0
te_0019767,0
te_0019768,0
te_0019769,0
te_0019770,0
te_0019771,0
te_0019772,0
te_0019773,0
te_0019774,0
te_0019775,0
te_0019776,0
te_0019777,0
te_0019778,0
te_0019779,0
te_0019780,0
te_0019781,0
te_0019782,0
te_0019783,0
te_0019784,0
te_0019785,0
te_0019786,0
te_0019787,0
te_0019788,0
te_0019789,0
te_0019790,0
te_0019791,0
te_0019792,0
te_0019793,0
te_0019794,0
te_0019795,0
te_0019796,0
te_0019797,0
te_0019798,0
te_0019799,0
te_0019800,0
te_0019801,0
te_0019802,0
te_0019803,0
te_0019804,0
te_0019805,0
te_0019806,0
te_0019807,0
te_0019808,0
te_0019809,0
te_0019810,0
te_0019811,0
te_0019812,0
te_0019813,0
te_0019814,0
te_0019815,0
te_0019816,0
te_0019817,0
te_0019818,0
te_0019819,0
te_0019820,0
te_0019821,0
te_0019822,0
te_0019823,0
te_0019824,0
te_0019825,0
te_0019826,0
te_0019827,0
te_0019828,0
te_0019829,0
te_0019830,0
te_0019831,0
te_0019832,0
te_0019833,0
te_0019834,0
te_0019835,0
te_0019836,0
te_0019837,0
te_0019838,0
te_0019839,0
te_0019840,0
te_0019841,0
te_0019842,0
te_0019843,0
te_0019844,0
te_0019845,0
te_0019846,0
te_0019847,0
te_0019848,0
te_0019849,0
te_0019850,0
te_0019851,0
te_0019852,0
te_0019853,0
te_0019854,0
te_0019855,0
te_0019856,0
te_0019857,0
te_0019858,0
te_0019859,0
te_0019860,0
te_0019861,0
te_0019862,0
te_0019863,0
te_0019864,0
te_0019865,0
te_0019866,0
te_0019867,0
te_0019868,0
te_0019869,0
te_0019870,0
te_0019871,0
te_0019872,0
te_0019873,0
te_0019874,0
te_0019875,0
te_0019876,0
te_0019877,0
te_0019878,0
te_0019879,0
te_0019880,0
te_0019881,0
te_0019882,0
te_0019883,0
te_0019884,0
te_0019885,0
te_0019886,0
te_0019887,0
te_0019888,0
te_0019889,0
te_0019890,0
te_0019891,0
te_0019892,0
te_0019893,0
te_0019894,0
te_0019895,0
te_0019896,0
te_0019897,0
te_0019898,0
te_0019899,0
te_0019900,0
te_0019901,0
te_0019902,0
te_0019903,0
te_0019904,0
te_0019905,0
te_0019906,0
te_0019907,0
te_0019908,0
te_0019909,0
te_0019910,0
te_0019911,0
te_0019912,0
te_0019913,0
te_0019914,0
te_0019915,0
te_0019916,0
te_0019917,0
te_0019918,0
te_0019919,0
te_0019920,0
te_0019921,0
te_0019922,0
te_0019923,0
te_0019924,0
te_0019925,0
te_0019926,0
te_0019927,0
te_0019928,0
te_0019929,0
te_0019930,0
te_0019931,0
te_0019932,0
te_0019933,0
te_0019934,0
te_0019935,0
te_0019936,0
te_0019937,0
te_0019938,0
te_0019939,0
te_0019940,0
te_0019941,0
te_0019942,0
te_0019943,0
te_0019944,0
te_0019945,0
te_0019946,0
te_0019947,0
te_0019948,0
te_0019949,0
te_0019950,0
te_0019951,0
te_0019952,0
te_0019953,0
te_0019954,0
te_0019955,0
te_0019956,0
te_0019957,0
te_0019958,0
te_0019959,0
te_0019960,0
te_0019961,0
te_0019962,0
te_0019963,0
te_0019964,0
te_0019965,0
te_0019966,0
te_0019967,0
te_0019968,0
te_0019969,0
te_0019970,0
te_0019971,0
te_0019972,0
te_0019973,0
te_0019974,0
te_0019975,0
te_0019976,0
te_0019977,0
te_0019978,0
te_0019979,0
te_0019980,0
te_0019981,0
te_0019982,0
te_0019983,0
te_0019984,0
te_0019985,0
te_0019986,0
te_0019987,0
te_0019988,0
te_0019989,0
te_0019990,0
te_0019991,0
te_0019992,0
te_0019993,0
te_0019994,0
te_0019995,0
te_0019996,0
te_0019997,0
te_0019998,0
te_0019999,0
te_0020000,0
te_0020001,0
te_0020002,0
te_0020003,0
te_0020004,0
te_0020005,0
te_0020006,0
te_0020007,0
te_0020008,0
te_0020009,0
te_0020010,0
te_0020011,0
te_0020012,0
te_0020013,0
te_0020014,0
te_0020015,0
te_0020016,0
te_0020017,0
te_0020018,0
te_0020019,0
te_0020020,0
te_0020021,0
te_0020022,0
te_0020023,0
te_0020024,0
te_0020025,0
te_0020026,0
te_0020027,0
te_0020028,0
te_0020029,0
te_0020030,0
te_0020031,0
te_0020032,0
te_0020033,0
te_0020034,0
te_0020035,0
te_0020036,0
te_0020037,0
te_0020038,0
te_0020039,0
te_0020040,0
te_0020041,0
te_0020042,0
te_0020043,0
te_0020044,0
te_0020045,0
te_0020046,0
te_0020047,0
te_0020048,0
te_0020049,0
te_0020050,0
te_0020051,0
te_0020052,0
te_0020053,0
te_0020054,0
te_0020055,0
te_0020056,0
te_0020057,0
te_0020058,0
te_0020059,0
te_0020060,0
te_0020061,0
te_0020062,0
te_0020063,0
te_0020064,0
te_0020065,0
te_0020066,0
te_0020067,0
te_0020068,0
te_0020069,0
te_0020070,0
te_0020071,0
te_0020072,0
te_0020073,0
te_0020074,0
te_0020075,0
te_0020076,0
te_0020077,0
te_0020078,0
te_0020079,0
te_0020080,0
te_0020081,0
te_0020082,0
te_0020083,0
te_0020084,0
te_0020085,0
te_0020086,0
te_0020087,0
te_0020088,0
te_0020089,0
te_0020090,0
te_0020091,0
te_0020092,0
te_0020093,0
te_0020094,0
te_0020095,0
te_0020096,0
te_0020097,0
te_0020098,0
te_0020099,0
te_0020100,0
te_0020101,0
te_0020102,0
te_0020103,0
te_0020104,0
te_0020105,0
te_0020106,0
te_0020107,0
te_0020108,0
te_0020109,0
te_0020110,0
te_0020111,0
te_0020112,0
te_0020113,0
te_0020114,0
te_0020115,0
te_0020116,0
te_0020117,0
te_0020118,0
te_0020119,0
te_0020120,0
te_0020121,0
te_0020122,0
te_0020123,0
te_0020124,0
te_0020125,0
te_0020126,0
te_0020127,0
te_0020128,0
te_0020129,0
te_0020130,0
te_0020131,0
te_0020132,0
te_0020133,0
te_0020134,0
te_0020135,0
te_0020136,0
te_0020137,0
te_0020138,0
te_0020139,0
te_0020140,0
te_0020141,0
te_0020142,0
te_0020143,0
te_0020144,0
te_0020145,0
te_0020146,0
te_0020147,0
te_0020148,0
te_0020149,0
te_0020150,0
te_0020151,0
te_0020152,0
te_0020153,0
te_0020154,0
te_0020155,0
te_0020156,0
te_0020157,0
te_0020158,0
te_0020159,0
te_0020160,0
te_0020161,0
te_0020162,0
te_0020163,0
te_0020164,0
te_0020165,0
te_0020166,0
te_0020167,0
te_0020168,0
te_0020169,0
te_0020170,0
te_0020171,0
te_0020172,0
te_0020173,0
te_0020174,0
te_0020175,0
te_0020176,0
te_0020177,0
te_0020178,0
te_0020179,0
te_0020180,0
te_0020181,0
te_0020182,0
te_0020183,0
te_0020184,0
te_0020185,0
te_0020186,0
te_0020187,0
te_0020188,0
te_0020189,0
te_0020190,0
te_0020191,0
te_0020192,0
te_0020193,0
te_0020194,0
te_0020195,0
te_0020196,0
te_0020197,0
te_0020198,0
te_0020199,0
te_0020200,0
te_0020201,0
te_0020202,0
te_0020203,0
te_0020204,0
te_0020205,0
te_0020206,0
te_0020207,0
te_0020208,0
te_0020209,0
te_0020210,0
te_0020211,0
te_0020212,0
te_0020213,0
te_0020214,0
te_0020215,0
te_0020216,0
te_0020217,0
te_0020218,0
te_0020219,0
te_0020220,0
te_0020221,0
te_0020222,0
te_0020223,0
te_0020224,0
te_0020225,0
te_0020226,0
te_0020227,0
te_0020228,0
te_0020229,0
te_0020230,0
te_0020231,0
te_0020232,0
te_0020233,0
te_0020234,0
te_0020235,0
te_0020236,0
te_0020237,0
te_0020238,0
te_0020239,0
te_0020240,0
te_0020241,0
te_0020242,0
te_0020243,0
te_0020244,0
te_0020245,0
te_0020246,0
te_0020247,0
te_0020248,0
te_0020249,0
te_0020250,0
te_0020251,0
te_0020252,0
te_0020253,0
te_0020254,0
te_0020255,0
te_0020256,0
te_0020257,0
te_0020258,0
te_0020259,0
te_0020260,0
te_0020261,0
te_0020262,0
te_0020263,0
te_0020264,0
te_0020265,0
te_0020266,0
te_0020267,0
te_0020268,0
te_0020269,0
te_0020270,0
te_0020271,0
te_0020272,0
te_0020273,0
te_0020274,0
te_0020275,0
te_0020276,0
te_0020277,0
te_0020278,0
te_0020279,0
te_0020280,0
te_0020281,0
te_0020282,0
te_0020283,0
te_0020284,0
te_0020285,0
te_0020286,0
te_0020287,0
te_0020288,0
te_0020289,0
te_0020290,0
te_0020291,0
te_0020292,0
te_0020293,0
te_0020294,0
te_0020295,0
te_0020296,0
te_0020297,0
te_0020298,0
te_0020299,0
te_0020300,0
te_0020301,0
te_0020302,0
te_0020303,0
te_0020304,0
te_0020305,0
te_0020306,0
te_0020307,0
te_0020308,0
te_0020309,0
te_0020310,0
te_0020311,0
te_0020312,0
te_0020313,0
te_0020314,0
te_0020315,0
te_0020316,0
te_0020317,0
te_0020318,0
te_0020319,0
te_0020320,0
te_0020321,0
te_0020322,0
te_0020323,0
te_0020324,0
te_0020325,0
te_0020326,0
te_0020327,0
te_0020328,0
te_0020329,0
te_0020330,0
te_0020331,0
te_0020332,0
te_0020333,0
te_0020334,0
te_0020335,0
te_0020336,0
te_0020337,0
te_0020338,0
te_0020339,0
te_0020340,0
te_0020341,0
te_0020342,0
te_0020343,0
te_0020344,0
te_0020345,0
te_0020346,0
te_0020347,0
te_0020348,0
te_0020349,0
te_0020350,0
te_0020351,0
te_0020352,0
te_0020353,0
te_0020354,0
te_0020355,0
te_0020356,0
te_0020357,0
te_0020358,0
te_0020359,0
te_0020360,0
te_0020361,0
te_0020362,0
te_0020363,0
te_0020364,0
te_0020365,0
te_0020366,0
te_0020367,0
te_0020368,0
te_0020369,0
te_0020370,0
te_0020371,0
te_0020372,0
te_0020373,0
te_0020374,0
te_0020375,0
te_0020376,0
te_0020377,0
te_0020378,0
te_0020379,0
te_0020380,0
te_0020381,0
te_0020382,0
te_0020383,0
te_0020384,0
te_0020385,0
te_0020386,0
te_0020387,0
te_0020388,0
te_0020389,0
te_0020390,0
te_0020391,0
te_0020392,0
te_0020393,0
te_0020394,0
te_0020395,0
te_0020396,0
te_0020397,0
te_0020398,0
te_0020399,0
te_0020400,0
te_0020401,0
te_0020402,0
te_0020403,0
te_0020404,0
te_0020405,0
te_0020406,0
te_0020407,0
te_0020408,0
te_0020409,0
te_0020410,0
te_0020411,0
te_0020412,0
te_0020413,0
te_0020414,0
te_0020415,0
te_0020416,0
te_0020417,0
te_0020418,0
te_0020419,0
te_0020420,0
te_0020421,0
te_0020422,0
te_0020423,0
te_0020424,0
te_0020425,0
te_0020426,0
te_0020427,0
te_0020428,0
te_0020429,0
te_0020430,0
te_0020431,0
te_0020432,0
te_0020433,0
te_0020434,0
te_0020435,0
te_0020436,0
te_0020437,0
te_0020438,0
te_0020439,0
te_0020440,0
te_0020441,0
te_0020442,0
te_0020443,0
te_0020444,0
te_0020445,0
te_0020446,0
te_0020447,0
te_0020448,0
te_0020449,0
te_0020450,0
te_0020451,0
te_0020452,0
te_0020453,0
te_0020454,0
te_0020455,0
te_0020456,0
te_0020457,0
te_0020458,0
te_0020459,0
te_0020460,0
te_0020461,0
te_0020462,0
te_0020463,0
te_0020464,0
te_0020465,0
te_0020466,0
te_0020467,0
te_0020468,0
te_0020469,0
te_0020470,0
te_0020471,0
te_0020472,0
te_0020473,0
te_0020474,0
te_0020475,0
te_0020476,0
te_0020477,0
te_0020478,0
te_0020479,0
te_0020480,0
te_0020481,0
te_0020482,0
te_0020483,0
te_0020484,0
te_0020485,0
te_0020486,0
te_0020487,0
te_0020488,0
te_0020489,0
te_0020490,0
te_0020491,0
te_0020492,0
te_0020493,0
te_0020494,0
te_0020495,0
te_0020496,0
te_0020497,0
te_0020498,0
te_0020499,0
te_0020500,0
te_0020501,0
te_0020502,0
te_0020503,0
te_0020504,0
te_0020505,0
te_0020506,0
te_0020507,0
te_0020508,0
te_0020509,0
te_0020510,0
te_0020511,0
te_0020512,0
te_0020513,0
te_0020514,0
te_0020515,0
te_0020516,0
te_0020517,0
te_0020518,0
te_0020519,0
te_0020520,0
te_0020521,0
te_0020522,0
te_0020523,0
te_0020524,0
te_0020525,0
te_0020526,0
te_0020527,0
te_0020528,0
te_0020529,0
te_0020530,0
te_0020531,0
te_0020532,0
te_0020533,0
te_0020534,0
te_0020535,0
te_0020536,0
te_0020537,0
te_0020538,0
te_0020539,0
te_0020540,0
te_0020541,0
te_0020542,0
te_0020543,0
te_0020544,0
te_0020545,0
te_0020546,0
te_0020547,0
te_0020548,0
te_0020549,0
te_0020550,0
te_0020551,0
te_0020552,0
te_0020553,0
te_0020554,0
te_0020555,0
te_0020556,0
te_0020557,0
te_0020558,0
te_0020559,0
te_0020560,0
te_0020561,0
te_0020562,0
te_0020563,0
te_0020564,0
te_0020565,0
te_0020566,0
te_0020567,0
te_0020568,0
te_0020569,0
te_0020570,0
te_0020571,0
te_0020572,0
te_0020573,0
te_0020574,0
te_0020575,0
te_0020576,0
te_0020577,0
te_0020578,0
te_0020579,0
te_0020580,0
te_0020581,0
te_0020582,0
te_0020583,0
te_0020584,0
te_0020585,0
te_0020586,0
te_0020587,0
te_0020588,0
te_0020589,0
te_0020590,0
te_0020591,0
te_0020592,0
te_0020593,0
te_0020594,0
te_0020595,0
te_0020596,0
te_0020597,0
te_0020598,0
te_0020599,0
te_0020600,0
te_0020601,0
te_0020602,0
te_0020603,0
te_0020604,0
te_0020605,0
te_0020606,0
te_0020607,0
te_0020608,0
te_0020609,0
te_0020610,0
te_0020611,0
te_0020612,0
te_0020613,0
te_0020614,0
te_0020615,0
te_0020616,0
te_0020617,0
te_0020618,0
te_0020619,0
te_0020620,0
te_0020621,0
te_0020622,0
te_0020623,0
te_0020624,0
te_0020625,0
te_0020626,0
te_0020627,0
te_0020628,0
te_0020629,0
te_0020630,0
te_0020631,0
te_0020632,0
te_0020633,0
te_0020634,0
te_0020635,0
te_0020636,0
te_0020637,0
te_0020638,0
te_0020639,0
te_0020640,0
te_0020641,0
te_0020642,0
te_0020643,0
te_0020644,0
te_0020645,0
te_0020646,0
te_0020647,0
te_0020648,0
te_0020649,0
te_0020650,0
te_0020651,0
te_0020652,0
te_0020653,0
te_0020654,0
te_0020655,0
te_0020656,0
te_0020657,0
te_0020658,0
te_0020659,0
te_0020660,0
te_0020661,0
te_0020662,0
te_0020663,0
te_0020664,0
te_0020665,0
te_0020666,0
te_0020667,0
te_0020668,0
te_0020669,0
te_0020670,0
te_0020671,0
te_0020672,0
te_0020673,0
te_0020674,0
te_0020675,0
te_0020676,0
te_0020677,0
te_0020678,0
te_0020679,0
te_0020680,0
te_0020681,0
te_0020682,0
te_0020683,0
te_0020684,0
te_0020685,0
te_0020686,0
te_0020687,0
te_0020688,0
te_0020689,0
te_0020690,0
te_0020691,0
te_0020692,0
te_0020693,0
te_0020694,0
te_0020695,0
te_0020696,0
te_0020697,0
te_0020698,0
te_0020699,0
te_0020700,0
te_0020701,0
te_0020702,0
te_0020703,0
te_0020704,0
te_0020705,0
te_0020706,0
te_0020707,0
te_0020708,0
te_0020709,0
te_0020710,0
te_0020711,0
te_0020712,0
te_0020713,0
te_0020714,0
te_0020715,0
te_0020716,0
te_0020717,0
te_0020718,0
te_0020719,0
te_0020720,0
te_0020721,0
te_0020722,0
te_0020723,0
te_0020724,0
te_0020725,0
te_0020726,0
te_0020727,0
te_0020728,0
te_0020729,0
te_0020730,0
te_0020731,0
te_0020732,0
te_0020733,0
te_0020734,0
te_0020735,0
te_0020736,0
te_0020737,0
te_0020738,0
te_0020739,0
te_0020740,0
te_0020741,0
te_0020742,0
te_0020743,0
te_0020744,0
te_0020745,0
te_0020746,0
te_0020747,0
te_0020748,0
te_0020749,0
te_0020750,0
te_0020751,0
te_0020752,0
te_0020753,0
te_0020754,0
te_0020755,0
te_0020756,0
te_0020757,0
te_0020758,0
te_0020759,0
te_0020760,0
te_0020761,0
te_0020762,0
te_0020763,0
te_0020764,0
te_0020765,0
te_0020766,0
te_0020767,0
te_0020768,0
te_0020769,0
te_0020770,0
te_0020771,0
te_0020772,0
te_0020773,0
te_0020774,0
te_0020775,0
te_0020776,0
te_0020777,0
te_0020778,0
te_0020779,0
te_0020780,0
te_0020781,0
te_0020782,0
te_0020783,0
te_0020784,0
te_0020785,0
te_0020786,0
te_0020787,0
te_0020788,0
te_0020789,0
te_0020790,0
te_0020791,0
te_0020792,0
te_0020793,0
te_0020794,0
te_0020795,0
te_0020796,0
te_0020797,0
te_0020798,0
te_0020799,0
te_0020800,0
te_0020801,0
te_0020802,0
te_0020803,0
te_0020804,0
te_0020805,0
te_0020806,0
te_0020807,0
te_0020808,0
te_0020809,0
te_0020810,0
te_0020811,0
te_0020812,0
te_0020813,0
te_0020814,0
te_0020815,0
te_0020816,0
te_0020817,0
te_0020818,0
te_0020819,0
te_0020820,0
te_0020821,0
te_0020822,0
te_0020823,0
te_0020824,0
te_0020825,0
te_0020826,0
te_0020827,0
te_0020828,0
te_0020829,0
te_0020830,0
te_0020831,0
te_0020832,0
te_0020833,0
te_0020834,0
te_0020835,0
te_0020836,0
te_0020837,0
te_0020838,0
te_0020839,0
te_0020840,0
te_0020841,0
te_0020842,0
te_0020843,0
te_0020844,0
te_0020845,0
te_0020846,0
te_0020847,0
te_0020848,0
te_0020849,0
te_0020850,0
te_0020851,0
te_0020852,0
te_0020853,0
te_0020854,0
te_0020855,0
te_0020856,0
te_0020857,0
te_0020858,0
te_0020859,0
te_0020860,0
te_0020861,0
te_0020862,0
te_0020863,0
te_0020864,0
te_0020865,0
te_0020866,0
te_0020867,0
te_0020868,0
te_0020869,0
te_0020870,0
te_0020871,0
te_0020872,0
te_0020873,0
te_0020874,0
te_0020875,0
te_0020876,0
te_0020877,0
te_0020878,0
te_0020879,0
te_0020880,0
te_0020881,0
te_0020882,0
te_0020883,0
te_0020884,0
te_0020885,0
te_0020886,0
te_0020887,0
te_0020888,0
te_0020889,0
te_0020890,0
te_0020891,0
te_0020892,0
te_0020893,0
te_0020894,0
te_0020895,0
te_0020896,0
te_0020897,0
te_0020898,0
te_0020899,0
te_0020900,0
te_0020901,0
te_0020902,0
te_0020903,0
te_0020904,0
te_0020905,0
te_0020906,0
te_0020907,0
te_0020908,0
te_0020909,0
te_0020910,0
te_0020911,0
te_0020912,0
te_0020913,0
te_0020914,0
te_0020915,0
te_0020916,0
te_0020917,0
te_0020918,0
te_0020919,0
te_0020920,0
te_0020921,0
te_0020922,0
te_0020923,0
te_0020924,0
te_0020925,0
te_0020926,0
te_0020927,0
te_0020928,0
te_0020929,0
te_0020930,0
te_0020931,0
te_0020932,0
te_0020933,0
te_0020934,0
te_0020935,0
te_0020936,0
te_0020937,0
te_0020938,0
te_0020939,0
te_0020940,0
te_0020941,0
te_0020942,0
te_0020943,0
te_0020944,0
te_0020945,0
te_0020946,0
te_0020947,0
te_0020948,0
te_0020949,0
te_0020950,0
te_0020951,0
te_0020952,0
te_0020953,0
te_0020954,0
te_0020955,0
te_0020956,0
te_0020957,0
te_0020958,0
te_0020959,0
te_0020960,0
te_0020961,0
te_0020962,0
te_0020963,0
te_0020964,0
te_0020965,0
te_0020966,0
te_0020967,0
te_0020968,0
te_0020969,0
te_0020970,0
te_0020971,0
te_0020972,0
te_0020973,0
te_0020974,0
te_0020975,0
te_0020976,0
te_0020977,0
te_0020978,0
te_0020979,0
te_0020980,0
te_0020981,0
te_0020982,0
te_0020983,0
te_0020984,0
te_0020985,0
te_0020986,0
te_0020987,0
te_0020988,0
te_0020989,0
te_0020990,0
te_0020991,0
te_0020992,0
te_0020993,0
te_0020994,0
te_0020995,0
te_0020996,0
te_0020997,0
te_0020998,0
te_0020999,0
te_0021000,0
te_0021001,0
te_0021002,0
te_0021003,0
te_0021004,0
te_0021005,0
te_0021006,0
te_0021007,0
te_0021008,0
te_0021009,0
te_0021010,0
te_0021011,0
te_0021012,0
te_0021013,0
te_0021014,0
te_0021015,0
te_0021016,0
te_0021017,0
te_0021018,0
te_0021019,0
te_0021020,0
te_0021021,0
te_0021022,0
te_0021023,0
te_0021024,0
te_0021025,0
te_0021026,0
te_0021027,0
te_0021028,0
te_0021029,0
te_0021030,0
te_0021031,0
te_0021032,0
te_0021033,0
te_0021034,0
te_0021035,0
te_0021036,0
te_0021037,0
te_0021038,0
te_0021039,0
te_0021040,0
te_0021041,0
te_0021042,0
te_0021043,0
te_0021044,0
te_0021045,0
te_0021046,0
te_0021047,0
te_0021048,0
te_0021049,0
te_0021050,0
te_0021051,0
te_0021052,0
te_0021053,0
te_0021054,0
te_0021055,0
te_0021056,0
te_0021057,0
te_0021058,0
te_0021059,0
te_0021060,0
te_0021061,0
te_0021062,0
te_0021063,0
te_0021064,0
te_0021065,0
te_0021066,0
te_0021067,0
te_0021068,0
te_0021069,0
te_0021070,0
te_0021071,0
te_0021072,0
te_0021073,0
te_0021074,0
te_0021075,0
te_0021076,0
te_0021077,0
te_0021078,0
te_0021079,0
te_0021080,0
te_0021081,0
te_0021082,0
te_0021083,0
te_0021084,0
te_0021085,0
te_0021086,0
te_0021087,0
te_0021088,0
te_0021089,0
te_0021090,0
te_0021091,0
te_0021092,0
te_0021093,0
te_0021094,0
te_0021095,0
te_0021096,0
te_0021097,0
te_0021098,0
te_0021099,0
te_0021100,0
te_0021101,0
te_0021102,0
te_0021103,0
te_0021104,0
te_0021105,0
te_0021106,0
te_0021107,0
te_0021108,0
te_0021109,0
te_0021110,0
te_0021111,0
te_0021112,0
te_0021113,0
te_0021114,0
te_0021115,0
te_0021116,0
te_0021117,0
te_0021118,0
te_0021119,0
te_0021120,0
te_0021121,0
te_0021122,0
te_0021123,0
te_0021124,0
te_0021125,0
te_0021126,0
te_0021127,0
te_0021128,0
te_0021129,0
te_0021130,0
te_0021131,0
te_0021132,0
te_0021133,0
te_0021134,0
te_0021135,0
te_0021136,0
te_0021137,0
te_0021138,0
te_0021139,0
te_0021140,0
te_0021141,0
te_0021142,0
te_0021143,0
te_0021144,0
te_0021145,0
te_0021146,0
te_0021147,0
te_0021148,0
te_0021149,0
te_0021150,0
te_0021151,0
te_0021152,0
te_0021153,0
te_0021154,0
te_0021155,0
te_0021156,0
te_0021157,0
te_0021158,0
te_0021159,0
te_0021160,0
te_0021161,0
te_0021162,0
te_0021163,0
te_0021164,0
te_0021165,0
te_0021166,0
te_0021167,0
te_0021168,0
te_0021169,0
te_0021170,0
te_0021171,0
te_0021172,0
te_0021173,0
te_0021174,0
te_0021175,0
te_0021176,0
te_0021177,0
te_0021178,0
te_0021179,0
te_0021180,0
te_0021181,0
te_0021182,0
te_0021183,0
te_0021184,0
te_0021185,0
te_0021186,0
te_0021187,0
te_0021188,0
te_0021189,0
te_0021190,0
te_0021191,0
te_0021192,0
te_0021193,0
te_0021194,0
te_0021195,0
te_0021196,0
te_0021197,0
te_0021198,0
te_0021199,0
te_0021200,0
te_0021201,0
te_0021202,0
te_0021203,0
te_0021204,0
te_0021205,0
te_0021206,0
te_0021207,0
te_0021208,0
te_0021209,0
te_0021210,0
te_0021211,0
te_0021212,0
te_0021213,0
te_0021214,0
te_0021215,0
te_0021216,0
te_0021217,0
te_0021218,0
te_0021219,0
te_0021220,0
te_0021221,0
te_0021222,0
te_0021223,0
te_0021224,0
te_0021225,0
te_0021226,0
te_0021227,0
te_0021228,0
te_0021229,0
te_0021230,0
te_0021231,0
te_0021232,0
te_0021233,0
te_0021234,0
te_0021235,0
te_0021236,0
te_0021237,0
te_0021238,0
te_0021239,0
te_0021240,0
te_0021241,0
te_0021242,0
te_0021243,0
te_0021244,0
te_0021245,0
te_0021246,0
te_0021247,0
te_0021248,0
te_0021249,0
te_0021250,0
te_0021251,0
te_0021252,0
te_0021253,0
te_0021254,0
te_0021255,0
te_0021256,0
te_0021257,0
te_0021258,0
te_0021259,0
te_0021260,0
te_0021261,0
te_0021262,0
te_0021263,0
te_0021264,0
te_0021265,0
te_0021266,0
te_0021267,0
te_0021268,0
te_0021269,0
te_0021270,0
te_0021271,0
te_0021272,0
te_0021273,0
te_0021274,0
te_0021275,0
te_0021276,0
te_0021277,0
te_0021278,0
te_0021279,0
te_0021280,0
te_0021281,0
te_0021282,0
te_0021283,0
te_0021284,0
te_0021285,0
te_0021286,0
te_0021287,0
te_0021288,0
te_0021289,0
te_0021290,0
te_0021291,0
te_0021292,0
te_0021293,0
te_0021294,0
te_0021295,0
te_0021296,0
te_0021297,0
te_0021298,0
te_0021299,0
te_0021300,0
te_0021301,0
te_0021302,0
te_0021303,0
te_0021304,0
te_0021305,0
te_0021306,0
te_0021307,0
te_0021308,0
te_0021309,0
te_0021310,0
te_0021311,0
te_0021312,0
te_0021313,0
te_0021314,0
te_0021315,0
te_0021316,0
te_0021317,0
te_0021318,0
te_0021319,0
te_0021320,0
te_0021321,0
te_0021322,0
te_0021323,0
te_0021324,0
te_0021325,0
te_0021326,0
te_0021327,0
te_0021328,0
te_0021329,0
te_0021330,0
te_0021331,0
te_0021332,0
te_0021333,0
te_0021334,0
te_0021335,0
te_0021336,0
te_0021337,0
te_0021338,0
te_0021339,0
te_0021340,0
te_0021341,0
te_0021342,0
te_0021343,0
te_0021344,0
te_0021345,0
te_0021346,0
te_0021347,0
te_0021348,0
te_0021349,0
te_0021350,0
te_0021351,0
te_0021352,0
te_0021353,0
te_0021354,0
te_0021355,0
te_0021356,0
te_0021357,0
te_0021358,0
te_0021359,0
te_0021360,0
te_0021361,0
te_0021362,0
te_0021363,0
te_0021364,0
te_0021365,0
te_0021366,0
te_0021367,0
te_0021368,0
te_0021369,0
te_0021370,0
te_0021371,0
te_0021372,0
te_0021373,0
te_0021374,0
te_0021375,0
te_0021376,0
te_0021377,0
te_0021378,0
te_0021379,0
te_0021380,0
te_0021381,0
te_0021382,0
te_0021383,0
te_0021384,0
te_0021385,0
te_0021386,0
te_0021387,0
te_0021388,0
te_0021389,0
te_0021390,0
te_0021391,0
te_0021392,0
te_0021393,0
te_0021394,0
te_0021395,0
te_0021396,0
te_0021397,0
te_0021398,0
te_0021399,0
te_0021400,0
te_0021401,0
te_0021402,0
te_0021403,0
te_0021404,0
te_0021405,0
te_0021406,0
te_0021407,0
te_0021408,0
te_0021409,0
te_0021410,0
te_0021411,0
te_0021412,0
te_0021413,0
te_0021414,0
te_0021415,0
te_0021416,0
te_0021417,0
te_0021418,0
te_0021419,0
te_0021420,0
te_0021421,0
te_0021422,0
te_0021423,0
te_0021424,0
te_0021425,0
te_0021426,0
te_0021427,0
te_0021428,0
te_0021429,0
te_0021430,0
te_0021431,0
te_0021432,0
te_0021433,0
te_0021434,0
te_0021435,0
te_0021436,0
te_0021437,0
te_0021438,0
te_0021439,0
te_0021440,0
te_0021441,0
te_0021442,0
te_0021443,0
te_0021444,0
te_0021445,0
te_0021446,0
te_0021447,0
te_0021448,0
te_0021449,0
te_0021450,0
te_0021451,0
te_0021452,0
te_0021453,0
te_0021454,0
te_0021455,0
te_0021456,0
te_0021457,0
te_0021458,0
te_0021459,0
te_0021460,0
te_0021461,0
te_0021462,0
te_0021463,0
te_0021464,0
te_0021465,0
te_0021466,0
te_0021467,0
te_0021468,0
te_0021469,0
te_0021470,0
te_0021471,0
te_0021472,0
te_0021473,0
te_0021474,0
te_0021475,0
te_0021476,0
te_0021477,0
te_0021478,0
te_0021479,0
te_0021480,0
te_0021481,0
te_0021482,0
te_0021483,0
te_0021484,0
te_0021485,0
te_0021486,0
te_0021487,0
te_0021488,0
te_0021489,0
te_0021490,0
te_0021491,0
te_0021492,0
te_0021493,0
te_0021494,0
te_0021495,0
te_0021496,0
te_0021497,0
te_0021498,0
te_0021499,0
te_0021500,0
te_0021501,0
te_0021502,0
te_0021503,0
te_0021504,0
te_0021505,0
te_0021506,0
te_0021507,0
te_0021508,0
te_0021509,0
te_0021510,0
te_0021511,0
te_0021512,0
te_0021513,0
te_0021514,0
te_0021515,0
te_0021516,0
te_0021517,0
te_0021518,0
te_0021519,0
te_0021520,0
te_0021521,0
te_0021522,0
te_0021523,0
te_0021524,0
te_0021525,0
te_0021526,0
te_0021527,0
te_0021528,0
te_0021529,0
te_0021530,0
te_0021531,0
te_0021532,0
te_0021533,0
te_0021534,0
te_0021535,0
te_0021536,0
te_0021537,0
te_0021538,0
te_0021539,0
te_0021540,0
te_0021541,0
te_0021542,0
te_0021543,0
te_0021544,0
te_0021545,0
te_0021546,0
te_0021547,0
te_0021548,0
te_0021549,0
te_0021550,0
te_0021551,0
te_0021552,0
te_0021553,0
te_0021554,0
te_0021555,0
te_0021556,0
te_0021557,0
te_0021558,0
te_0021559,0
te_0021560,0
te_0021561,0
te_0021562,0
te_0021563,0
te_0021564,0
te_0021565,0
te_0021566,0
te_0021567,0
te_0021568,0
te_0021569,0
te_0021570,0
te_0021571,0
te_0021572,0
te_0021573,0
te_0021574,0
te_0021575,0
te_0021576,0
te_0021577,0
te_0021578,0
te_0021579,0
te_0021580,0
te_0021581,0
te_0021582,0
te_0021583,0
te_0021584,0
te_0021585,0
te_0021586,0
te_0021587,0
te_0021588,0
te_0021589,0
te_0021590,0
te_0021591,0
te_0021592,0
te_0021593,0
te_0021594,0
te_0021595,0
te_0021596,0
te_0021597,0
te_0021598,0
te_0021599,0
te_0021600,0
te_0021601,0
te_0021602,0
te_0021603,0
te_0021604,0
te_0021605,0
te_0021606,0
te_0021607,0
te_0021608,0
te_0021609,0
te_0021610,0
te_0021611,0
te_0021612,0
te_0021613,0
te_0021614,0
te_0021615,0
te_0021616,0
te_0021617,0
te_0021618,0
te_0021619,0
te_0021620,0
te_0021621,0
te_0021622,0
te_0021623,0
te_0021624,0
te_0021625,0
te_0021626,0
te_0021627,0
te_0021628,0
te_0021629,0
te_0021630,0
te_0021631,0
te_0021632,0
te_0021633,0
te_0021634,0
te_0021635,0
te_0021636,0
te_0021637,0
te_0021638,0
te_0021639,0
te_0021640,0
te_0021641,0
te_0021642,0
te_0021643,0
te_0021644,0
te_0021645,0
te_0021646,0
te_0021647,0
te_0021648,0
te_0021649,0
te_0021650,0
te_0021651,0
te_0021652,0
te_0021653,0
te_0021654,0
te_0021655,0
te_0021656,0
te_0021657,0
te_0021658,0
te_0021659,0
te_0021660,0
te_0021661,0
te_0021662,0
te_0021663,0
te_0021664,0
te_0021665,0
te_0021666,0
te_0021667,0
te_0021668,0
te_0021669,0
te_0021670,0
te_0021671,0
te_0021672,0
te_0021673,0
te_0021674,0
te_0021675,0
te_0021676,0
te_0021677,0
te_0021678,0
te_0021679,0
te_0021680,0
te_0021681,0
te_0021682,0
te_0021683,0
te_0021684,0
te_0021685,0
te_0021686,0
te_0021687,0
te_0021688,0
te_0021689,0
te_0021690,0
te_0021691,0
te_0021692,0
te_0021693,0
te_0021694,0
te_0021695,0
te_0021696,0
te_0021697,0
te_0021698,0
te_0021699,0
te_0021700,0
te_0021701,0
te_0021702,0
te_0021703,0
te_0021704,0
te_0021705,0
te_0021706,0
te_0021707,0
te_0021708,0
te_0021709,0
te_0021710,0
te_0021711,0
te_0021712,0
te_0021713,0
te_0021714,0
te_0021715,0
te_0021716,0
te_0021717,0
te_0021718,0
te_0021719,0
te_0021720,0
te_0021721,0
te_0021722,0
te_0021723,0
te_0021724,0
te_0021725,0
te_0021726,0
te_0021727,0
te_0021728,0
te_0021729,0
te_0021730,0
te_0021731,0
te_0021732,0
te_0021733,0
te_0021734,0
te_0021735,0
te_0021736,0
te_0021737,0
te_0021738,0
te_0021739,0
te_0021740,0
te_0021741,0
te_0021742,0
te_0021743,0
te_0021744,0
te_0021745,0
te_0021746,0
te_0021747,0
te_0021748,0
te_0021749,0
te_0021750,0
te_0021751,0
te_0021752,0
te_0021753,0
te_0021754,0
te_0021755,0
te_0021756,0
te_0021757,0
te_0021758,0
te_0021759,0
te_0021760,0
te_0021761,0
te_0021762,0
te_0021763,0
te_0021764,0
te_0021765,0
te_0021766,0
te_0021767,0
te_0021768,0
te_0021769,0
te_0021770,0
te_0021771,0
te_0021772,0
te_0021773,0
te_0021774,0
te_0021775,0
te_0021776,0
te_0021777,0
te_0021778,0
te_0021779,0
te_0021780,0
te_0021781,0
te_0021782,0
te_0021783,0
te_0021784,0
te_0021785,0
te_0021786,0
te_0021787,0
te_0021788,0
te_0021789,0
te_0021790,0
te_0021791,0
te_0021792,0
te_0021793,0
te_0021794,0
te_0021795,0
te_0021796,0
te_0021797,0
te_0021798,0
te_0021799,0
te_0021800,0
te_0021801,0
te_0021802,0
te_0021803,0
te_0021804,0
te_0021805,0
te_0021806,0
te_0021807,0
te_0021808,0
te_0021809,0
te_0021810,0
te_0021811,0
te_0021812,0
te_0021813,0
te_0021814,0
te_0021815,0
te_0021816,0
te_0021817,0
te_0021818,0
te_0021819,0
te_0021820,0
te_0021821,0
te_0021822,0
te_0021823,0
te_0021824,0
te_0021825,0
te_0021826,0
te_0021827,0
te_0021828,0
te_0021829,0
te_0021830,0
te_0021831,0
te_0021832,0
te_0021833,0
te_0021834,0
te_0021835,0
te_0021836,0
te_0021837,0
te_0021838,0
te_0021839,0
te_0021840,0
te_0021841,0
te_0021842,0
te_0021843,0
te_0021844,0
te_0021845,0
te_0021846,0
te_0021847,0
te_0021848,0
te_0021849,0
te_0021850,0
te_0021851,0
te_0021852,0
te_0021853,0
te_0021854,0
te_0021855,0
te_0021856,0
te_0021857,0
te_0021858,0
te_0021859,0
te_0021860,0
te_0021861,0
te_0021862,0
te_0021863,0
te_0021864,0
te_0021865,0
te_0021866,0
te_0021867,0
te_0021868,0
te_0021869,0
te_0021870,0
te_0021871,0
te_0021872,0
te_0021873,0
te_0021874,0
te_0021875,0
te_0021876,0
te_0021877,0
te_0021878,0
te_0021879,0
te_0021880,0
te_0021881,0
te_0021882,0
te_0021883,0
te_0021884,0
te_0021885,0
te_0021886,0
te_0021887,0
te_0021888,0
te_0021889,0
te_0021890,0
te_0021891,0
te_0021892,0
te_0021893,0
te_0021894,0
te_0021895,0
te_0021896,0
te_0021897,0
te_0021898,0
te_0021899,0
te_0021900,0
te_0021901,0
te_0021902,0
te_0021903,0
te_0021904,0
te_0021905,0
te_0021906,0
te_0021907,0
te_0021908,0
te_0021909,0
te_0021910,0
te_0021911,0
te_0021912,0
te_0021913,0
te_0021914,0
te_0021915,0
te_0021916,0
te_0021917,0
te_0021918,0
te_0021919,0
te_0021920,0
te_0021921,0
te_0021922,0
te_0021923,0
te_0021924,0
te_0021925,0
te_0021926,0
te_0021927,0
te_0021928,0
te_0021929,0
te_0021930,0
te_0021931,0
te_0021932,0
te_0021933,0
te_0021934,0
te_0021935,0
te_0021936,0
te_0021937,0
te_0021938,0
te_0021939,0
te_0021940,0
te_0021941,0
te_0021942,0
te_0021943,0
te_0021944,0
te_0021945,0
te_0021946,0
te_0021947,0
te_0021948,0
te_0021949,0
te_0021950,0
te_0021951,0
te_0021952,0
te_0021953,0
te_0021954,0
te_0021955,0
te_0021956,0
te_0021957,0
te_0021958,0
te_0021959,0
te_0021960,0
te_0021961,0
te_0021962,0
te_0021963,0
te_0021964,0
te_0021965,0
te_0021966,0
te_0021967,0
te_0021968,0
te_0021969,0
te_0021970,0
te_0021971,0
te_0021972,0
te_0021973,0
te_0021974,0
te_0021975,0
te_0021976,0
te_0021977,0
te_0021978,0
te_0021979,0
te_0021980,0
te_0021981,0
te_0021982,0
te_0021983,0
te_0021984,0
te_0021985,0
te_0021986,0
te_0021987,0
te_0021988,0
te_0021989,0
te_0021990,0
te_0021991,0
te_0021992,0
te_0021993,0
te_0021994,0
te_0021995,0
te_0021996,0
te_0021997,0
te_0021998,0
te_0021999,0
te_0022000,0
te_0022001,0
te_0022002,0
te_0022003,0
te_0022004,0
te_0022005,0
te_0022006,0
te_0022007,0
te_0022008,0
te_0022009,0
te_0022010,0
te_0022011,0
te_0022012,0
te_0022013,0
te_0022014,0
te_0022015,0
te_0022016,0
te_0022017,0
te_0022018,0
te_0022019,0
te_0022020,0
te_0022021,0
te_0022022,0
te_0022023,0
te_0022024,0
te_0022025,0
te_0022026,0
te_0022027,0
te_0022028,0
te_0022029,0
te_0022030,0
te_0022031,0
te_0022032,0
te_0022033,0
te_0022034,0
te_0022035,0
te_0022036,0
te_0022037,0
te_0022038,0
te_0022039,0
te_0022040,0
te_0022041,0
te_0022042,0
te_0022043,0
te_0022044,0
te_0022045,0
te_0022046,0
te_0022047,0
te_0022048,0
te_0022049,0
te_0022050,0
te_0022051,0
te_0022052,0
te_0022053,0
te_0022054,0
te_0022055,0
te_0022056,0
te_0022057,0
te_0022058,0
te_0022059,0
te_0022060,0
te_0022061,0
te_0022062,0
te_0022063,0
te_0022064,0
te_0022065,0
te_0022066,0
te_0022067,0
te_0022068,0
te_0022069,0
te_0022070,0
te_0022071,0
te_0022072,0
te_0022073,0
te_0022074,0
te_0022075,0
te_0022076,0
te_0022077,0
te_0022078,0
te_0022079,0
te_0022080,0
te_0022081,0
te_0022082,0
te_0022083,0
te_0022084,0
te_0022085,0
te_0022086,0
te_0022087,0
te_0022088,0
te_0022089,0
te_0022090,0
te_0022091,0
te_0022092,0
te_0022093,0
te_0022094,0
te_0022095,0
te_0022096,0
te_0022097,0
te_0022098,0
te_0022099,0
te_0022100,0
te_0022101,0
te_0022102,0
te_0022103,0
te_0022104,0
te_0022105,0
te_0022106,0
te_0022107,0
te_0022108,0
te_0022109,0
te_0022110,0
te_0022111,0
te_0022112,0
te_0022113,0
te_0022114,0
te_0022115,0
te_0022116,0
te_0022117,0
te_0022118,0
te_0022119,0
te_0022120,0
te_0022121,0
te_0022122,0
te_0022123,0
te_0022124,0
te_0022125,0
te_0022126,0
te_0022127,0
te_0022128,0
te_0022129,0
te_0022130,0
te_0022131,0
te_0022132,0
te_0022133,0
te_0022134,0
te_0022135,0
te_0022136,0
te_0022137,0
te_0022138,0
te_0022139,0
te_0022140,0
te_0022141,0
te_0022142,0
te_0022143,0
te_0022144,0
te_0022145,0
te_0022146,0
te_0022147,0
te_0022148,0
te_0022149,0
te_0022150,0
te_0022151,0
te_0022152,0
te_0022153,0
te_0022154,0
te_0022155,0
te_0022156,0
te_0022157,0
te_0022158,0
te_0022159,0
te_0022160,0
te_0022161,0
te_0022162,0
te_0022163,0
te_0022164,0
te_0022165,0
te_0022166,0
te_0022167,0
te_0022168,0
te_0022169,0
te_0022170,0
te_0022171,0
te_0022172,0
te_0022173,0
te_0022174,0
te_0022175,0
te_0022176,0
te_0022177,0
te_0022178,0
te_0022179,0
te_0022180,0
te_0022181,0
te_0022182,0
te_0022183,0
te_0022184,0
te_0022185,0
te_0022186,0
te_0022187,0
te_0022188,0
te_0022189,0
te_0022190,0
te_0022191,0
te_0022192,0
te_0022193,0
te_0022194,0
te_0022195,0
te_0022196,0
te_0022197,0
te_0022198,0
te_0022199,0
te_0022200,0
te_0022201,0
te_0022202,0
te_0022203,0
te_0022204,0
te_0022205,0
te_0022206,0
te_0022207,0
te_0022208,0
te_0022209,0
te_0022210,0
te_0022211,0
te_0022212,0
te_0022213,0
te_0022214,0
te_0022215,0
te_0022216,0
te_0022217,0
te_0022218,0
te_0022219,0
te_0022220,0
te_0022221,0
te_0022222,0
te_0022223,0
te_0022224,0
te_0022225,0
te_0022226,0
te_0022227,0
te_0022228,0
te_0022229,0
te_0022230,0
te_0022231,0
te_0022232,0
te_0022233,0
te_0022234,0
te_0022235,0
te_0022236,0
te_0022237,0
te_0022238,0
te_0022239,0
te_0022240,0
te_0022241,0
te_0022242,0
te_0022243,0
te_0022244,0
te_0022245,0
te_0022246,0
te_0022247,0
te_0022248,0
te_0022249,0
te_0022250,0
te_0022251,0
te_0022252,0
te_0022253,0
te_0022254,0
te_0022255,0
te_0022256,0
te_0022257,0
te_0022258,0
te_0022259,0
te_0022260,0
te_0022261,0
te_0022262,0
te_0022263,0
te_0022264,0
te_0022265,0
te_0022266,0
te_0022267,0
te_0022268,0
te_0022269,0
te_0022270,0
te_0022271,0
te_0022272,0
te_0022273,0
te_0022274,0
te_0022275,0
te_0022276,0
te_0022277,0
te_0022278,0
te_0022279,0
te_0022280,0
te_0022281,0
te_0022282,0
te_0022283,0
te_0022284,0
te_0022285,0
te_0022286,0
te_0022287,0
te_0022288,0
te_0022289,0
te_0022290,0
te_0022291,0
te_0022292,0
te_0022293,0
te_0022294,0
te_0022295,0
te_0022296,0
te_0022297,0
te_0022298,0
te_0022299,0
te_0022300,0
te_0022301,0
te_0022302,0
te_0022303,0
te_0022304,0
te_0022305,0
te_0022306,0
te_0022307,0
te_0022308,0
te_0022309,0
te_0022310,0
te_0022311,0
te_0022312,0
te_0022313,0
te_0022314,0
te_0022315,0
te_0022316,0
te_0022317,0
te_0022318,0
te_0022319,0
te_0022320,0
te_0022321,0
te_0022322,0
te_0022323,0
te_0022324,0
te_0022325,0
te_0022326,0
te_0022327,0
te_0022328,0
te_0022329,0
te_0022330,0
te_0022331,0
te_0022332,0
te_0022333,0
te_0022334,0
te_0022335,0
te_0022336,0
te_0022337,0
te_0022338,0
te_0022339,0
te_0022340,0
te_0022341,0
te_0022342,0
te_0022343,0
te_0022344,0
te_0022345,0
te_0022346,0
te_0022347,0
te_0022348,0
te_0022349,0
te_0022350,0
te_0022351,0
te_0022352,0
te_0022353,0
te_0022354,0
te_0022355,0
te_0022356,0
te_0022357,0
te_0022358,0
te_0022359,0
te_0022360,0
te_0022361,0
te_0022362,0
te_0022363,0
te_0022364,0
te_0022365,0
te_0022366,0
te_0022367,0
te_0022368,0
te_0022369,0
te_0022370,0
te_0022371,0
te_0022372,0
te_0022373,0
te_0022374,0
te_0022375,0
te_0022376,0
te_0022377,0
te_0022378,0
te_0022379,0
te_0022380,0
te_0022381,0
te_0022382,0
te_0022383,0
te_0022384,0
te_0022385,0
te_0022386,0
te_0022387,0
te_0022388,0
te_0022389,0
te_0022390,0
te_0022391,0
te_0022392,0
te_0022393,0
te_0022394,0
te_0022395,0
te_0022396,0
te_0022397,0
te_0022398,0
te_0022399,0
te_0022400,0
te_0022401,0
te_0022402,0
te_0022403,0
te_0022404,0
te_0022405,0
te_0022406,0
te_0022407,0
te_0022408,0
te_0022409,0
te_0022410,0
te_0022411,0
te_0022412,0
te_0022413,0
te_0022414,0
te_0022415,0
te_0022416,0
te_0022417,0
te_0022418,0
te_0022419,0
te_0022420,0
te_0022421,0
te_0022422,0
te_0022423,0
te_0022424,0
te_0022425,0
te_0022426,0
te_0022427,0
te_0022428,0
te_0022429,0
te_0022430,0
te_0022431,0
te_0022432,0
te_0022433,0
te_0022434,0
te_0022435,0
te_0022436,0
te_0022437,0
te_0022438,0
te_0022439,0
te_0022440,0
te_0022441,0
te_0022442,0
te_0022443,0
te_0022444,0
te_0022445,0
te_0022446,0
te_0022447,0
te_0022448,0
te_0022449,0
te_0022450,0
te_0022451,0
te_0022452,0
te_0022453,0
te_0022454,0
te_0022455,0
te_0022456,0
te_0022457,0
te_0022458,0
te_0022459,0
te_0022460,0
te_0022461,0
te_0022462,0
te_0022463,0
te_0022464,0
te_0022465,0
te_0022466,0
te_0022467,0
te_0022468,0
te_0022469,0
te_0022470,0
te_0022471,0
te_0022472,0
te_0022473,0
te_0022474,0
te_0022475,0
te_0022476,0
te_0022477,0
te_0022478,0
te_0022479,0
te_0022480,0
te_0022481,0
te_0022482,0
te_0022483,0
te_0022484,0
te_0022485,0
te_0022486,0
te_0022487,0
te_0022488,0
te_0022489,0
te_0022490,0
te_0022491,0
te_0022492,0
te_0022493,0
te_0022494,0
te_0022495,0
te_0022496,0
te_0022497,0
te_0022498,0
te_0022499,0
te_0022500,0
te_0022501,0
te_0022502,0
te_0022503,0
te_0022504,0
te_0022505,0
te_0022506,0
te_0022507,0
te_0022508,0
te_0022509,0
te_0022510,0
te_0022511,0
te_0022512,0
te_0022513,0
te_0022514,0
te_0022515,0
te_0022516,0
te_0022517,0
te_0022518,0
te_0022519,0
te_0022520,0
te_0022521,0
te_0022522,0
te_0022523,0
te_0022524,0
te_0022525,0
te_0022526,0
te_0022527,0
te_0022528,0
te_0022529,0
te_0022530,0
te_0022531,0
te_0022532,0
te_0022533,0
te_0022534,0
te_0022535,0
te_0022536,0
te_0022537,0
te_0022538,0
te_0022539,0
te_0022540,0
te_0022541,0
te_0022542,0
te_0022543,0
te_0022544,0
te_0022545,0
te_0022546,0
te_0022547,0
te_0022548,0
te_0022549,0
te_0022550,0
te_0022551,0
te_0022552,0
te_0022553,0
te_0022554,0
te_0022555,0
te_0022556,0
te_0022557,0
te_0022558,0
te_0022559,0
te_0022560,0
te_0022561,0
te_0022562,0
te_0022563,0
te_0022564,0
te_0022565,0
te_0022566,0
te_0022567,0
te_0022568,0
te_0022569,0
te_0022570,0
te_0022571,0
te_0022572,0
te_0022573,0
te_0022574,0
te_0022575,0
te_0022576,0
te_0022577,0
te_0022578,0
te_0022579,0
te_0022580,0
te_0022581,0
te_0022582,0
te_0022583,0
te_0022584,0
te_0022585,0
te_0022586,0
te_0022587,0
te_0022588,0
te_0022589,0
te_0022590,0
te_0022591,0
te_0022592,0
te_0022593,0
te_0022594,0
te_0022595,0
te_0022596,0
te_0022597,0
te_0022598,0
te_0022599,0
te_0022600,0
te_0022601,0
te_0022602,0
te_0022603,0
te_0022604,0
te_0022605,0
te_0022606,0
te_0022607,0
te_0022608,0
te_0022609,0
te_0022610,0
te_0022611,0
te_0022612,0
te_0022613,0
te_0022614,0
te_0022615,0
te_0022616,0
te_0022617,0
te_0022618,0
te_0022619,0
te_0022620,0
te_0022621,0
te_0022622,0
te_0022623,0
te_0022624,0
te_0022625,0
te_0022626,0
te_0022627,0
te_0022628,0
te_0022629,0
te_0022630,0
te_0022631,0
te_0022632,0
te_0022633,0
te_0022634,0
te_0022635,0
te_0022636,0
te_0022637,0
te_0022638,0
te_0022639,0
te_0022640,0
te_0022641,0
te_0022642,0
te_0022643,0
te_0022644,0
te_0022645,0
te_0022646,0
te_0022647,0
te_0022648,0
te_0022649,0
te_0022650,0
te_0022651,0
te_0022652,0
te_0022653,0
te_0022654,0
te_0022655,0
te_0022656,0
te_0022657,0
te_0022658,0
te_0022659,0
te_0022660,0
te_0022661,0
te_0022662,0
te_0022663,0
te_0022664,0
te_0022665,0
te_0022666,0
te_0022667,0
te_0022668,0
te_0022669,0
te_0022670,0
te_0022671,0
te_0022672,0
te_0022673,0
te_0022674,0
te_0022675,0
te_0022676,0
te_0022677,0
te_0022678,0
te_0022679,0
te_0022680,0
te_0022681,0
te_0022682,0
te_0022683,0
te_0022684,0
te_0022685,0
te_0022686,0
te_0022687,0
te_0022688,0
te_0022689,0
te_0022690,0
te_0022691,0
te_0022692,0
te_0022693,0
te_0022694,0
te_0022695,0
te_0022696,0
te_0022697,0
te_0022698,0
te_0022699,0
te_0022700,0
te_0022701,0
te_0022702,0
te_0022703,0
te_0022704,0
te_0022705,0
te_0022706,0
te_0022707,0
te_0022708,0
te_0022709,0
te_0022710,0
te_0022711,0
te_0022712,0
te_0022713,0
te_0022714,0
te_0022715,0
te_0022716,0
te_0022717,0
te_0022718,0
te_0022719,0
te_0022720,0
te_0022721,0
te_0022722,0
te_0022723,0
te_0022724,0
te_0022725,0
te_0022726,0
te_0022727,0
te_0022728,0
te_0022729,0
te_0022730,0
te_0022731,0
te_0022732,0
te_0022733,0
te_0022734,0
te_0022735,0
te_0022736,0
te_0022737,0
te_0022738,0
te_0022739,0
te_0022740,0
te_0022741,0
te_0022742,0
te_0022743,0
te_0022744,0
te_0022745,0
te_0022746,0
te_0022747,0
te_0022748,0
te_0022749,0
te_0022750,0
te_0022751,0
te_0022752,0
te_0022753,0
te_0022754,0
te_0022755,0
te_0022756,0
te_0022757,0
te_0022758,0
te_0022759,0
te_0022760,0
te_0022761,0
te_0022762,0
te_0022763,0
te_0022764,0
te_0022765,0
te_0022766,0
te_0022767,0
te_0022768,0
te_0022769,0
te_0022770,0
te_0022771,0
te_0022772,0
te_0022773,0
te_0022774,0
te_0022775,0
te_0022776,0
te_0022777,0
te_0022778,0
te_0022779,0
te_0022780,0
te_0022781,0
te_0022782,0
te_0022783,0
te_0022784,0
te_0022785,0
te_0022786,0
te_0022787,0
te_0022788,0
te_0022789,0
te_0022790,0
te_0022791,0
te_0022792,0
te_0022793,0
te_0022794,0
te_0022795,0
te_0022796,0
te_0022797,0
te_0022798,0
te_0022799,0
te_0022800,0
te_0022801,0
te_0022802,0
te_0022803,0
te_0022804,0
te_0022805,0
te_0022806,0
te_0022807,0
te_0022808,0
te_0022809,0
te_0022810,0
te_0022811,0
te_0022812,0
te_0022813,0
te_0022814,0
te_0022815,0
te_0022816,0
te_0022817,0
te_0022818,0
te_0022819,0
te_0022820,0
te_0022821,0
te_0022822,0
te_0022823,0
te_0022824,0
te_0022825,0
te_0022826,0
te_0022827,0
te_0022828,0
te_0022829,0
te_0022830,0
te_0022831,0
te_0022832,0
te_0022833,0
te_0022834,0
te_0022835,0
te_0022836,0
te_0022837,0
te_0022838,0
te_0022839,0
te_0022840,0
te_0022841,0
te_0022842,0
te_0022843,0
te_0022844,0
te_0022845,0
te_0022846,0
te_0022847,0
te_0022848,0
te_0022849,0
te_0022850,0
te_0022851,0
te_0022852,0
te_0022853,0
te_0022854,0
te_0022855,0
te_0022856,0
te_0022857,0
te_0022858,0
te_0022859,0
te_0022860,0
te_0022861,0
te_0022862,0
te_0022863,0
te_0022864,0
te_0022865,0
te_0022866,0
te_0022867,0
te_0022868,0
te_0022869,0
te_0022870,0
te_0022871,0
te_0022872,0
te_0022873,0
te_0022874,0
te_0022875,0
te_0022876,0
te_0022877,0
te_0022878,0
te_0022879,0
te_0022880,0
te_0022881,0
te_0022882,0
te_0022883,0
te_0022884,0
te_0022885,0
te_0022886,0
te_0022887,0
te_0022888,0
te_0022889,0
te_0022890,0
te_0022891,0
te_0022892,0
te_0022893,0
te_0022894,0
te_0022895,0
te_0022896,0
te_0022897,0
te_0022898,0
te_0022899,0
te_0022900,0
te_0022901,0
te_0022902,0
te_0022903,0
te_0022904,0
te_0022905,0
te_0022906,0
te_0022907,0
te_0022908,0
te_0022909,0
te_0022910,0
te_0022911,0
te_0022912,0
te_0022913,0
te_0022914,0
te_0022915,0
te_0022916,0
te_0022917,0
te_0022918,0
te_0022919,0
te_0022920,0
te_0022921,0
te_0022922,0
te_0022923,0
te_0022924,0
te_0022925,0
te_0022926,0
te_0022927,0
te_0022928,0
te_0022929,0
te_0022930,0
te_0022931,0
te_0022932,0
te_0022933,0
te_0022934,0
te_0022935,0
te_0022936,0
te_0022937,0
te_0022938,0
te_0022939,0
te_0022940,0
te_0022941,0
te_0022942,0
te_0022943,0
te_0022944,0
te_0022945,0
te_0022946,0
te_0022947,0
te_0022948,0
te_0022949,0
te_0022950,0
te_0022951,0
te_0022952,0
te_0022953,0
te_0022954,0
te_0022955,0
te_0022956,0
te_0022957,0
te_0022958,0
te_0022959,0
te_0022960,0
te_0022961,0
te_0022962,0
te_0022963,0
te_0022964,0
te_0022965,0
te_0022966,0
te_0022967,0
te_0022968,0
te_0022969,0
te_0022970,0
te_0022971,0
te_0022972,0
te_0022973,0
te_0022974,0
te_0022975,0
te_0022976,0
te_0022977,0
te_0022978,0
te_0022979,0
te_0022980,0
te_0022981,0
te_0022982,0
te_0022983,0
te_0022984,0
te_0022985,0
te_0022986,0
te_0022987,0
te_0022988,0
te_0022989,0
te_0022990,0
te_0022991,0
te_0022992,0
te_0022993,0
te_0022994,0
te_0022995,0
te_0022996,0
te_0022997,0
te_0022998,0
te_0022999,0
te_0023000,0
te_0023001,0
te_0023002,0
te_0023003,0
te_0023004,0
te_0023005,0
te_0023006,0
te_0023007,0
te_0023008,0
te_0023009,0
te_0023010,0
te_0023011,0
te_0023012,0
te_0023013,0
te_0023014,0
te_0023015,0
te_0023016,0
te_0023017,0
te_0023018,0
te_0023019,0
te_0023020,0
te_0023021,0
te_0023022,0
te_0023023,0
te_0023024,0
te_0023025,0
te_0023026,0
te_0023027,0
te_0023028,0
te_0023029,0
te_0023030,0
te_0023031,0
te_0023032,0
te_0023033,0
te_0023034,0
te_0023035,0
te_0023036,0
te_0023037,0
te_0023038,0
te_0023039,0
te_0023040,0
te_0023041,0
te_0023042,0
te_0023043,0
te_0023044,0
te_0023045,0
te_0023046,0
te_0023047,0
te_0023048,0
te_0023049,0
te_0023050,0
te_0023051,0
te_0023052,0
te_0023053,0
te_0023054,0
te_0023055,0
te_0023056,0
te_0023057,0
te_0023058,0
te_0023059,0
te_0023060,0
te_0023061,0
te_0023062,0
te_0023063,0
te_0023064,0
te_0023065,0
te_0023066,0
te_0023067,0
te_0023068,0
te_0023069,0
te_0023070,0
te_0023071,0
te_0023072,0
te_0023073,0
te_0023074,0
te_0023075,0
te_0023076,0
te_0023077,0
te_0023078,0
te_0023079,0
te_0023080,0
te_0023081,0
te_0023082,0
te_0023083,0
te_0023084,0
te_0023085,0
te_0023086,0
te_0023087,0
te_0023088,0
te_0023089,0
te_0023090,0
te_0023091,0
te_0023092,0
te_0023093,0
te_0023094,0
te_0023095,0
te_0023096,0
te_0023097,0
te_0023098,0
te_0023099,0
te_0023100,0
te_0023101,0
te_0023102,0
te_0023103,0
te_0023104,0
te_0023105,0
te_0023106,0
te_0023107,0
te_0023108,0
te_0023109,0
te_0023110,0
te_0023111,0
te_0023112,0
te_0023113,0
te_0023114,0
te_0023115,0
te_0023116,0
te_0023117,0
te_0023118,0
te_0023119,0
te_0023120,0
te_0023121,0
te_0023122,0
te_0023123,0
te_0023124,0
te_0023125,0
te_0023126,0
te_0023127,0
te_0023128,0
te_0023129,0
te_0023130,0
te_0023131,0
te_0023132,0
te_0023133,0
te_0023134,0
te_0023135,0
te_0023136,0
te_0023137,0
te_0023138,0
te_0023139,0
te_0023140,0
te_0023141,0
te_0023142,0
te_0023143,0
te_0023144,0
te_0023145,0
te_0023146,0
te_0023147,0
te_0023148,0
te_0023149,0
te_0023150,0
te_0023151,0
te_0023152,0
te_0023153,0
te_0023154,0
te_0023155,0
te_0023156,0
te_0023157,0
te_0023158,0
te_0023159,0
te_0023160,0
te_0023161,0
te_0023162,0
te_0023163,0
te_0023164,0
te_0023165,0
te_0023166,0
te_0023167,0
te_0023168,0
te_0023169,0
te_0023170,0
te_0023171,0
te_0023172,0
te_0023173,0
te_0023174,0
te_0023175,0
te_0023176,0
te_0023177,0
te_0023178,0
te_0023179,0
te_0023180,0
te_0023181,0
te_0023182,0
te_0023183,0
te_0023184,0
te_0023185,0
te_0023186,0
te_0023187,0
te_0023188,0
te_0023189,0
te_0023190,0
te_0023191,0
te_0023192,0
te_0023193,0
te_0023194,0
te_0023195,0
te_0023196,0
te_0023197,0
te_0023198,0
te_0023199,0
te_0023200,0
te_0023201,0
te_0023202,0
te_0023203,0
te_0023204,0
te_0023205,0
te_0023206,0
te_0023207,0
te_0023208,0
te_0023209,0
te_0023210,0
te_0023211,0
te_0023212,0
te_0023213,0
te_0023214,0
te_0023215,0
te_0023216,0
te_0023217,0
te_0023218,0
te_0023219,0
te_0023220,0
te_0023221,0
te_0023222,0
te_0023223,0
te_0023224,0
te_0023225,0
te_0023226,0
te_0023227,0
te_0023228,0
te_0023229,0
te_0023230,0
te_0023231,0
te_0023232,0
te_0023233,0
te_0023234,0
te_0023235,0
te_0023236,0
te_0023237,0
te_0023238,0
te_0023239,0
te_0023240,0
te_0023241,0
te_0023242,0
te_0023243,0
te_0023244,0
te_0023245,0
te_0023246,0
te_0023247,0
te_0023248,0
te_0023249,0
te_0023250,0
te_0023251,0
te_0023252,0
te_0023253,0
te_0023254,0
te_0023255,0
te_0023256,0
te_0023257,0
te_0023258,0
te_0023259,0
te_0023260,0
te_0023261,0
te_0023262,0
te_0023263,0
te_0023264,0
te_0023265,0
te_0023266,0
te_0023267,0
te_0023268,0
te_0023269,0
te_0023270,0
te_0023271,0
te_0023272,0
te_0023273,0
te_0023274,0
te_0023275,0
te_0023276,0
te_0023277,0
te_0023278,0
te_0023279,0
te_0023280,0
te_0023281,0
te_0023282,0
te_0023283,0
te_0023284,0
te_0023285,0
te_0023286,0
te_0023287,0
te_0023288,0
te_0023289,0
te_0023290,0
te_0023291,0
te_0023292,0
te_0023293,0
te_0023294,0
te_0023295,0
te_0023296,0
te_0023297,0
te_0023298,0
te_0023299,0
te_0023300,0
te_0023301,0
te_0023302,0
te_0023303,0
te_0023304,0
te_0023305,0
te_0023306,0
te_0023307,0
te_0023308,0
te_0023309,0
te_0023310,0
te_0023311,0
te_0023312,0
te_0023313,0
te_0023314,0
te_0023315,0
te_0023316,0
te_0023317,0
te_0023318,0
te_0023319,0
te_0023320,0
te_0023321,0
te_0023322,0
te_0023323,0
te_0023324,0
te_0023325,0
te_0023326,0
te_0023327,0
te_0023328,0
te_0023329,0
te_0023330,0
te_0023331,0
te_0023332,0
te_0023333,0
te_0023334,0
te_0023335,0
te_0023336,0
te_0023337,0
te_0023338,0
te_0023339,0
te_0023340,0
te_0023341,0
te_0023342,0
te_0023343,0
te_0023344,0
te_0023345,0
te_0023346,0
te_0023347,0
te_0023348,0
te_0023349,0
te_0023350,0
te_0023351,0
te_0023352,0
te_0023353,0
te_0023354,0
te_0023355,0
te_0023356,0
te_0023357,0
te_0023358,0
te_0023359,0
te_0023360,0
te_0023361,0
te_0023362,0
te_0023363,0
te_0023364,0
te_0023365,0
te_0023366,0
te_0023367,0
te_0023368,0
te_0023369,0
te_0023370,0
te_0023371,0
te_0023372,0
te_0023373,0
te_0023374,0
te_0023375,0
te_0023376,0
te_0023377,0
te_0023378,0
te_0023379,0
te_0023380,0
te_0023381,0
te_0023382,0
te_0023383,0
te_0023384,0
te_0023385,0
te_0023386,0
te_0023387,0
te_0023388,0
te_0023389,0
te_0023390,0
te_0023391,0
te_0023392,0
te_0023393,0
te_0023394,0
te_0023395,0
te_0023396,0
te_0023397,0
te_0023398,0
te_0023399,0
te_0023400,0
te_0023401,0
te_0023402,0
te_0023403,0
te_0023404,0
te_0023405,0
te_0023406,0
te_0023407,0
te_0023408,0
te_0023409,0
te_0023410,0
te_0023411,0
te_0023412,0
te_0023413,0
te_0023414,0
te_0023415,0
te_0023416,0
te_0023417,0
te_0023418,0
te_0023419,0
te_0023420,0
te_0023421,0
te_0023422,0
te_0023423,0
te_0023424,0
te_0023425,0
te_0023426,0
te_0023427,0
te_0023428,0
te_0023429,0
te_0023430,0
te_0023431,0
te_0023432,0
te_0023433,0
te_0023434,0
te_0023435,0
te_0023436,0
te_0023437,0
te_0023438,0
te_0023439,0
te_0023440,0
te_0023441,0
te_0023442,0
te_0023443,0
te_0023444,0
te_0023445,0
te_0023446,0
te_0023447,0
te_0023448,0
te_0023449,0
te_0023450,0
te_0023451,0
te_0023452,0
te_0023453,0
te_0023454,0
te_0023455,0
te_0023456,0
te_0023457,0
te_0023458,0
te_0023459,0
te_0023460,0
te_0023461,0
te_0023462,0
te_0023463,0
te_0023464,0
te_0023465,0
te_0023466,0
te_0023467,0
te_0023468,0
te_0023469,0
te_0023470,0
te_0023471,0
te_0023472,0
te_0023473,0
te_0023474,0
te_0023475,0
te_0023476,0
te_0023477,0
te_0023478,0
te_0023479,0
te_0023480,0
te_0023481,0
te_0023482,0
te_0023483,0
te_0023484,0
te_0023485,0
te_0023486,0
te_0023487,0
te_0023488,0
te_0023489,0
te_0023490,0
te_0023491,0
te_0023492,0
te_0023493,0
te_0023494,0
te_0023495,0
te_0023496,0
te_0023497,0
te_0023498,0
te_0023499,0
te_0023500,0
te_0023501,0
te_0023502,0
te_0023503,0
te_0023504,0
te_0023505,0
te_0023506,0
te_0023507,0
te_0023508,0
te_0023509,0
te_0023510,0
te_0023511,0
te_0023512,0
te_0023513,0
te_0023514,0
te_0023515,0
te_0023516,0
te_0023517,0
te_0023518,0
te_0023519,0
te_0023520,0
te_0023521,0
te_0023522,0
te_0023523,0
te_0023524,0
te_0023525,0
te_0023526,0
te_0023527,0
te_0023528,0
te_0023529,0
te_0023530,0
te_0023531,0
te_0023532,0
te_0023533,0
te_0023534,0
te_0023535,0
te_0023536,0
te_0023537,0
te_0023538,0
te_0023539,0
te_0023540,0
te_0023541,0
te_0023542,0
te_0023543,0
te_0023544,0
te_0023545,0
te_0023546,0
te_0023547,0
te_0023548,0
te_0023549,0
te_0023550,0
te_0023551,0
te_0023552,0
te_0023553,0
te_0023554,0
te_0023555,0
te_0023556,0
te_0023557,0
te_0023558,0
te_0023559,0
te_0023560,0
te_0023561,0
te_0023562,0
te_0023563,0
te_0023564,0
te_0023565,0
te_0023566,0
te_0023567,0
te_0023568,0
te_0023569,0
te_0023570,0
te_0023571,0
te_0023572,0
te_0023573,0
te_0023574,0
te_0023575,0
te_0023576,0
te_0023577,0
te_0023578,0
te_0023579,0
te_0023580,0
te_0023581,0
te_0023582,0
te_0023583,0
te_0023584,0
te_0023585,0
te_0023586,0
te_0023587,0
te_0023588,0
te_0023589,0
te_0023590,0
te_0023591,0
te_0023592,0
te_0023593,0
te_0023594,0
te_0023595,0
te_0023596,0
te_0023597,0
te_0023598,0
te_0023599,0
te_0023600,0
te_0023601,0
te_0023602,0
te_0023603,0
te_0023604,0
te_0023605,0
te_0023606,0
te_0023607,0
te_0023608,0
te_0023609,0
te_0023610,0
te_0023611,0
te_0023612,0
te_0023613,0
te_0023614,0
te_0023615,0
te_0023616,0
te_0023617,0
te_0023618,0
te_0023619,0
te_0023620,0
te_0023621,0
te_0023622,0
te_0023623,0
te_0023624,0
te_0023625,0
te_0023626,0
te_0023627,0
te_0023628,0
te_0023629,0
te_0023630,0
te_0023631,0
te_0023632,0
te_0023633,0
te_0023634,0
te_0023635,0
te_0023636,0
te_0023637,0
te_0023638,0
te_0023639,0
te_0023640,0
te_0023641,0
te_0023642,0
te_0023643,0
te_0023644,0
te_0023645,0
te_0023646,0
te_0023647,0
te_0023648,0
te_0023649,0
te_0023650,0
te_0023651,0
te_0023652,0
te_0023653,0
te_0023654,0
te_0023655,0
te_0023656,0
te_0023657,0
te_0023658,0
te_0023659,0
te_0023660,0
te_0023661,0
te_0023662,0
te_0023663,0
te_0023664,0
te_0023665,0
te_0023666,0
te_0023667,0
te_0023668,0
te_0023669,0
te_0023670,0
te_0023671,0
te_0023672,0
te_0023673,0
te_0023674,0
te_0023675,0
te_0023676,0
te_0023677,0
te_0023678,0
te_0023679,0
te_0023680,0
te_0023681,0
te_0023682,0
te_0023683,0
te_0023684,0
te_0023685,0
te_0023686,0
te_0023687,0
te_0023688,0
te_0023689,0
te_0023690,0
te_0023691,0
te_0023692,0
te_0023693,0
te_0023694,0
te_0023695,0
te_0023696,0
te_0023697,0
te_0023698,0
te_0023699,0
te_0023700,0
te_0023701,0
te_0023702,0
te_0023703,0
te_0023704,0
te_0023705,0
te_0023706,0
te_0023707,0
te_0023708,0
te_0023709,0
te_0023710,0
te_0023711,0
te_0023712,0
te_0023713,0
te_0023714,0
te_0023715,0
te_0023716,0
te_0023717,0
te_0023718,0
te_0023719,0
te_0023720,0
te_0023721,0
te_0023722,0
te_0023723,0
te_0023724,0
te_0023725,0
te_0023726,0
te_0023727,0
te_0023728,0
te_0023729,0
te_0023730,0
te_0023731,0
te_0023732,0
te_0023733,0
te_0023734,0
te_0023735,0
te_0023736,0
te_0023737,0
te_0023738,0
te_0023739,0
te_0023740,0
te_0023741,0
te_0023742,0
te_0023743,0
te_0023744,0
te_0023745,0
te_0023746,0
te_0023747,0
te_0023748,0
te_0023749,0
te_0023750,0
te_0023751,0
te_0023752,0
te_0023753,0
te_0023754,0
te_0023755,0
te_0023756,0
te_0023757,0
te_0023758,0
te_0023759,0
te_0023760,0
te_0023761,0
te_0023762,0
te_0023763,0
te_0023764,0
te_0023765,0
te_0023766,0
te_0023767,0
te_0023768,0
te_0023769,0
te_0023770,0
te_0023771,0
te_0023772,0
te_0023773,0
te_0023774,0
te_0023775,0
te_0023776,0
te_0023777,0
te_0023778,0
te_0023779,0
te_0023780,0
te_0023781,0
te_0023782,0
te_0023783,0
te_0023784,0
te_0023785,0
te_0023786,0
te_0023787,0
te_0023788,0
te_0023789,0
te_0023790,0
te_0023791,0
te_0023792,0
te_0023793,0
te_0023794,0
te_0023795,0
te_0023796,0
te_0023797,0
te_0023798,0
te_0023799,0
te_0023800,0
te_0023801,0
te_0023802,0
te_0023803,0
te_0023804,0
te_0023805,0
te_0023806,0
te_0023807,0
te_0023808,0
te_0023809,0
te_0023810,0
te_0023811,0
te_0023812,0
te_0023813,0
te_0023814,0
te_0023815,0
te_0023816,0
te_0023817,0
te_0023818,0
te_0023819,0
te_0023820,0
te_0023821,0
te_0023822,0
te_0023823,0
te_0023824,0
te_0023825,0
te_0023826,0
te_0023827,0
te_0023828,0
te_0023829,0
te_0023830,0
te_0023831,0
te_0023832,0
te_0023833,0
te_0023834,0
te_0023835,0
te_0023836,0
te_0023837,0
te_0023838,0
te_0023839,0
te_0023840,0
te_0023841,0
te_0023842,0
te_0023843,0
te_0023844,0
te_0023845,0
te_0023846,0
te_0023847,0
te_0023848,0
te_0023849,0
te_0023850,0
te_0023851,0
te_0023852,0
te_0023853,0
te_0023854,0
te_0023855,0
te_0023856,0
te_0023857,0
te_0023858,0
te_0023859,0
te_0023860,0
te_0023861,0
te_0023862,0
te_0023863,0
te_0023864,0
te_0023865,0
te_0023866,0
te_0023867,0
te_0023868,0
te_0023869,0
te_0023870,0
te_0023871,0
te_0023872,0
te_0023873,0
te_0023874,0
te_0023875,0
te_0023876,0
te_0023877,0
te_0023878,0
te_0023879,0
te_0023880,0
te_0023881,0
te_0023882,0
te_0023883,0
te_0023884,0
te_0023885,0
te_0023886,0
te_0023887,0
te_0023888,0
te_0023889,0
te_0023890,0
te_0023891,0
te_0023892,0
te_0023893,0
te_0023894,0
te_0023895,0
te_0023896,0
te_0023897,0
te_0023898,0
te_0023899,0
te_0023900,0
te_0023901,0
te_0023902,0
te_0023903,0
te_0023904,0
te_0023905,0
te_0023906,0
te_0023907,0
te_0023908,0
te_0023909,0
te_0023910,0
te_0023911,0
te_0023912,0
te_0023913,0
te_0023914,0
te_0023915,0
te_0023916,0
te_0023917,0
te_0023918,0
te_0023919,0
te_0023920,0
te_0023921,0
te_0023922,0
te_0023923,0
te_0023924,0
te_0023925,0
te_0023926,0
te_0023927,0
te_0023928,0
te_0023929,0
te_0023930,0
te_0023931,0
te_0023932,0
te_0023933,0
te_0023934,0
te_0023935,0
te_0023936,0
te_0023937,0
te_0023938,0
te_0023939,0
te_0023940,0
te_0023941,0
te_0023942,0
te_0023943,0
te_0023944,0
te_0023945,0
te_0023946,0
te_0023947,0
te_0023948,0
te_0023949,0
te_0023950,0
te_0023951,0
te_0023952,0
te_0023953,0
te_0023954,0
te_0023955,0
te_0023956,0
te_0023957,0
te_0023958,0
te_0023959,0
te_0023960,0
te_0023961,0
te_0023962,0
te_0023963,0
te_0023964,0
te_0023965,0
te_0023966,0
te_0023967,0
te_0023968,0
te_0023969,0
te_0023970,0
te_0023971,0
te_0023972,0
te_0023973,0
te_0023974,0
te_0023975,0
te_0023976,0
te_0023977,0
te_0023978,0
te_0023979,0
te_0023980,0
te_0023981,0
te_0023982,0
te_0023983,0
te_0023984,0
te_0023985,0
te_0023986,0
te_0023987,0
te_0023988,0
te_0023989,0
te_0023990,0
te_0023991,0
te_0023992,0
te_0023993,0
te_0023994,0
te_0023995,0
te_0023996,0
te_0023997,0
te_0023998,0
te_0023999,0
te_0024000,0
te_0024001,0
te_0024002,0
te_0024003,0
te_0024004,0
te_0024005,0
te_0024006,0
te_0024007,0
te_0024008,0
te_0024009,0
te_0024010,0
te_0024011,0
te_0024012,0
te_0024013,0
te_0024014,0
te_0024015,0
te_0024016,0
te_0024017,0
te_0024018,0
te_0024019,0
te_0024020,0
te_0024021,0
te_0024022,0
te_0024023,0
te_0024024,0
te_0024025,0
te_0024026,0
te_0024027,0
te_0024028,0
te_0024029,0
te_0024030,0
te_0024031,0
te_0024032,0
te_0024033,0
te_0024034,0
te_0024035,0
te_0024036,0
te_0024037,0
te_0024038,0
te_0024039,0
te_0024040,0
te_0024041,0
te_0024042,0
te_0024043,0
te_0024044,0
te_0024045,0
te_0024046,0
te_0024047,0
te_0024048,0
te_0024049,0
te_0024050,0
te_0024051,0
te_0024052,0
te_0024053,0
te_0024054,0
te_0024055,0
te_0024056,0
te_0024057,0
te_0024058,0
te_0024059,0
te_0024060,0
te_0024061,0
te_0024062,0
te_0024063,0
te_0024064,0
te_0024065,0
te_0024066,0
te_0024067,0
te_0024068,0
te_0024069,0
te_0024070,0
te_0024071,0
te_0024072,0
te_0024073,0
te_0024074,0
te_0024075,0
te_0024076,0
te_0024077,0
te_0024078,0
te_0024079,0
te_0024080,0
te_0024081,0
te_0024082,0
te_0024083,0
te_0024084,0
te_0024085,0
te_0024086,0
te_0024087,0
te_0024088,0
te_0024089,0
te_0024090,0
te_0024091,0
te_0024092,0
te_0024093,0
te_0024094,0
te_0024095,0
te_0024096,0
te_0024097,0
te_0024098,0
te_0024099,0
te_0024100,0
te_0024101,0
te_0024102,0
te_0024103,0
te_0024104,0
te_0024105,0
te_0024106,0
te_0024107,0
te_0024108,0
te_0024109,0
te_0024110,0
te_0024111,0
te_0024112,0
te_0024113,0
te_0024114,0
te_0024115,0
te_0024116,0
te_0024117,0
te_0024118,0
te_0024119,0
te_0024120,0
te_0024121,0
te_0024122,0
te_0024123,0
te_0024124,0
te_0024125,0
te_0024126,0
te_0024127,0
te_0024128,0
te_0024129,0
te_0024130,0
te_0024131,0
te_0024132,0
te_0024133,0
te_0024134,0
te_0024135,0
te_0024136,0
te_0024137,0
te_0024138,0
te_0024139,0
te_0024140,0
te_0024141,0
te_0024142,0
te_0024143,0
te_0024144,0
te_0024145,0
te_0024146,0
te_0024147,0
te_0024148,0
te_0024149,0
te_0024150,0
te_0024151,0
te_0024152,0
te_0024153,0
te_0024154,0
te_0024155,0
te_0024156,0
te_0024157,0
te_0024158,0
te_0024159,0
te_0024160,0
te_0024161,0
te_0024162,0
te_0024163,0
te_0024164,0
te_0024165,0
te_0024166,0
te_0024167,0
te_0024168,0
te_0024169,0
te_0024170,0
te_0024171,0
te_0024172,0
te_0024173,0
te_0024174,0
te_0024175,0
te_0024176,0
te_0024177,0
te_0024178,0
te_0024179,0
te_0024180,0
te_0024181,0
te_0024182,0
te_0024183,0
te_0024184,0
te_0024185,0
te_0024186,0
te_0024187,0
te_0024188,0
te_0024189,0
te_0024190,0
te_0024191,0
te_0024192,0
te_0024193,0
te_0024194,0
te_0024195,0
te_0024196,0
te_0024197,0
te_0024198,0
te_0024199,0
te_0024200,0
te_0024201,0
te_0024202,0
te_0024203,0
te_0024204,0
te_0024205,0
te_0024206,0
te_0024207,0
te_0024208,0
te_0024209,0
te_0024210,0
te_0024211,0
te_0024212,0
te_0024213,0
te_0024214,0
te_0024215,0
te_0024216,0
te_0024217,0
te_0024218,0
te_0024219,0
te_0024220,0
te_0024221,0
te_0024222,0
te_0024223,0
te_0024224,0
te_0024225,0
te_0024226,0
te_0024227,0
te_0024228,0
te_0024229,0
te_0024230,0
te_0024231,0
te_0024232,0
te_0024233,0
te_0024234,0
te_0024235,0
te_0024236,0
te_0024237,0
te_0024238,0
te_0024239,0
te_0024240,0
te_0024241,0
te_0024242,0
te_0024243,0
te_0024244,0
te_0024245,0
te_0024246,0
te_0024247,0
te_0024248,0
te_0024249,0
te_0024250,0
te_0024251,0
te_0024252,0
te_0024253,0
te_0024254,0
te_0024255,0
te_0024256,0
te_0024257,0
te_0024258,0
te_0024259,0
te_0024260,0
te_0024261,0
te_0024262,0
te_0024263,0
te_0024264,0
te_0024265,0
te_0024266,0
te_0024267,0
te_0024268,0
te_0024269,0
te_0024270,0
te_0024271,0
te_0024272,0
te_0024273,0
te_0024274,0
te_0024275,0
te_0024276,0
te_0024277,0
te_0024278,0
te_0024279,0
te_0024280,0
te_0024281,0
te_0024282,0
te_0024283,0
te_0024284,0
te_0024285,0
te_0024286,0
te_0024287,0
te_0024288,0
te_0024289,0
te_0024290,0
te_0024291,0
te_0024292,0
te_0024293,0
te_0024294,0
te_0024295,0
te_0024296,0
te_0024297,0
te_0024298,0
te_0024299,0
te_0024300,0
te_0024301,0
te_0024302,0
te_0024303,0
te_0024304,0
te_0024305,0
te_0024306,0
te_0024307,0
te_0024308,0
te_0024309,0
te_0024310,0
te_0024311,0
te_0024312,0
te_0024313,0
te_0024314,0
te_0024315,0
te_0024316,0
te_0024317,0
te_0024318,0
te_0024319,0
te_0024320,0
te_0024321,0
te_0024322,0
te_0024323,0
te_0024324,0
te_0024325,0
te_0024326,0
te_0024327,0
te_0024328,0
te_0024329,0
te_0024330,0
te_0024331,0
te_0024332,0
te_0024333,0
te_0024334,0
te_0024335,0
te_0024336,0
te_0024337,0
te_0024338,0
te_0024339,0
te_0024340,0
te_0024341,0
te_0024342,0
te_0024343,0
te_0024344,0
te_0024345,0
te_0024346,0
te_0024347,0
te_0024348,0
te_0024349,0
te_0024350,0
te_0024351,0
te_0024352,0
te_0024353,0
te_0024354,0
te_0024355,0
te_0024356,0
te_0024357,0
te_0024358,0
te_0024359,0
te_0024360,0
te_0024361,0
te_0024362,0
te_0024363,0
te_0024364,0
te_0024365,0
te_0024366,0
te_0024367,0
te_0024368,0
te_0024369,0
te_0024370,0
te_0024371,0
te_0024372,0
te_0024373,0
te_0024374,0
te_0024375,0
te_0024376,0
te_0024377,0
te_0024378,0
te_0024379,0
te_0024380,0
te_0024381,0
te_0024382,0
te_0024383,0
te_0024384,0
te_0024385,0
te_0024386,0
te_0024387,0
te_0024388,0
te_0024389,0
te_0024390,0
te_0024391,0
te_0024392,0
te_0024393,0
te_0024394,0
te_0024395,0
te_0024396,0
te_0024397,0
te_0024398,0
te_0024399,0
te_0024400,0
te_0024401,0
te_0024402,0
te_0024403,0
te_0024404,0
te_0024405,0
te_0024406,0
te_0024407,0
te_0024408,0
te_0024409,0
te_0024410,0
te_0024411,0
te_0024412,0
te_0024413,0
te_0024414,0
te_0024415,0
te_0024416,0
te_0024417,0
te_0024418,0
te_0024419,0
te_0024420,0
te_0024421,0
te_0024422,0
te_0024423,0
te_0024424,0
te_0024425,0
te_0024426,0
te_0024427,0
te_0024428,0
te_0024429,0
te_0024430,0
te_0024431,0
te_0024432,0
te_0024433,0
te_0024434,0
te_0024435,0
te_0024436,0
te_0024437,0
te_0024438,0
te_0024439,0
te_0024440,0
te_0024441,0
te_0024442,0
te_0024443,0
te_0024444,0
te_0024445,0
te_0024446,0
te_0024447,0
te_0024448,0
te_0024449,0
te_0024450,0
te_0024451,0
te_0024452,0
te_0024453,0
te_0024454,0
te_0024455,0
te_0024456,0
te_0024457,0
te_0024458,0
te_0024459,0
te_0024460,0
te_0024461,0
te_0024462,0
te_0024463,0
te_0024464,0
te_0024465,0
te_0024466,0
te_0024467,0
te_0024468,0
te_0024469,0
te_0024470,0
te_0024471,0
te_0024472,0
te_0024473,0
te_0024474,0
te_0024475,0
te_0024476,0
te_0024477,0
te_0024478,0
te_0024479,0
te_0024480,0
te_0024481,0
te_0024482,0
te_0024483,0
te_0024484,0
te_0024485,0
te_0024486,0
te_0024487,0
te_0024488,0
te_0024489,0
te_0024490,0
te_0024491,0
te_0024492,0
te_0024493,0
te_0024494,0
te_0024495,0
te_0024496,0
te_0024497,0
te_0024498,0
te_0024499,0
te_0024500,0
te_0024501,0
te_0024502,0
te_0024503,0
te_0024504,0
te_0024505,0
te_0024506,0
te_0024507,0
te_0024508,0
te_0024509,0
te_0024510,0
te_0024511,0
te_0024512,0
te_0024513,0
te_0024514,0
te_0024515,0
te_0024516,0
te_0024517,0
te_0024518,0
te_0024519,0
te_0024520,0
te_0024521,0
te_0024522,0
te_0024523,0
te_0024524,0
te_0024525,0
te_0024526,0
te_0024527,0
te_0024528,0
te_0024529,0
te_0024530,0
te_0024531,0
te_0024532,0
te_0024533,0
te_0024534,0
te_0024535,0
te_0024536,0
te_0024537,0
te_0024538,0
te_0024539,0
te_0024540,0
te_0024541,0
te_0024542,0
te_0024543,0
te_0024544,0
te_0024545,0
te_0024546,0
te_0024547,0
te_0024548,0
te_0024549,0
te_0024550,0
te_0024551,0
te_0024552,0
te_0024553,0
te_0024554,0
te_0024555,0
te_0024556,0
te_0024557,0
te_0024558,0
te_0024559,0
te_0024560,0
te_0024561,0
te_0024562,0
te_0024563,0
te_0024564,0
te_0024565,0
te_0024566,0
te_0024567,0
te_0024568,0
te_0024569,0
te_0024570,0
te_0024571,0
te_0024572,0
te_0024573,0
te_0024574,0
te_0024575,0
te_0024576,0
te_0024577,0
te_0024578,0
te_0024579,0
te_0024580,0
te_0024581,0
te_0024582,0
te_0024583,0
te_0024584,0
te_0024585,0
te_0024586,0
te_0024587,0
te_0024588,0
te_0024589,0
te_0024590,0
te_0024591,0
te_0024592,0
te_0024593,0
te_0024594,0
te_0024595,0
te_0024596,0
te_0024597,0
te_0024598,0
te_0024599,0
te_0024600,0
te_0024601,0
te_0024602,0
te_0024603,0
te_0024604,0
te_0024605,0
te_0024606,0
te_0024607,0
te_0024608,0
te_0024609,0
te_0024610,0
te_0024611,0
te_0024612,0
te_0024613,0
te_0024614,0
te_0024615,0
te_0024616,0
te_0024617,0
te_0024618,0
te_0024619,0
te_0024620,0
te_0024621,0
te_0024622,0
te_0024623,0
te_0024624,0
te_0024625,0
te_0024626,0
te_0024627,0
te_0024628,0
te_0024629,0
te_0024630,0
te_0024631,0
te_0024632,0
te_0024633,0
te_0024634,0
te_0024635,0
te_0024636,0
te_0024637,0
te_0024638,0
te_0024639,0
te_0024640,0
te_0024641,0
te_0024642,0
te_0024643,0
te_0024644,0
te_0024645,0
te_0024646,0
te_0024647,0
te_0024648,0
te_0024649,0
te_0024650,0
te_0024651,0
te_0024652,0
te_0024653,0
te_0024654,0
te_0024655,0
te_0024656,0
te_0024657,0
te_0024658,0
te_0024659,0
te_0024660,0
te_0024661,0
te_0024662,0
te_0024663,0
te_0024664,0
te_0024665,0
te_0024666,0
te_0024667,0
te_0024668,0
te_0024669,0
te_0024670,0
te_0024671,0
te_0024672,0
te_0024673,0
te_0024674,0
te_0024675,0
te_0024676,0
te_0024677,0
te_0024678,0
te_0024679,0
te_0024680,0
te_0024681,0
te_0024682,0
te_0024683,0
te_0024684,0
te_0024685,0
te_0024686,0
te_0024687,0
te_0024688,0
te_0024689,0
te_0024690,0
te_0024691,0
te_0024692,0
te_0024693,0
te_0024694,0
te_0024695,0
te_0024696,0
te_0024697,0
te_0024698,0
te_0024699,0
te_0024700,0
te_0024701,0
te_0024702,0
te_0024703,0
te_0024704,0
te_0024705,0
te_0024706,0
te_0024707,0
te_0024708,0
te_0024709,0
te_0024710,0
te_0024711,0
te_0024712,0
te_0024713,0
te_0024714,0
te_0024715,0
te_0024716,0
te_0024717,0
te_0024718,0
te_0024719,0
te_0024720,0
te_0024721,0
te_0024722,0
te_0024723,0
te_0024724,0
te_0024725,0
te_0024726,0
te_0024727,0
te_0024728,0
te_0024729,0
te_0024730,0
te_0024731,0
te_0024732,0
te_0024733,0
te_0024734,0
te_0024735,0
te_0024736,0
te_0024737,0
te_0024738,0
te_0024739,0
te_0024740,0
te_0024741,0
te_0024742,0
te_0024743,0
te_0024744,0
te_0024745,0
te_0024746,0
te_0024747,0
te_0024748,0
te_0024749,0
te_0024750,0
te_0024751,0
te_0024752,0
te_0024753,0
te_0024754,0
te_0024755,0
te_0024756,0
te_0024757,0
te_0024758,0
te_0024759,0
te_0024760,0
te_0024761,0
te_0024762,0
te_0024763,0
te_0024764,0
te_0024765,0
te_0024766,0
te_0024767,0
te_0024768,0
te_0024769,0
te_0024770,0
te_0024771,0
te_0024772,0
te_0024773,0
te_0024774,0
te_0024775,0
te_0024776,0
te_0024777,0
te_0024778,0
te_0024779,0
te_0024780,0
te_0024781,0
te_0024782,0
te_0024783,0
te_0024784,0
te_0024785,0
te_0024786,0
te_0024787,0
te_0024788,0
te_0024789,0
te_0024790,0
te_0024791,0
te_0024792,0
te_0024793,0
te_0024794,0
te_0024795,0
te_0024796,0
te_0024797,0
te_0024798,0
te_0024799,0
te_0024800,0
te_0024801,0
te_0024802,0
te_0024803,0
te_0024804,0
te_0024805,0
te_0024806,0
te_0024807,0
te_0024808,0
te_0024809,0
te_0024810,0
te_0024811,0
te_0024812,0
te_0024813,0
te_0024814,0
te_0024815,0
te_0024816,0
te_0024817,0
te_0024818,0
te_0024819,0
te_0024820,0
te_0024821,0
te_0024822,0
te_0024823,0
te_0024824,0
te_0024825,0
te_0024826,0
te_0024827,0
te_0024828,0
te_0024829,0
te_0024830,0
te_0024831,0
te_0024832,0
te_0024833,0
te_0024834,0
te_0024835,0
te_0024836,0
te_0024837,0
te_0024838,0
te_0024839,0
te_0024840,0
te_0024841,0
te_0024842,0
te_0024843,0
te_0024844,0
te_0024845,0
te_0024846,0
te_0024847,0
te_0024848,0
te_0024849,0
te_0024850,0
te_0024851,0
te_0024852,0
te_0024853,0
te_0024854,0
te_0024855,0
te_0024856,0
te_0024857,0
te_0024858,0
te_0024859,0
te_0024860,0
te_0024861,0
te_0024862,0
te_0024863,0
te_0024864,0
te_0024865,0
te_0024866,0
te_0024867,0
te_0024868,0
te_0024869,0
te_0024870,0
te_0024871,0
te_0024872,0
te_0024873,0
te_0024874,0
te_0024875,0
te_0024876,0
te_0024877,0
te_0024878,0
te_0024879,0
te_0024880,0
te_0024881,0
te_0024882,0
te_0024883,0
te_0024884,0
te_0024885,0
te_0024886,0
te_0024887,0
te_0024888,0
te_0024889,0
te_0024890,0
te_0024891,0
te_0024892,0
te_0024893,0
te_0024894,0
te_0024895,0
te_0024896,0
te_0024897,0
te_0024898,0
te_0024899,0
te_0024900,0
te_0024901,0
te_0024902,0
te_0024903,0
te_0024904,0
te_0024905,0
te_0024906,0
te_0024907,0
te_0024908,0
te_0024909,0
te_0024910,0
te_0024911,0
te_0024912,0
te_0024913,0
te_0024914,0
te_0024915,0
te_0024916,0
te_0024917,0
te_0024918,0
te_0024919,0
te_0024920,0
te_0024921,0
te_0024922,0
te_0024923,0
te_0024924,0
te_0024925,0
te_0024926,0
te_0024927,0
te_0024928,0
te_0024929,0
te_0024930,0
te_0024931,0
te_0024932,0
te_0024933,0
te_0024934,0
te_0024935,0
te_0024936,0
te_0024937,0
te_0024938,0
te_0024939,0
te_0024940,0
te_0024941,0
te_0024942,0
te_0024943,0
te_0024944,0
te_0024945,0
te_0024946,0
te_0024947,0
te_0024948,0
te_0024949,0
te_0024950,0
te_0024951,0
te_0024952,0
te_0024953,0
te_0024954,0
te_0024955,0
te_0024956,0
te_0024957,0
te_0024958,0
te_0024959,0
te_0024960,0
te_0024961,0
te_0024962,0
te_0024963,0
te_0024964,0
te_0024965,0
te_0024966,0
te_0024967,0
te_0024968,0
te_0024969,0
te_0024970,0
te_0024971,0
te_0024972,0
te_0024973,0
te_0024974,0
te_0024975,0
te_0024976,0
te_0024977,0
te_0024978,0
te_0024979,0
te_0024980,0
te_0024981,0
te_0024982,0
te_0024983,0
te_0024984,0
te_0024985,0
te_0024986,0
te_0024987,0
te_0024988,0
te_0024989,0
te_0024990,0
te_0024991,0
te_0024992,0
te_0024993,0
te_0024994,0
te_0024995,0
te_0024996,0
te_0024997,0
te_0024998,0
te_0024999,0
te_0025000,0
te_0025001,0
te_0025002,0
te_0025003,0
te_0025004,0
te_0025005,0
te_0025006,0
te_0025007,0
te_0025008,0
te_0025009,0
te_0025010,0
te_0025011,0
te_0025012,0
te_0025013,0
te_0025014,0
te_0025015,0
te_0025016,0
te_0025017,0
te_0025018,0
te_0025019,0
te_0025020,0
te_0025021,0
te_0025022,0
te_0025023,0
te_0025024,0
te_0025025,0
te_0025026,0
te_0025027,0
te_0025028,0
te_0025029,0
te_0025030,0
te_0025031,0
te_0025032,0
te_0025033,0
te_0025034,0
te_0025035,0
te_0025036,0
te_0025037,0
te_0025038,0
te_0025039,0
te_0025040,0
te_0025041,0
te_0025042,0
te_0025043,0
te_0025044,0
te_0025045,0
te_0025046,0
te_0025047,0
te_0025048,0
te_0025049,0
te_0025050,0
te_0025051,0
te_0025052,0
te_0025053,0
te_0025054,0
te_0025055,0
te_0025056,0
te_0025057,0
te_0025058,0
te_0025059,0
te_0025060,0
te_0025061,0
te_0025062,0
te_0025063,0
te_0025064,0
te_0025065,0
te_0025066,0
te_0025067,0
te_0025068,0
te_0025069,0
te_0025070,0
te_0025071,0
te_0025072,0
te_0025073,0
te_0025074,0
te_0025075,0
te_0025076,0
te_0025077,0
te_0025078,0
te_0025079,0
te_0025080,0
te_0025081,0
te_0025082,0
te_0025083,0
te_0025084,0
te_0025085,0
te_0025086,0
te_0025087,0
te_0025088,0
te_0025089,0
te_0025090,0
te_0025091,0
te_0025092,0
te_0025093,0
te_0025094,0
te_0025095,0
te_0025096,0
te_0025097,0
te_0025098,0
te_0025099,0
te_0025100,0
te_0025101,0
te_0025102,0
te_0025103,0
te_0025104,0
te_0025105,0
te_0025106,0
te_0025107,0
te_0025108,0
te_0025109,0
te_0025110,0
te_0025111,0
te_0025112,0
te_0025113,0
te_0025114,0
te_0025115,0
te_0025116,0
te_0025117,0
te_0025118,0
te_0025119,0
te_0025120,0
te_0025121,0
te_0025122,0
te_0025123,0
te_0025124,0
te_0025125,0
te_0025126,0
te_0025127,0
te_0025128,0
te_0025129,0
te_0025130,0
te_0025131,0
te_0025132,0
te_0025133,0
te_0025134,0
te_0025135,0
te_0025136,0
te_0025137,0
te_0025138,0
te_0025139,0
te_0025140,0
te_0025141,0
te_0025142,0
te_0025143,0
te_0025144,0
te_0025145,0
te_0025146,0
te_0025147,0
te_0025148,0
te_0025149,0
te_0025150,0
te_0025151,0
te_0025152,0
te_0025153,0
te_0025154,0
te_0025155,0
te_0025156,0
te_0025157,0
te_0025158,0
te_0025159,0
te_0025160,0
te_0025161,0
te_0025162,0
te_0025163,0
te_0025164,0
te_0025165,0
te_0025166,0
te_0025167,0
te_0025168,0
te_0025169,0
te_0025170,0
te_0025171,0
te_0025172,0
te_0025173,0
te_0025174,0
te_0025175,0
te_0025176,0
te_0025177,0
te_0025178,0
te_0025179,0
te_0025180,0
te_0025181,0
te_0025182,0
te_0025183,0
te_0025184,0
te_0025185,0
te_0025186,0
te_0025187,0
te_0025188,0
te_0025189,0
te_0025190,0
te_0025191,0
te_0025192,0
te_0025193,0
te_0025194,0
te_0025195,0
te_0025196,0
te_0025197,0
te_0025198,0
te_0025199,0
te_0025200,0
te_0025201,0
te_0025202,0
te_0025203,0
te_0025204,0
te_0025205,0
te_0025206,0
te_0025207,0
te_0025208,0
te_0025209,0
te_0025210,0
te_0025211,0
te_0025212,0
te_0025213,0
te_0025214,0
te_0025215,0
te_0025216,0
te_0025217,0
te_0025218,0
te_0025219,0
te_0025220,0
te_0025221,0
te_0025222,0
te_0025223,0
te_0025224,0
te_0025225,0
te_0025226,0
te_0025227,0
te_0025228,0
te_0025229,0
te_0025230,0
te_0025231,0
te_0025232,0
te_0025233,0
te_0025234,0
te_0025235,0
te_0025236,0
te_0025237,0
te_0025238,0
te_0025239,0
te_0025240,0
te_0025241,0
te_0025242,0
te_0025243,0
te_0025244,0
te_0025245,0
te_0025246,0
te_0025247,0
te_0025248,0
te_0025249,0
te_0025250,0
te_0025251,0
te_0025252,0
te_0025253,0
te_0025254,0
te_0025255,0
te_0025256,0
te_0025257,0
te_0025258,0
te_0025259,0
te_0025260,0
te_0025261,0
te_0025262,0
te_0025263,0
te_0025264,0
te_0025265,0
te_0025266,0
te_0025267,0
te_0025268,0
te_0025269,0
te_0025270,0
te_0025271,0
te_0025272,0
te_0025273,0
te_0025274,0
te_0025275,0
te_0025276,0
te_0025277,0
te_0025278,0
te_0025279,0
te_0025280,0
te_0025281,0
te_0025282,0
te_0025283,0
te_0025284,0
te_0025285,0
te_0025286,0
te_0025287,0
te_0025288,0
te_0025289,0
te_0025290,0
te_0025291,0
te_0025292,0
te_0025293,0
te_0025294,0
te_0025295,0
te_0025296,0
te_0025297,0
te_0025298,0
te_0025299,0
te_0025300,0
te_0025301,0
te_0025302,0
te_0025303,0
te_0025304,0
te_0025305,0
te_0025306,0
te_0025307,0
te_0025308,0
te_0025309,0
te_0025310,0
te_0025311,0
te_0025312,0
te_0025313,0
te_0025314,0
te_0025315,0
te_0025316,0
te_0025317,0
te_0025318,0
te_0025319,0
te_0025320,0
te_0025321,0
te_0025322,0
te_0025323,0
te_0025324,0
te_0025325,0
te_0025326,0
te_0025327,0
te_0025328,0
te_0025329,0
te_0025330,0
te_0025331,0
te_0025332,0
te_0025333,0
te_0025334,0
te_0025335,0
te_0025336,0
te_0025337,0
te_0025338,0
te_0025339,0
te_0025340,0
te_0025341,0
te_0025342,0
te_0025343,0
te_0025344,0
te_0025345,0
te_0025346,0
te_0025347,0
te_0025348,0
te_0025349,0
te_0025350,0
te_0025351,0
te_0025352,0
te_0025353,0
te_0025354,0
te_0025355,0
te_0025356,0
te_0025357,0
te_0025358,0
te_0025359,0
te_0025360,0
te_0025361,0
te_0025362,0
te_0025363,0
te_0025364,0
te_0025365,0
te_0025366,0
te_0025367,0
te_0025368,0
te_0025369,0
te_0025370,0
te_0025371,0
te_0025372,0
te_0025373,0
te_0025374,0
te_0025375,0
te_0025376,0
te_0025377,0
te_0025378,0
te_0025379,0
te_0025380,0
te_0025381,0
te_0025382,0
te_0025383,0
te_0025384,0
te_0025385,0
te_0025386,0
te_0025387,0
te_0025388,0
te_0025389,0
te_0025390,0
te_0025391,0
te_0025392,0
te_0025393,0
te_0025394,0
te_0025395,0
te_0025396,0
te_0025397,0
te_0025398,0
te_0025399,0
te_0025400,0
te_0025401,0
te_0025402,0
te_0025403,0
te_0025404,0
te_0025405,0
te_0025406,0
te_0025407,0
te_0025408,0
te_0025409,0
te_0025410,0
te_0025411,0
te_0025412,0
te_0025413,0
te_0025414,0
te_0025415,0
te_0025416,0
te_0025417,0
te_0025418,0
te_0025419,0
te_0025420,0
te_0025421,0
te_0025422,0
te_0025423,0
te_0025424,0
te_0025425,0
te_0025426,0
te_0025427,0
te_0025428,0
te_0025429,0
te_0025430,0
te_0025431,0
te_0025432,0
te_0025433,0
te_0025434,0
te_0025435,0
te_0025436,0
te_0025437,0
te_0025438,0
te_0025439,0
te_0025440,0
te_0025441,0
te_0025442,0
te_0025443,0
te_0025444,0
te_0025445,0
te_0025446,0
te_0025447,0
te_0025448,0
te_0025449,0
te_0025450,0
te_0025451,0
te_0025452,0
te_0025453,0
te_0025454,0
te_0025455,0
te_0025456,0
te_0025457,0
te_0025458,0
te_0025459,0
te_0025460,0
te_0025461,0
te_0025462,0
te_0025463,0
te_0025464,0
te_0025465,0
te_0025466,0
te_0025467,0
te_0025468,0
te_0025469,0
te_0025470,0
te_0025471,0
te_0025472,0
te_0025473,0
te_0025474,0
te_0025475,0
te_0025476,0
te_0025477,0
te_0025478,0
te_0025479,0
te_0025480,0
te_0025481,0
te_0025482,0
te_0025483,0
te_0025484,0
te_0025485,0
te_0025486,0
te_0025487,0
te_0025488,0
te_0025489,0
te_0025490,0
te_0025491,0
te_0025492,0
te_0025493,0
te_0025494,0
te_0025495,0
te_0025496,0
te_0025497,0
te_0025498,0
te_0025499,0
te_0025500,0
te_0025501,0
te_0025502,0
te_0025503,0
te_0025504,0
te_0025505,0
te_0025506,0
te_0025507,0
te_0025508,0
te_0025509,0
te_0025510,0
te_0025511,0
te_0025512,0
te_0025513,0
te_0025514,0
te_0025515,0
te_0025516,0
te_0025517,0
te_0025518,0
te_0025519,0
te_0025520,0
te_0025521,0
te_0025522,0
te_0025523,0
te_0025524,0
te_0025525,0
te_0025526,0
te_0025527,0
te_0025528,0
te_0025529,0
te_0025530,0
te_0025531,0
te_0025532,0
te_0025533,0
te_0025534,0
te_0025535,0
te_0025536,0
te_0025537,0
te_0025538,0
te_0025539,0
te_0025540,0
te_0025541,0
te_0025542,0
te_0025543,0
te_0025544,0
te_0025545,0
te_0025546,0
te_0025547,0
te_0025548,0
te_0025549,0
te_0025550,0
te_0025551,0
te_0025552,0
te_0025553,0
te_0025554,0
te_0025555,0
te_0025556,0
te_0025557,0
te_0025558,0
te_0025559,0
te_0025560,0
te_0025561,0
te_0025562,0
te_0025563,0
te_0025564,0
te_0025565,0
te_0025566,0
te_0025567,0
te_0025568,0
te_0025569,0
te_0025570,0
te_0025571,0
te_0025572,0
te_0025573,0
te_0025574,0
te_0025575,0
te_0025576,0
te_0025577,0
te_0025578,0
te_0025579,0
te_0025580,0
te_0025581,0
te_0025582,0
te_0025583,0
te_0025584,0
te_0025585,0
te_0025586,0
te_0025587,0
te_0025588,0
te_0025589,0
te_0025590,0
te_0025591,0
te_0025592,0
te_0025593,0
te_0025594,0
te_0025595,0
te_0025596,0
te_0025597,0
te_0025598,0
te_0025599,0
te_0025600,0
te_0025601,0
te_0025602,0
te_0025603,0
te_0025604,0
te_0025605,0
te_0025606,0
te_0025607,0
te_0025608,0
te_0025609,0
te_0025610,0
te_0025611,0
te_0025612,0
te_0025613,0
te_0025614,0
te_0025615,0
te_0025616,0
te_0025617,0
te_0025618,0
te_0025619,0
te_0025620,0
te_0025621,0
te_0025622,0
te_0025623,0
te_0025624,0
te_0025625,0
te_0025626,0
te_0025627,0
te_0025628,0
te_0025629,0
te_0025630,0
te_0025631,0
te_0025632,0
te_0025633,0
te_0025634,0
te_0025635,0
te_0025636,0
te_0025637,0
te_0025638,0
te_0025639,0
te_0025640,0
te_0025641,0
te_0025642,0
te_0025643,0
te_0025644,0
te_0025645,0
te_0025646,0
te_0025647,0
te_0025648,0
te_0025649,0
te_0025650,0
te_0025651,0
te_0025652,0
te_0025653,0
te_0025654,0
te_0025655,0
te_0025656,0
te_0025657,0
te_0025658,0
te_0025659,0
te_0025660,0
te_0025661,0
te_0025662,0
te_0025663,0
te_0025664,0
te_0025665,0
te_0025666,0
te_0025667,0
te_0025668,0
te_0025669,0
te_0025670,0
te_0025671,0
te_0025672,0
te_0025673,0
te_0025674,0
te_0025675,0
te_0025676,0
te_0025677,0
te_0025678,0
te_0025679,0
te_0025680,0
te_0025681,0
te_0025682,0
te_0025683,0
te_0025684,0
te_0025685,0
te_0025686,0
te_0025687,0
te_0025688,0
te_0025689,0
te_0025690,0
te_0025691,0
te_0025692,0
te_0025693,0
te_0025694,0
te_0025695,0
te_0025696,0
te_0025697,0
te_0025698,0
te_0025699,0
te_0025700,0
te_0025701,0
te_0025702,0
te_0025703,0
te_0025704,0
te_0025705,0
te_0025706,0
te_0025707,0
te_0025708,0
te_0025709,0
te_0025710,0
te_0025711,0
te_0025712,0
te_0025713,0
te_0025714,0
te_0025715,0
te_0025716,0
te_0025717,0
te_0025718,0
te_0025719,0
te_0025720,0
te_0025721,0
te_0025722,0
te_0025723,0
te_0025724,0
te_0025725,0
te_0025726,0
te_0025727,0
te_0025728,0
te_0025729,0
te_0025730,0
te_0025731,0
te_0025732,0
te_0025733,0
te_0025734,0
te_0025735,0
te_0025736,0
te_0025737,0
te_0025738,0
te_0025739,0
te_0025740,0
te_0025741,0
te_0025742,0
te_0025743,0
te_0025744,0
te_0025745,0
te_0025746,0
te_0025747,0
te_0025748,0
te_0025749,0
te_0025750,0
te_0025751,0
te_0025752,0
te_0025753,0
te_0025754,0
te_0025755,0
te_0025756,0
te_0025757,0
te_0025758,0
te_0025759,0
te_0025760,0
te_0025761,0
te_0025762,0
te_0025763,0
te_0025764,0
te_0025765,0
te_0025766,0
te_0025767,0
te_0025768,0
te_0025769,0
te_0025770,0
te_0025771,0
te_0025772,0
te_0025773,0
te_0025774,0
te_0025775,0
te_0025776,0
te_0025777,0
te_0025778,0
te_0025779,0
te_0025780,0
te_0025781,0
te_0025782,0
te_0025783,0
te_0025784,0
te_0025785,0
te_0025786,0
te_0025787,0
te_0025788,0
te_0025789,0
te_0025790,0
te_0025791,0
te_0025792,0
te_0025793,0
te_0025794,0
te_0025795,0
te_0025796,0
te_0025797,0
te_0025798,0
te_0025799,0
te_0025800,0
te_0025801,0
te_0025802,0
te_0025803,0
te_0025804,0
te_0025805,0
te_0025806,0
te_0025807,0
te_0025808,0
te_0025809,0
te_0025810,0
te_0025811,0
te_0025812,0
te_0025813,0
te_0025814,0
te_0025815,0
te_0025816,0
te_0025817,0
te_0025818,0
te_0025819,0
te_0025820,0
te_0025821,0
te_0025822,0
te_0025823,0
te_0025824,0
te_0025825,0
te_0025826,0
te_0025827,0
te_0025828,0
te_0025829,0
te_0025830,0
te_0025831,0
te_0025832,0
te_0025833,0
te_0025834,0
te_0025835,0
te_0025836,0
te_0025837,0
te_0025838,0
te_0025839,0
te_0025840,0
te_0025841,0
te_0025842,0
te_0025843,0
te_0025844,0
te_0025845,0
te_0025846,0
te_0025847,0
te_0025848,0
te_0025849,0
te_0025850,0
te_0025851,0
te_0025852,0
te_0025853,0
te_0025854,0
te_0025855,0
te_0025856,0
te_0025857,0
te_0025858,0
te_0025859,0
te_0025860,0
te_0025861,0
te_0025862,0
te_0025863,0
te_0025864,0
te_0025865,0
te_0025866,0
te_0025867,0
te_0025868,0
te_0025869,0
te_0025870,0
te_0025871,0
te_0025872,0
te_0025873,0
te_0025874,0
te_0025875,0
te_0025876,0
te_0025877,0
te_0025878,0
te_0025879,0
te_0025880,0
te_0025881,0
te_0025882,0
te_0025883,0
te_0025884,0
te_0025885,0
te_0025886,0
te_0025887,0
te_0025888,0
te_0025889,0
te_0025890,0
te_0025891,0
te_0025892,0
te_0025893,0
te_0025894,0
te_0025895,0
te_0025896,0
te_0025897,0
te_0025898,0
te_0025899,0
te_0025900,0
te_0025901,0
te_0025902,0
te_0025903,0
te_0025904,0
te_0025905,0
te_0025906,0
te_0025907,0
te_0025908,0
te_0025909,0
te_0025910,0
te_0025911,0
te_0025912,0
te_0025913,0
te_0025914,0
te_0025915,0
te_0025916,0
te_0025917,0
te_0025918,0
te_0025919,0
te_0025920,0
te_0025921,0
te_0025922,0
te_0025923,0
te_0025924,0
te_0025925,0
te_0025926,0
te_0025927,0
te_0025928,0
te_0025929,0
te_0025930,0
te_0025931,0
te_0025932,0
te_0025933,0
te_0025934,0
te_0025935,0
te_0025936,0
te_0025937,0
te_0025938,0
te_0025939,0
te_0025940,0
te_0025941,0
te_0025942,0
te_0025943,0
te_0025944,0
te_0025945,0
te_0025946,0
te_0025947,0
te_0025948,0
te_0025949,0
te_0025950,0
te_0025951,0
te_0025952,0
te_0025953,0
te_0025954,0
te_0025955,0
te_0025956,0
te_0025957,0
te_0025958,0
te_0025959,0
te_0025960,0
te_0025961,0
te_0025962,0
te_0025963,0
te_0025964,0
te_0025965,0
te_0025966,0
te_0025967,0
te_0025968,0
te_0025969,0
te_0025970,0
te_0025971,0
te_0025972,0
te_0025973,0
te_0025974,0
te_0025975,0
te_0025976,0
te_0025977,0
te_0025978,0
te_0025979,0
te_0025980,0
te_0025981,0
te_0025982,0
te_0025983,0
te_0025984,0
te_0025985,0
te_0025986,0
te_0025987,0
te_0025988,0
te_0025989,0
te_0025990,0
te_0025991,0
te_0025992,0
te_0025993,0
te_0025994,0
te_0025995,0
te_0025996,0
te_0025997,0
te_0025998,0
te_0025999,0
te_0026000,0
te_0026001,0
te_0026002,0
te_0026003,0
te_0026004,0
te_0026005,0
te_0026006,0
te_0026007,0
te_0026008,0
te_0026009,0
te_0026010,0
te_0026011,0
te_0026012,0
te_0026013,0
te_0026014,0
te_0026015,0
te_0026016,0
te_0026017,0
te_0026018,0
te_0026019,0
te_0026020,0
te_0026021,0
te_0026022,0
te_0026023,0
te_0026024,0
te_0026025,0
te_0026026,0
te_0026027,0
te_0026028,0
te_0026029,0
te_0026030,0
te_0026031,0
te_0026032,0
te_0026033,0
te_0026034,0
te_0026035,0
te_0026036,0
te_0026037,0
te_0026038,0
te_0026039,0
te_0026040,0
te_0026041,0
te_0026042,0
te_0026043,0
te_0026044,0
te_0026045,0
te_0026046,0
te_0026047,0
te_0026048,0
te_0026049,0
te_0026050,0
te_0026051,0
te_0026052,0
te_0026053,0
te_0026054,0
te_0026055,0
te_0026056,0
te_0026057,0
te_0026058,0
te_0026059,0
te_0026060,0
te_0026061,0
te_0026062,0
te_0026063,0
te_0026064,0
te_0026065,0
te_0026066,0
te_0026067,0
te_0026068,0
te_0026069,0
te_0026070,0
te_0026071,0
te_0026072,0
te_0026073,0
te_0026074,0
te_0026075,0
te_0026076,0
te_0026077,0
te_0026078,0
te_0026079,0
te_0026080,0
te_0026081,0
te_0026082,0
te_0026083,0
te_0026084,0
te_0026085,0
te_0026086,0
te_0026087,0
te_0026088,0
te_0026089,0
te_0026090,0
te_0026091,0
te_0026092,0
te_0026093,0
te_0026094,0
te_0026095,0
te_0026096,0
te_0026097,0
te_0026098,0
te_0026099,0
te_0026100,0
te_0026101,0
te_0026102,0
te_0026103,0
te_0026104,0
te_0026105,0
te_0026106,0
te_0026107,0
te_0026108,0
te_0026109,0
te_0026110,0
te_0026111,0
te_0026112,0
te_0026113,0
te_0026114,0
te_0026115,0
te_0026116,0
te_0026117,0
te_0026118,0
te_0026119,0
te_0026120,0
te_0026121,0
te_0026122,0
te_0026123,0
te_0026124,0
te_0026125,0
te_0026126,0
te_0026127,0
te_0026128,0
te_0026129,0
te_0026130,0
te_0026131,0
te_0026132,0
te_0026133,0
te_0026134,0
te_0026135,0
te_0026136,0
te_0026137,0
te_0026138,0
te_0026139,0
te_0026140,0
te_0026141,0
te_0026142,0
te_0026143,0
te_0026144,0
te_0026145,0
te_0026146,0
te_0026147,0
te_0026148,0
te_0026149,0
te_0026150,0
te_0026151,0
te_0026152,0
te_0026153,0
te_0026154,0
te_0026155,0
te_0026156,0
te_0026157,0
te_0026158,0
te_0026159,0
te_0026160,0
te_0026161,0
te_0026162,0
te_0026163,0
te_0026164,0
te_0026165,0
te_0026166,0
te_0026167,0
te_0026168,0
te_0026169,0
te_0026170,0
te_0026171,0
te_0026172,0
te_0026173,0
te_0026174,0
te_0026175,0
te_0026176,0
te_0026177,0
te_0026178,0
te_0026179,0
te_0026180,0
te_0026181,0
te_0026182,0
te_0026183,0
te_0026184,0
te_0026185,0
te_0026186,0
te_0026187,0
te_0026188,0
te_0026189,0
te_0026190,0
te_0026191,0
te_0026192,0
te_0026193,0
te_0026194,0
te_0026195,0
te_0026196,0
te_0026197,0
te_0026198,0
te_0026199,0
te_0026200,0
te_0026201,0
te_0026202,0
te_0026203,0
te_0026204,0
te_0026205,0
te_0026206,0
te_0026207,0
te_0026208,0
te_0026209,0
te_0026210,0
te_0026211,0
te_0026212,0
te_0026213,0
te_0026214,0
te_0026215,0
te_0026216,0
te_0026217,0
te_0026218,0
te_0026219,0
te_0026220,0
te_0026221,0
te_0026222,0
te_0026223,0
te_0026224,0
te_0026225,0
te_0026226,0
te_0026227,0
te_0026228,0
te_0026229,0
te_0026230,0
te_0026231,0
te_0026232,0
te_0026233,0
te_0026234,0
te_0026235,0
te_0026236,0
te_0026237,0
te_0026238,0
te_0026239,0
te_0026240,0
te_0026241,0
te_0026242,0
te_0026243,0
te_0026244,0
te_0026245,0
te_0026246,0
te_0026247,0
te_0026248,0
te_0026249,0
te_0026250,0
te_0026251,0
te_0026252,0
te_0026253,0
te_0026254,0
te_0026255,0
te_0026256,0
te_0026257,0
te_0026258,0
te_0026259,0
te_0026260,0
te_0026261,0
te_0026262,0
te_0026263,0
te_0026264,0
te_0026265,0
te_0026266,0
te_0026267,0
te_0026268,0
te_0026269,0
te_0026270,0
te_0026271,0
te_0026272,0
te_0026273,0
te_0026274,0
te_0026275,0
te_0026276,0
te_0026277,0
te_0026278,0
te_0026279,0
te_0026280,0
te_0026281,0
te_0026282,0
te_0026283,0
te_0026284,0
te_0026285,0
te_0026286,0
te_0026287,0
te_0026288,0
te_0026289,0
te_0026290,0
te_0026291,0
te_0026292,0
te_0026293,0
te_0026294,0
te_0026295,0
te_0026296,0
te_0026297,0
te_0026298,0
te_0026299,0
te_0026300,0
te_0026301,0
te_0026302,0
te_0026303,0
te_0026304,0
te_0026305,0
te_0026306,0
te_0026307,0
te_0026308,0
te_0026309,0
te_0026310,0
te_0026311,0
te_0026312,0
te_0026313,0
te_0026314,0
te_0026315,0
te_0026316,0
te_0026317,0
te_0026318,0
te_0026319,0
te_0026320,0
te_0026321,0
te_0026322,0
te_0026323,0
te_0026324,0
te_0026325,0
te_0026326,0
te_0026327,0
te_0026328,0
te_0026329,0
te_0026330,0
te_0026331,0
te_0026332,0
te_0026333,0
te_0026334,0
te_0026335,0
te_0026336,0
te_0026337,0
te_0026338,0
te_0026339,0
te_0026340,0
te_0026341,0
te_0026342,0
te_0026343,0
te_0026344,0
te_0026345,0
te_0026346,0
te_0026347,0
te_0026348,0
te_0026349,0
te_0026350,0
te_0026351,0
te_0026352,0
te_0026353,0
te_0026354,0
te_0026355,0
te_0026356,0
te_0026357,0
te_0026358,0
te_0026359,0
te_0026360,0
te_0026361,0
te_0026362,0
te_0026363,0
te_0026364,0
te_0026365,0
te_0026366,0
te_0026367,0
te_0026368,0
te_0026369,0
te_0026370,0
te_0026371,0
te_0026372,0
te_0026373,0
te_0026374,0
te_0026375,0
te_0026376,0
te_0026377,0
te_0026378,0
te_0026379,0
te_0026380,0
te_0026381,0
te_0026382,0
te_0026383,0
te_0026384,0
te_0026385,0
te_0026386,0
te_0026387,0
te_0026388,0
te_0026389,0
te_0026390,0
te_0026391,0
te_0026392,0
te_0026393,0
te_0026394,0
te_0026395,0
te_0026396,0
te_0026397,0
te_0026398,0
te_0026399,0
te_0026400,0
te_0026401,0
te_0026402,0
te_0026403,0
te_0026404,0
te_0026405,0
te_0026406,0
te_0026407,0
te_0026408,0
te_0026409,0
te_0026410,0
te_0026411,0
te_0026412,0
te_0026413,0
te_0026414,0
te_0026415,0
te_0026416,0
te_0026417,0
te_0026418,0
te_0026419,0
te_0026420,0
te_0026421,0
te_0026422,0
te_0026423,0
te_0026424,0
te_0026425,0
te_0026426,0
te_0026427,0
te_0026428,0
te_0026429,0
te_0026430,0
te_0026431,0
te_0026432,0
te_0026433,0
te_0026434,0
te_0026435,0
te_0026436,0
te_0026437,0
te_0026438,0
te_0026439,0
te_0026440,0
te_0026441,0
te_0026442,0
te_0026443,0
te_0026444,0
te_0026445,0
te_0026446,0
te_0026447,0
te_0026448,0
te_0026449,0
te_0026450,0
te_0026451,0
te_0026452,0
te_0026453,0
te_0026454,0
te_0026455,0
te_0026456,0
te_0026457,0
te_0026458,0
te_0026459,0
te_0026460,0
te_0026461,0
te_0026462,0
te_0026463,0
te_0026464,0
te_0026465,0
te_0026466,0
te_0026467,0
te_0026468,0
te_0026469,0
te_0026470,0
te_0026471,0
te_0026472,0
te_0026473,0
te_0026474,0
te_0026475,0
te_0026476,0
te_0026477,0
te_0026478,0
te_0026479,0
te_0026480,0
te_0026481,0
te_0026482,0
te_0026483,0
te_0026484,0
te_0026485,0
te_0026486,0
te_0026487,0
te_0026488,0
te_0026489,0
te_0026490,0
te_0026491,0
te_0026492,0
te_0026493,0
te_0026494,0
te_0026495,0
te_0026496,0
te_0026497,0
te_0026498,0
te_0026499,0
te_0026500,0
te_0026501,0
te_0026502,0
te_0026503,0
te_0026504,0
te_0026505,0
te_0026506,0
te_0026507,0
te_0026508,0
te_0026509,0
te_0026510,0
te_0026511,0
te_0026512,0
te_0026513,0
te_0026514,0
te_0026515,0
te_0026516,0
te_0026517,0
te_0026518,0
te_0026519,0
te_0026520,0
te_0026521,0
te_0026522,0
te_0026523,0
te_0026524,0
te_0026525,0
te_0026526,0
te_0026527,0
te_0026528,0
te_0026529,0
te_0026530,0
te_0026531,0
te_0026532,0
te_0026533,0
te_0026534,0
te_0026535,0
te_0026536,0
te_0026537,0
te_0026538,0
te_0026539,0
te_0026540,0
te_0026541,0
te_0026542,0
te_0026543,0
te_0026544,0
te_0026545,0
te_0026546,0
te_0026547,0
te_0026548,0
te_0026549,0
te_0026550,0
te_0026551,0
te_0026552,0
te_0026553,0
te_0026554,0
te_0026555,0
te_0026556,0
te_0026557,0
te_0026558,0
te_0026559,0
te_0026560,0
te_0026561,0
te_0026562,0
te_0026563,0
te_0026564,0
te_0026565,0
te_0026566,0
te_0026567,0
te_0026568,0
te_0026569,0
te_0026570,0
te_0026571,0
te_0026572,0
te_0026573,0
te_0026574,0
te_0026575,0
te_0026576,0
te_0026577,0
te_0026578,0
te_0026579,0
te_0026580,0
te_0026581,0
te_0026582,0
te_0026583,0
te_0026584,0
te_0026585,0
te_0026586,0
te_0026587,0
te_0026588,0
te_0026589,0
te_0026590,0
te_0026591,0
te_0026592,0
te_0026593,0
te_0026594,0
te_0026595,0
te_0026596,0
te_0026597,0
te_0026598,0
te_0026599,0
te_0026600,0
te_0026601,0
te_0026602,0
te_0026603,0
te_0026604,0
te_0026605,0
te_0026606,0
te_0026607,0
te_0026608,0
te_0026609,0
te_0026610,0
te_0026611,0
te_0026612,0
te_0026613,0
te_0026614,0
te_0026615,0
te_0026616,0
te_0026617,0
te_0026618,0
te_0026619,0
te_0026620,0
te_0026621,0
te_0026622,0
te_0026623,0
te_0026624,0
te_0026625,0
te_0026626,0
te_0026627,0
te_0026628,0
te_0026629,0
te_0026630,0
te_0026631,0
te_0026632,0
te_0026633,0
te_0026634,0
te_0026635,0
te_0026636,0
te_0026637,0
te_0026638,0
te_0026639,0
te_0026640,0
te_0026641,0
te_0026642,0
te_0026643,0
te_0026644,0
te_0026645,0
te_0026646,0
te_0026647,0
te_0026648,0
te_0026649,0
te_0026650,0
te_0026651,0
te_0026652,0
te_0026653,0
te_0026654,0
te_0026655,0
te_0026656,0
te_0026657,0
te_0026658,0
te_0026659,0
te_0026660,0
te_0026661,0
te_0026662,0
te_0026663,0
te_0026664,0
te_0026665,0
te_0026666,0
te_0026667,0
te_0026668,0
te_0026669,0
te_0026670,0
te_0026671,0
te_0026672,0
te_0026673,0
te_0026674,0
te_0026675,0
te_0026676,0
te_0026677,0
te_0026678,0
te_0026679,0
te_0026680,0
te_0026681,0
te_0026682,0
te_0026683,0
te_0026684,0
te_0026685,0
te_0026686,0
te_0026687,0
te_0026688,0
te_0026689,0
te_0026690,0
te_0026691,0
te_0026692,0
te_0026693,0
te_0026694,0
te_0026695,0
te_0026696,0
te_0026697,0
te_0026698,0
te_0026699,0
te_0026700,0
te_0026701,0
te_0026702,0
te_0026703,0
te_0026704,0
te_0026705,0
te_0026706,0
te_0026707,0
te_0026708,0
te_0026709,0
te_0026710,0
te_0026711,0
te_0026712,0
te_0026713,0
te_0026714,0
te_0026715,0
te_0026716,0
te_0026717,0
te_0026718,0
te_0026719,0
te_0026720,0
te_0026721,0
te_0026722,0
te_0026723,0
te_0026724,0
te_0026725,0
te_0026726,0
te_0026727,0
te_0026728,0
te_0026729,0
te_0026730,0
te_0026731,0
te_0026732,0
te_0026733,0
te_0026734,0
te_0026735,0
te_0026736,0
te_0026737,0
te_0026738,0
te_0026739,0
te_0026740,0
te_0026741,0
te_0026742,0
te_0026743,0
te_0026744,0
te_0026745,0
te_0026746,0
te_0026747,0
te_0026748,0
te_0026749,0
te_0026750,0
te_0026751,0
te_0026752,0
te_0026753,0
te_0026754,0
te_0026755,0
te_0026756,0
te_0026757,0
te_0026758,0
te_0026759,0
te_0026760,0
te_0026761,0
te_0026762,0
te_0026763,0
te_0026764,0
te_0026765,0
te_0026766,0
te_0026767,0
te_0026768,0
te_0026769,0
te_0026770,0
te_0026771,0
te_0026772,0
te_0026773,0
te_0026774,0
te_0026775,0
te_0026776,0
te_0026777,0
te_0026778,0
te_0026779,0
te_0026780,0
te_0026781,0
te_0026782,0
te_0026783,0
te_0026784,0
te_0026785,0
te_0026786,0
te_0026787,0
te_0026788,0
te_0026789,0
te_0026790,0
te_0026791,0
te_0026792,0
te_0026793,0
te_0026794,0
te_0026795,0
te_0026796,0
te_0026797,0
te_0026798,0
te_0026799,0
te_0026800,0
te_0026801,0
te_0026802,0
te_0026803,0
te_0026804,0
te_0026805,0
te_0026806,0
te_0026807,0
te_0026808,0
te_0026809,0
te_0026810,0
te_0026811,0
te_0026812,0
te_0026813,0
te_0026814,0
te_0026815,0
te_0026816,0
te_0026817,0
te_0026818,0
te_0026819,0
te_0026820,0
te_0026821,0
te_0026822,0
te_0026823,0
te_0026824,0
te_0026825,0
te_0026826,0
te_0026827,0
te_0026828,0
te_0026829,0
te_0026830,0
te_0026831,0
te_0026832,0
te_0026833,0
te_0026834,0
te_0026835,0
te_0026836,0
te_0026837,0
te_0026838,0
te_0026839,0
te_0026840,0
te_0026841,0
te_0026842,0
te_0026843,0
te_0026844,0
te_0026845,0
te_0026846,0
te_0026847,0
te_0026848,0
te_0026849,0
te_0026850,0
te_0026851,0
te_0026852,0
te_0026853,0
te_0026854,0
te_0026855,0
te_0026856,0
te_0026857,0
te_0026858,0
te_0026859,0
te_0026860,0
te_0026861,0
te_0026862,0
te_0026863,0
te_0026864,0
te_0026865,0
te_0026866,0
te_0026867,0
te_0026868,0
te_0026869,0
te_0026870,0
te_0026871,0
te_0026872,0
te_0026873,0
te_0026874,0
te_0026875,0
te_0026876,0
te_0026877,0
te_0026878,0
te_0026879,0
te_0026880,0
te_0026881,0
te_0026882,0
te_0026883,0
te_0026884,0
te_0026885,0
te_0026886,0
te_0026887,0
te_0026888,0
te_0026889,0
te_0026890,0
te_0026891,0
te_0026892,0
te_0026893,0
te_0026894,0
te_0026895,0
te_0026896,0
te_0026897,0
te_0026898,0
te_0026899,0
te_0026900,0
te_0026901,0
te_0026902,0
te_0026903,0
te_0026904,0
te_0026905,0
te_0026906,0
te_0026907,0
te_0026908,0
te_0026909,0
te_0026910,0
te_0026911,0
te_0026912,0
te_0026913,0
te_0026914,0
te_0026915,0
te_0026916,0
te_0026917,0
te_0026918,0
te_0026919,0
te_0026920,0
te_0026921,0
te_0026922,0
te_0026923,0
te_0026924,0
te_0026925,0
te_0026926,0
te_0026927,0
te_0026928,0
te_0026929,0
te_0026930,0
te_0026931,0
te_0026932,0
te_0026933,0
te_0026934,0
te_0026935,0
te_0026936,0
te_0026937,0
te_0026938,0
te_0026939,0
te_0026940,0
te_0026941,0
te_0026942,0
te_0026943,0
te_0026944,0
te_0026945,0
te_0026946,0
te_0026947,0
te_0026948,0
te_0026949,0
te_0026950,0
te_0026951,0
te_0026952,0
te_0026953,0
te_0026954,0
te_0026955,0
te_0026956,0
te_0026957,0
te_0026958,0
te_0026959,0
te_0026960,0
te_0026961,0
te_0026962,0
te_0026963,0
te_0026964,0
te_0026965,0
te_0026966,0
te_0026967,0
te_0026968,0
te_0026969,0
te_0026970,0
te_0026971,0
te_0026972,0
te_0026973,0
te_0026974,0
te_0026975,0
te_0026976,0
te_0026977,0
te_0026978,0
te_0026979,0
te_0026980,0
te_0026981,0
te_0026982,0
te_0026983,0
te_0026984,0
te_0026985,0
te_0026986,0
te_0026987,0
te_0026988,0
te_0026989,0
te_0026990,0
te_0026991,0
te_0026992,0
te_0026993,0
te_0026994,0
te_0026995,0
te_0026996,0
te_0026997,0
te_0026998,0
te_0026999,0
te_0027000,0
te_0027001,0
te_0027002,0
te_0027003,0
te_0027004,0
te_0027005,0
te_0027006,0
te_0027007,0
te_0027008,0
te_0027009,0
te_0027010,0
te_0027011,0
te_0027012,0
te_0027013,0
te_0027014,0
te_0027015,0
te_0027016,0
te_0027017,0
te_0027018,0
te_0027019,0
te_0027020,0
te_0027021,0
te_0027022,0
te_0027023,0
te_0027024,0
te_0027025,0
te_0027026,0
te_0027027,0
te_0027028,0
te_0027029,0
te_0027030,0
te_0027031,0
te_0027032,0
te_0027033,0
te_0027034,0
te_0027035,0
te_0027036,0
te_0027037,0
te_0027038,0
te_0027039,0
te_0027040,0
te_0027041,0
te_0027042,0
te_0027043,0
te_0027044,0
te_0027045,0
te_0027046,0
te_0027047,0
te_0027048,0
te_0027049,0
te_0027050,0
te_0027051,0
te_0027052,0
te_0027053,0
te_0027054,0
te_0027055,0
te_0027056,0
te_0027057,0
te_0027058,0
te_0027059,0
te_0027060,0
te_0027061,0
te_0027062,0
te_0027063,0
te_0027064,0
te_0027065,0
te_0027066,0
te_0027067,0
te_0027068,0
te_0027069,0
te_0027070,0
te_0027071,0
te_0027072,0
te_0027073,0
te_0027074,0
te_0027075,0
te_0027076,0
te_0027077,0
te_0027078,0
te_0027079,0
te_0027080,0
te_0027081,0
te_0027082,0
te_0027083,0
te_0027084,0
te_0027085,0
te_0027086,0
te_0027087,0
te_0027088,0
te_0027089,0
te_0027090,0
te_0027091,0
te_0027092,0
te_0027093,0
te_0027094,0
te_0027095,0
te_0027096,0
te_0027097,0
te_0027098,0
te_0027099,0
te_0027100,0
te_0027101,0
te_0027102,0
te_0027103,0
te_0027104,0
te_0027105,0
te_0027106,0
te_0027107,0
te_0027108,0
te_0027109,0
te_0027110,0
te_0027111,0
te_0027112,0
te_0027113,0
te_0027114,0
te_0027115,0
te_0027116,0
te_0027117,0
te_0027118,0
te_0027119,0
te_0027120,0
te_0027121,0
te_0027122,0
te_0027123,0
te_0027124,0
te_0027125,0
te_0027126,0
te_0027127,0
te_0027128,0
te_0027129,0
te_0027130,0
te_0027131,0
te_0027132,0
te_0027133,0
te_0027134,0
te_0027135,0
te_0027136,0
te_0027137,0
te_0027138,0
te_0027139,0
te_0027140,0
te_0027141,0
te_0027142,0
te_0027143,0
te_0027144,0
te_0027145,0
te_0027146,0
te_0027147,0
te_0027148,0
te_0027149,0
te_0027150,0
te_0027151,0
te_0027152,0
te_0027153,0
te_0027154,0
te_0027155,0
te_0027156,0
te_0027157,0
te_0027158,0
te_0027159,0
te_0027160,0
te_0027161,0
te_0027162,0
te_0027163,0
te_0027164,0
te_0027165,0
te_0027166,0
te_0027167,0
te_0027168,0
te_0027169,0
te_0027170,0
te_0027171,0
te_0027172,0
te_0027173,0
te_0027174,0
te_0027175,0
te_0027176,0
te_0027177,0
te_0027178,0
te_0027179,0
te_0027180,0
te_0027181,0
te_0027182,0
te_0027183,0
te_0027184,0
te_0027185,0
te_0027186,0
te_0027187,0
te_0027188,0
te_0027189,0
te_0027190,0
te_0027191,0
te_0027192,0
te_0027193,0
te_0027194,0
te_0027195,0
te_0027196,0
te_0027197,0
te_0027198,0
te_0027199,0
te_0027200,0
te_0027201,0
te_0027202,0
te_0027203,0
te_0027204,0
te_0027205,0
te_0027206,0
te_0027207,0
te_0027208,0
te_0027209,0
te_0027210,0
te_0027211,0
te_0027212,0
te_0027213,0
te_0027214,0
te_0027215,0
te_0027216,0
te_0027217,0
te_0027218,0
te_0027219,0
te_0027220,0
te_0027221,0
te_0027222,0
te_0027223,0
te_0027224,0
te_0027225,0
te_0027226,0
te_0027227,0
te_0027228,0
te_0027229,0
te_0027230,0
te_0027231,0
te_0027232,0
te_0027233,0
te_0027234,0
te_0027235,0
te_0027236,0
te_0027237,0
te_0027238,0
te_0027239,0
te_0027240,0
te_0027241,0
te_0027242,0
te_0027243,0
te_0027244,0
te_0027245,0
te_0027246,0
te_0027247,0
te_0027248,0
te_0027249,0
te_0027250,0
te_0027251,0
te_0027252,0
te_0027253,0
te_0027254,0
te_0027255,0
te_0027256,0
te_0027257,0
te_0027258,0
te_0027259,0
te_0027260,0
te_0027261,0
te_0027262,0
te_0027263,0
te_0027264,0
te_0027265,0
te_0027266,0
te_0027267,0
te_0027268,0
te_0027269,0
te_0027270,0
te_0027271,0
te_0027272,0
te_0027273,0
te_0027274,0
te_0027275,0
te_0027276,0
te_0027277,0
te_0027278,0
te_0027279,0
te_0027280,0
te_0027281,0
te_0027282,0
te_0027283,0
te_0027284,0
te_0027285,0
te_0027286,0
te_0027287,0
te_0027288,0
te_0027289,0
te_0027290,0
te_0027291,0
te_0027292,0
te_0027293,0
te_0027294,0
te_0027295,0
te_0027296,0
te_0027297,0
te_0027298,0
te_0027299,0
te_0027300,0
te_0027301,0
te_0027302,0
te_0027303,0
te_0027304,0
te_0027305,0
te_0027306,0
te_0027307,0
te_0027308,0
te_0027309,0
te_0027310,0
te_0027311,0
te_0027312,0
te_0027313,0
te_0027314,0
te_0027315,0
te_0027316,0
te_0027317,0
te_0027318,0
te_0027319,0
te_0027320,0
te_0027321,0
te_0027322,0
te_0027323,0
te_0027324,0
te_0027325,0
te_0027326,0
te_0027327,0
te_0027328,0
te_0027329,0
te_0027330,0
te_0027331,0
te_0027332,0
te_0027333,0
te_0027334,0
te_0027335,0
te_0027336,0
te_0027337,0
te_0027338,0
te_0027339,0
te_0027340,0
te_0027341,0
te_0027342,0
te_0027343,0
te_0027344,0
te_0027345,0
te_0027346,0
te_0027347,0
te_0027348,0
te_0027349,0
te_0027350,0
te_0027351,0
te_0027352,0
te_0027353,0
te_0027354,0
te_0027355,0
te_0027356,0
te_0027357,0
te_0027358,0
te_0027359,0
te_0027360,0
te_0027361,0
te_0027362,0
te_0027363,0
te_0027364,0
te_0027365,0
te_0027366,0
te_0027367,0
te_0027368,0
te_0027369,0
te_0027370,0
te_0027371,0
te_0027372,0
te_0027373,0
te_0027374,0
te_0027375,0
te_0027376,0
te_0027377,0
te_0027378,0
te_0027379,0
te_0027380,0
te_0027381,0
te_0027382,0
te_0027383,0
te_0027384,0
te_0027385,0
te_0027386,0
te_0027387,0
te_0027388,0
te_0027389,0
te_0027390,0
te_0027391,0
te_0027392,0
te_0027393,0
te_0027394,0
te_0027395,0
te_0027396,0
te_0027397,0
te_0027398,0
te_0027399,0
te_0027400,0
te_0027401,0
te_0027402,0
te_0027403,0
te_0027404,0
te_0027405,0
te_0027406,0
te_0027407,0
te_0027408,0
te_0027409,0
te_0027410,0
te_0027411,0
te_0027412,0
te_0027413,0
te_0027414,0
te_0027415,0
te_0027416,0
te_0027417,0
te_0027418,0
te_0027419,0
te_0027420,0
te_0027421,0
te_0027422,0
te_0027423,0
te_0027424,0
te_0027425,0
te_0027426,0
te_0027427,0
te_0027428,0
te_0027429,0
te_0027430,0
te_0027431,0
te_0027432,0
te_0027433,0
te_0027434,0
te_0027435,0
te_0027436,0
te_0027437,0
te_0027438,0
te_0027439,0
te_0027440,0
te_0027441,0
te_0027442,0
te_0027443,0
te_0027444,0
te_0027445,0
te_0027446,0
te_0027447,0
te_0027448,0
te_0027449,0
te_0027450,0
te_0027451,0
te_0027452,0
te_0027453,0
te_0027454,0
te_0027455,0
te_0027456,0
te_0027457,0
te_0027458,0
te_0027459,0
te_0027460,0
te_0027461,0
te_0027462,0
te_0027463,0
te_0027464,0
te_0027465,0
te_0027466,0
te_0027467,0
te_0027468,0
te_0027469,0
te_0027470,0
te_0027471,0
te_0027472,0
te_0027473,0
te_0027474,0
te_0027475,0
te_0027476,0
te_0027477,0
te_0027478,0
te_0027479,0
te_0027480,0
te_0027481,0
te_0027482,0
te_0027483,0
te_0027484,0
te_0027485,0
te_0027486,0
te_0027487,0
te_0027488,0
te_0027489,0
te_0027490,0
te_0027491,0
te_0027492,0
te_0027493,0
te_0027494,0
te_0027495,0
te_0027496,0
te_0027497,0
te_0027498,0
te_0027499,0
te_0027500,0
te_0027501,0
te_0027502,0
te_0027503,0
te_0027504,0
te_0027505,0
te_0027506,0
te_0027507,0
te_0027508,0
te_0027509,0
te_0027510,0
te_0027511,0
te_0027512,0
te_0027513,0
te_0027514,0
te_0027515,0
te_0027516,0
te_0027517,0
te_0027518,0
te_0027519,0
te_0027520,0
te_0027521,0
te_0027522,0
te_0027523,0
te_0027524,0
te_0027525,0
te_0027526,0
te_0027527,0
te_0027528,0
te_0027529,0
te_0027530,0
te_0027531,0
te_0027532,0
te_0027533,0
te_0027534,0
te_0027535,0
te_0027536,0
te_0027537,0
te_0027538,0
te_0027539,0
te_0027540,0
te_0027541,0
te_0027542,0
te_0027543,0
te_0027544,0
te_0027545,0
te_0027546,0
te_0027547,0
te_0027548,0
te_0027549,0
te_0027550,0
te_0027551,0
te_0027552,0
te_0027553,0
te_0027554,0
te_0027555,0
te_0027556,0
te_0027557,0
te_0027558,0
te_0027559,0
te_0027560,0
te_0027561,0
te_0027562,0
te_0027563,0
te_0027564,0
te_0027565,0
te_0027566,0
te_0027567,0
te_0027568,0
te_0027569,0
te_0027570,0
te_0027571,0
te_0027572,0
te_0027573,0
te_0027574,0
te_0027575,0
te_0027576,0
te_0027577,0
te_0027578,0
te_0027579,0
te_0027580,0
te_0027581,0
te_0027582,0
te_0027583,0
te_0027584,0
te_0027585,0
te_0027586,0
te_0027587,0
te_0027588,0
te_0027589,0
te_0027590,0
te_0027591,0
te_0027592,0
te_0027593,0
te_0027594,0
te_0027595,0
te_0027596,0
te_0027597,0
te_0027598,0
te_0027599,0
te_0027600,0
te_0027601,0
te_0027602,0
te_0027603,0
te_0027604,0
te_0027605,0
te_0027606,0
te_0027607,0
te_0027608,0
te_0027609,0
te_0027610,0
te_0027611,0
te_0027612,0
te_0027613,0
te_0027614,0
te_0027615,0
te_0027616,0
te_0027617,0
te_0027618,0
te_0027619,0
te_0027620,0
te_0027621,0
te_0027622,0
te_0027623,0
te_0027624,0
te_0027625,0
te_0027626,0
te_0027627,0
te_0027628,0
te_0027629,0
te_0027630,0
te_0027631,0
te_0027632,0
te_0027633,0
te_0027634,0
te_0027635,0
te_0027636,0
te_0027637,0
te_0027638,0
te_0027639,0
te_0027640,0
te_0027641,0
te_0027642,0
te_0027643,0
te_0027644,0
te_0027645,0
te_0027646,0
te_0027647,0
te_0027648,0
te_0027649,0
te_0027650,0
te_0027651,0
te_0027652,0
te_0027653,0
te_0027654,0
te_0027655,0
te_0027656,0
te_0027657,0
te_0027658,0
te_0027659,0
te_0027660,0
te_0027661,0
te_0027662,0
te_0027663,0
te_0027664,0
te_0027665,0
te_0027666,0
te_0027667,0
te_0027668,0
te_0027669,0
te_0027670,0
te_0027671,0
te_0027672,0
te_0027673,0
te_0027674,0
te_0027675,0
te_0027676,0
te_0027677,0
te_0027678,0
te_0027679,0
te_0027680,0
te_0027681,0
te_0027682,0
te_0027683,0
te_0027684,0
te_0027685,0
te_0027686,0
te_0027687,0
te_0027688,0
te_0027689,0
te_0027690,0
te_0027691,0
te_0027692,0
te_0027693,0
te_0027694,0
te_0027695,0
te_0027696,0
te_0027697,0
te_0027698,0
te_0027699,0
te_0027700,0
te_0027701,0
te_0027702,0
te_0027703,0
te_0027704,0
te_0027705,0
te_0027706,0
te_0027707,0
te_0027708,0
te_0027709,0
te_0027710,0
te_0027711,0
te_0027712,0
te_0027713,0
te_0027714,0
te_0027715,0
te_0027716,0
te_0027717,0
te_0027718,0
te_0027719,0
te_0027720,0
te_0027721,0
te_0027722,0
te_0027723,0
te_0027724,0
te_0027725,0
te_0027726,0
te_0027727,0
te_0027728,0
te_0027729,0
te_0027730,0
te_0027731,0
te_0027732,0
te_0027733,0
te_0027734,0
te_0027735,0
te_0027736,0
te_0027737,0
te_0027738,0
te_0027739,0
te_0027740,0
te_0027741,0
te_0027742,0
te_0027743,0
te_0027744,0
te_0027745,0
te_0027746,0
te_0027747,0
te_0027748,0
te_0027749,0
te_0027750,0
te_0027751,0
te_0027752,0
te_0027753,0
te_0027754,0
te_0027755,0
te_0027756,0
te_0027757,0
te_0027758,0
te_0027759,0
te_0027760,0
te_0027761,0
te_0027762,0
te_0027763,0
te_0027764,0
te_0027765,0
te_0027766,0
te_0027767,0
te_0027768,0
te_0027769,0
te_0027770,0
te_0027771,0
te_0027772,0
te_0027773,0
te_0027774,0
te_0027775,0
te_0027776,0
te_0027777,0
te_0027778,0
te_0027779,0
te_0027780,0
te_0027781,0
te_0027782,0
te_0027783,0
te_0027784,0
te_0027785,0
te_0027786,0
te_0027787,0
te_0027788,0
te_0027789,0
te_0027790,0
te_0027791,0
te_0027792,0
te_0027793,0
te_0027794,0
te_0027795,0
te_0027796,0
te_0027797,0
te_0027798,0
te_0027799,0
te_0027800,0
te_0027801,0
te_0027802,0
te_0027803,0
te_0027804,0
te_0027805,0
te_0027806,0
te_0027807,0
te_0027808,0
te_0027809,0
te_0027810,0
te_0027811,0
te_0027812,0
te_0027813,0
te_0027814,0
te_0027815,0
te_0027816,0
te_0027817,0
te_0027818,0
te_0027819,0
te_0027820,0
te_0027821,0
te_0027822,0
te_0027823,0
te_0027824,0
te_0027825,0
te_0027826,0
te_0027827,0
te_0027828,0
te_0027829,0
te_0027830,0
te_0027831,0
te_0027832,0
te_0027833,0
te_0027834,0
te_0027835,0
te_0027836,0
te_0027837,0
te_0027838,0
te_0027839,0
te_0027840,0
te_0027841,0
te_0027842,0
te_0027843,0
te_0027844,0
te_0027845,0
te_0027846,0
te_0027847,0
te_0027848,0
te_0027849,0
te_0027850,0
te_0027851,0
te_0027852,0
te_0027853,0
te_0027854,0
te_0027855,0
te_0027856,0
te_0027857,0
te_0027858,0
te_0027859,0
te_0027860,0
te_0027861,0
te_0027862,0
te_0027863,0
te_0027864,0
te_0027865,0
te_0027866,0
te_0027867,0
te_0027868,0
te_0027869,0
te_0027870,0
te_0027871,0
te_0027872,0
te_0027873,0
te_0027874,0
te_0027875,0
te_0027876,0
te_0027877,0
te_0027878,0
te_0027879,0
te_0027880,0
te_0027881,0
te_0027882,0
te_0027883,0
te_0027884,0
te_0027885,0
te_0027886,0
te_0027887,0
te_0027888,0
te_0027889,0
te_0027890,0
te_0027891,0
te_0027892,0
te_0027893,0
te_0027894,0
te_0027895,0
te_0027896,0
te_0027897,0
te_0027898,0
te_0027899,0
te_0027900,0
te_0027901,0
te_0027902,0
te_0027903,0
te_0027904,0
te_0027905,0
te_0027906,0
te_0027907,0
te_0027908,0
te_0027909,0
te_0027910,0
te_0027911,0
te_0027912,0
te_0027913,0
te_0027914,0
te_0027915,0
te_0027916,0
te_0027917,0
te_0027918,0
te_0027919,0
te_0027920,0
te_0027921,0
te_0027922,0
te_0027923,0
te_0027924,0
te_0027925,0
te_0027926,0
te_0027927,0
te_0027928,0
te_0027929,0
te_0027930,0
te_0027931,0
te_0027932,0
te_0027933,0
te_0027934,0
te_0027935,0
te_0027936,0
te_0027937,0
te_0027938,0
te_0027939,0
te_0027940,0
te_0027941,0
te_0027942,0
te_0027943,0
te_0027944,0
te_0027945,0
te_0027946,0
te_0027947,0
te_0027948,0
te_0027949,0
te_0027950,0
te_0027951,0
te_0027952,0
te_0027953,0
te_0027954,0
te_0027955,0
te_0027956,0
te_0027957,0
te_0027958,0
te_0027959,0
te_0027960,0
te_0027961,0
te_0027962,0
te_0027963,0
te_0027964,0
te_0027965,0
te_0027966,0
te_0027967,0
te_0027968,0
te_0027969,0
te_0027970,0
te_0027971,0
te_0027972,0
te_0027973,0
te_0027974,0
te_0027975,0
te_0027976,0
te_0027977,0
te_0027978,0
te_0027979,0
te_0027980,0
te_0027981,0
te_0027982,0
te_0027983,0
te_0027984,0
te_0027985,0
te_0027986,0
te_0027987,0
te_0027988,0
te_0027989,0
te_0027990,0
te_0027991,0
te_0027992,0
te_0027993,0
te_0027994,0
te_0027995,0
te_0027996,0
te_0027997,0
te_0027998,0
te_0027999,0
te_0028000,0
te_0028001,0
te_0028002,0
te_0028003,0
te_0028004,0
te_0028005,0
te_0028006,0
te_0028007,0
te_0028008,0
te_0028009,0
te_0028010,0
te_0028011,0
te_0028012,0
te_0028013,0
te_0028014,0
te_0028015,0
te_0028016,0
te_0028017,0
te_0028018,0
te_0028019,0
te_0028020,0
te_0028021,0
te_0028022,0
te_0028023,0
te_0028024,0
te_0028025,0
te_0028026,0
te_0028027,0
te_0028028,0
te_0028029,0
te_0028030,0
te_0028031,0
te_0028032,0
te_0028033,0
te_0028034,0
te_0028035,0
te_0028036,0
te_0028037,0
te_0028038,0
te_0028039,0
te_0028040,0
te_0028041,0
te_0028042,0
te_0028043,0
te_0028044,0
te_0028045,0
te_0028046,0
te_0028047,0
te_0028048,0
te_0028049,0
te_0028050,0
te_0028051,0
te_0028052,0
te_0028053,0
te_0028054,0
te_0028055,0
te_0028056,0
te_0028057,0
te_0028058,0
te_0028059,0
te_0028060,0
te_0028061,0
te_0028062,0
te_0028063,0
te_0028064,0
te_0028065,0
te_0028066,0
te_0028067,0
te_0028068,0
te_0028069,0
te_0028070,0
te_0028071,0
te_0028072,0
te_0028073,0
te_0028074,0
te_0028075,0
te_0028076,0
te_0028077,0
te_0028078,0
te_0028079,0
te_0028080,0
te_0028081,0
te_0028082,0
te_0028083,0
te_0028084,0
te_0028085,0
te_0028086,0
te_0028087,0
te_0028088,0
te_0028089,0
te_0028090,0
te_0028091,0
te_0028092,0
te_0028093,0
te_0028094,0
te_0028095,0
te_0028096,0
te_0028097,0
te_0028098,0
te_0028099,0
te_0028100,0
te_0028101,0
te_0028102,0
te_0028103,0
te_0028104,0
te_0028105,0
te_0028106,0
te_0028107,0
te_0028108,0
te_0028109,0
te_0028110,0
te_0028111,0
te_0028112,0
te_0028113,0
te_0028114,0
te_0028115,0
te_0028116,0
te_0028117,0
te_0028118,0
te_0028119,0
te_0028120,0
te_0028121,0
te_0028122,0
te_0028123,0
te_0028124,0
te_0028125,0
te_0028126,0
te_0028127,0
te_0028128,0
te_0028129,0
te_0028130,0
te_0028131,0
te_0028132,0
te_0028133,0
te_0028134,0
te_0028135,0
te_0028136,0
te_0028137,0
te_0028138,0
te_0028139,0
te_0028140,0
te_0028141,0
te_0028142,0
te_0028143,0
te_0028144,0
te_0028145,0
te_0028146,0
te_0028147,0
te_0028148,0
te_0028149,0
te_0028150,0
te_0028151,0
te_0028152,0
te_0028153,0
te_0028154,0
te_0028155,0
te_0028156,0
te_0028157,0
te_0028158,0
te_0028159,0
te_0028160,0
te_0028161,0
te_0028162,0
te_0028163,0
te_0028164,0
te_0028165,0
te_0028166,0
te_0028167,0
te_0028168,0
te_0028169,0
te_0028170,0
te_0028171,0
te_0028172,0
te_0028173,0
te_0028174,0
te_0028175,0
te_0028176,0
te_0028177,0
te_0028178,0
te_0028179,0
te_0028180,0
te_0028181,0
te_0028182,0
te_0028183,0
te_0028184,0
te_0028185,0
te_0028186,0
te_0028187,0
te_0028188,0
te_0028189,0
te_0028190,0
te_0028191,0
te_0028192,0
te_0028193,0
te_0028194,0
te_0028195,0
te_0028196,0
te_0028197,0
te_0028198,0
te_0028199,0
te_0028200,0
te_0028201,0
te_0028202,0
te_0028203,0
te_0028204,0
te_0028205,0
te_0028206,0
te_0028207,0
te_0028208,0
te_0028209,0
te_0028210,0
te_0028211,0
te_0028212,0
te_0028213,0
te_0028214,0
te_0028215,0
te_0028216,0
te_0028217,0
te_0028218,0
te_0028219,0
te_0028220,0
te_0028221,0
te_0028222,0
te_0028223,0
te_0028224,0
te_0028225,0
te_0028226,0
te_0028227,0
te_0028228,0
te_0028229,0
te_0028230,0
te_0028231,0
te_0028232,0
te_0028233,0
te_0028234,0
te_0028235,0
te_0028236,0
te_0028237,0
te_0028238,0
te_0028239,0
te_0028240,0
te_0028241,0
te_0028242,0
te_0028243,0
te_0028244,0
te_0028245,0
te_0028246,0
te_0028247,0
te_0028248,0
te_0028249,0
te_0028250,0
te_0028251,0
te_0028252,0
te_0028253,0
te_0028254,0
te_0028255,0
te_0028256,0
te_0028257,0
te_0028258,0
te_0028259,0
te_0028260,0
te_0028261,0
te_0028262,0
te_0028263,0
te_0028264,0
te_0028265,0
te_0028266,0
te_0028267,0
te_0028268,0
te_0028269,0
te_0028270,0
te_0028271,0
te_0028272,0
te_0028273,0
te_0028274,0
te_0028275,0
te_0028276,0
te_0028277,0
te_0028278,0
te_0028279,0
te_0028280,0
te_0028281,0
te_0028282,0
te_0028283,0
te_0028284,0
te_0028285,0
te_0028286,0
te_0028287,0
te_0028288,0
te_0028289,0
te_0028290,0
te_0028291,0
te_0028292,0
te_0028293,0
te_0028294,0
te_0028295,0
te_0028296,0
te_0028297,0
te_0028298,0
te_0028299,0
te_0028300,0
te_0028301,0
te_0028302,0
te_0028303,0
te_0028304,0
te_0028305,0
te_0028306,0
te_0028307,0
te_0028308,0
te_0028309,0
te_0028310,0
te_0028311,0
te_0028312,0
te_0028313,0
te_0028314,0
te_0028315,0
te_0028316,0
te_0028317,0
te_0028318,0
te_0028319,0
te_0028320,0
te_0028321,0
te_0028322,0
te_0028323,0
te_0028324,0
te_0028325,0
te_0028326,0
te_0028327,0
te_0028328,0
te_0028329,0
te_0028330,0
te_0028331,0
te_0028332,0
te_0028333,0
te_0028334,0
te_0028335,0
te_0028336,0
te_0028337,0
te_0028338,0
te_0028339,0
te_0028340,0
te_0028341,0
te_0028342,0
te_0028343,0
te_0028344,0
te_0028345,0
te_0028346,0
te_0028347,0
te_0028348,0
te_0028349,0
te_0028350,0
te_0028351,0
te_0028352,0
te_0028353,0
te_0028354,0
te_0028355,0
te_0028356,0
te_0028357,0
te_0028358,0
te_0028359,0
te_0028360,0
te_0028361,0
te_0028362,0
te_0028363,0
te_0028364,0
te_0028365,0
te_0028366,0
te_0028367,0
te_0028368,0
te_0028369,0
te_0028370,0
te_0028371,0
te_0028372,0
te_0028373,0
te_0028374,0
te_0028375,0
te_0028376,0
te_0028377,0
te_0028378,0
te_0028379,0
te_0028380,0
te_0028381,0
te_0028382,0
te_0028383,0
te_0028384,0
te_0028385,0
te_0028386,0
te_0028387,0
te_0028388,0
te_0028389,0
te_0028390,0
te_0028391,0
te_0028392,0
te_0028393,0
te_0028394,0
te_0028395,0
te_0028396,0
te_0028397,0
te_0028398,0
te_0028399,0
te_0028400,0
te_0028401,0
te_0028402,0
te_0028403,0
te_0028404,0
te_0028405,0
te_0028406,0
te_0028407,0
te_0028408,0
te_0028409,0
te_0028410,0
te_0028411,0
te_0028412,0
te_0028413,0
te_0028414,0
te_0028415,0
te_0028416,0
te_0028417,0
te_0028418,0
te_0028419,0
te_0028420,0
te_0028421,0
te_0028422,0
te_0028423,0
te_0028424,0
te_0028425,0
te_0028426,0
te_0028427,0
te_0028428,0
te_0028429,0
te_0028430,0
te_0028431,0
te_0028432,0
te_0028433,0
te_0028434,0
te_0028435,0
te_0028436,0
te_0028437,0
te_0028438,0
te_0028439,0
te_0028440,0
te_0028441,0
te_0028442,0
te_0028443,0
te_0028444,0
te_0028445,0
te_0028446,0
te_0028447,0
te_0028448,0
te_0028449,0
te_0028450,0
te_0028451,0
te_0028452,0
te_0028453,0
te_0028454,0
te_0028455,0
te_0028456,0
te_0028457,0
te_0028458,0
te_0028459,0
te_0028460,0
te_0028461,0
te_0028462,0
te_0028463,0
te_0028464,0
te_0028465,0
te_0028466,0
te_0028467,0
te_0028468,0
te_0028469,0
te_0028470,0
te_0028471,0
te_0028472,0
te_0028473,0
te_0028474,0
te_0028475,0
te_0028476,0
te_0028477,0
te_0028478,0
te_0028479,0
te_0028480,0
te_0028481,0
te_0028482,0
te_0028483,0
te_0028484,0
te_0028485,0
te_0028486,0
te_0028487,0
te_0028488,0
te_0028489,0
te_0028490,0
te_0028491,0
te_0028492,0
te_0028493,0
te_0028494,0
te_0028495,0
te_0028496,0
te_0028497,0
te_0028498,0
te_0028499,0
te_0028500,0
te_0028501,0
te_0028502,0
te_0028503,0
te_0028504,0
te_0028505,0
te_0028506,0
te_0028507,0
te_0028508,0
te_0028509,0
te_0028510,0
te_0028511,0
te_0028512,0
te_0028513,0
te_0028514,0
te_0028515,0
te_0028516,0
te_0028517,0
te_0028518,0
te_0028519,0
te_0028520,0
te_0028521,0
te_0028522,0
te_0028523,0
te_0028524,0
te_0028525,0
te_0028526,0
te_0028527,0
te_0028528,0
te_0028529,0
te_0028530,0
te_0028531,0
te_0028532,0
te_0028533,0
te_0028534,0
te_0028535,0
te_0028536,0
te_0028537,0
te_0028538,0
te_0028539,0
te_0028540,0
te_0028541,0
te_0028542,0
te_0028543,0
te_0028544,0
te_0028545,0
te_0028546,0
te_0028547,0
te_0028548,0
te_0028549,0
te_0028550,0
te_0028551,0
te_0028552,0
te_0028553,0
te_0028554,0
te_0028555,0
te_0028556,0
te_0028557,0
te_0028558,0
te_0028559,0
te_0028560,0
te_0028561,0
te_0028562,0
te_0028563,0
te_0028564,0
te_0028565,0
te_0028566,0
te_0028567,0
te_0028568,0
te_0028569,0
te_0028570,0
te_0028571,0
te_0028572,0
te_0028573,0
te_0028574,0
te_0028575,0
te_0028576,0
te_0028577,0
te_0028578,0
te_0028579,0
te_0028580,0
te_0028581,0
te_0028582,0
te_0028583,0
te_0028584,0
te_0028585,0
te_0028586,0
te_0028587,0
te_0028588,0
te_0028589,0
te_0028590,0
te_0028591,0
te_0028592,0
te_0028593,0
te_0028594,0
te_0028595,0
te_0028596,0
te_0028597,0
te_0028598,0
te_0028599,0
te_0028600,0
te_0028601,0
te_0028602,0
te_0028603,0
te_0028604,0
te_0028605,0
te_0028606,0
te_0028607,0
te_0028608,0
te_0028609,0
te_0028610,0
te_0028611,0
te_0028612,0
te_0028613,0
te_0028614,0
te_0028615,0
te_0028616,0
te_0028617,0
te_0028618,0
te_0028619,0
te_0028620,0
te_0028621,0
te_0028622,0
te_0028623,0
te_0028624,0
te_0028625,0
te_0028626,0
te_0028627,0
te_0028628,0
te_0028629,0
te_0028630,0
te_0028631,0
te_0028632,0
te_0028633,0
te_0028634,0
te_0028635,0
te_0028636,0
te_0028637,0
te_0028638,0
te_0028639,0
te_0028640,0
te_0028641,0
te_0028642,0
te_0028643,0
te_0028644,0
te_0028645,0
te_0028646,0
te_0028647,0
te_0028648,0
te_0028649,0
te_0028650,0
te_0028651,0
te_0028652,0
te_0028653,0
te_0028654,0
te_0028655,0
te_0028656,0
te_0028657,0
te_0028658,0
te_0028659,0
te_0028660,0
te_0028661,0
te_0028662,0
te_0028663,0
te_0028664,0
te_0028665,0
te_0028666,0
te_0028667,0
te_0028668,0
te_0028669,0
te_0028670,0
te_0028671,0
te_0028672,0
te_0028673,0
te_0028674,0
te_0028675,0
te_0028676,0
te_0028677,0
te_0028678,0
te_0028679,0
te_0028680,0
te_0028681,0
te_0028682,0
te_0028683,0
te_0028684,0
te_0028685,0
te_0028686,0
te_0028687,0
te_0028688,0
te_0028689,0
te_0028690,0
te_0028691,0
te_0028692,0
te_0028693,0
te_0028694,0
te_0028695,0
te_0028696,0
te_0028697,0
te_0028698,0
te_0028699,0
te_0028700,0
te_0028701,0
te_0028702,0
te_0028703,0
te_0028704,0
te_0028705,0
te_0028706,0
te_0028707,0
te_0028708,0
te_0028709,0
te_0028710,0
te_0028711,0
te_0028712,0
te_0028713,0
te_0028714,0
te_0028715,0
te_0028716,0
te_0028717,0
te_0028718,0
te_0028719,0
te_0028720,0
te_0028721,0
te_0028722,0
te_0028723,0
te_0028724,0
te_0028725,0
te_0028726,0
te_0028727,0
te_0028728,0
te_0028729,0
te_0028730,0
te_0028731,0
te_0028732,0
te_0028733,0
te_0028734,0
te_0028735,0
te_0028736,0
te_0028737,0
te_0028738,0
te_0028739,0
te_0028740,0
te_0028741,0
te_0028742,0
te_0028743,0
te_0028744,0
te_0028745,0
te_0028746,0
te_0028747,0
te_0028748,0
te_0028749,0
te_0028750,0
te_0028751,0
te_0028752,0
te_0028753,0
te_0028754,0
te_0028755,0
te_0028756,0
te_0028757,0
te_0028758,0
te_0028759,0
te_0028760,0
te_0028761,0
te_0028762,0
te_0028763,0
te_0028764,0
te_0028765,0
te_0028766,0
te_0028767,0
te_0028768,0
te_0028769,0
te_0028770,0
te_0028771,0
te_0028772,0
te_0028773,0
te_0028774,0
te_0028775,0
te_0028776,0
te_0028777,0
te_0028778,0
te_0028779,0
te_0028780,0
te_0028781,0
te_0028782,0
te_0028783,0
te_0028784,0
te_0028785,0
te_0028786,0
te_0028787,0
te_0028788,0
te_0028789,0
te_0028790,0
te_0028791,0
te_0028792,0
te_0028793,0
te_0028794,0
te_0028795,0
te_0028796,0
te_0028797,0
te_0028798,0
te_0028799,0
te_0028800,0
te_0028801,0
te_0028802,0
te_0028803,0
te_0028804,0
te_0028805,0
te_0028806,0
te_0028807,0
te_0028808,0
te_0028809,0
te_0028810,0
te_0028811,0
te_0028812,0
te_0028813,0
te_0028814,0
te_0028815,0
te_0028816,0
te_0028817,0
te_0028818,0
te_0028819,0
te_0028820,0
te_0028821,0
te_0028822,0
te_0028823,0
te_0028824,0
te_0028825,0
te_0028826,0
te_0028827,0
te_0028828,0
te_0028829,0
te_0028830,0
te_0028831,0
te_0028832,0
te_0028833,0
te_0028834,0
te_0028835,0
te_0028836,0
te_0028837,0
te_0028838,0
te_0028839,0
te_0028840,0
te_0028841,0
te_0028842,0
te_0028843,0
te_0028844,0
te_0028845,0
te_0028846,0
te_0028847,0
te_0028848,0
te_0028849,0
te_0028850,0
te_0028851,0
te_0028852,0
te_0028853,0
te_0028854,0
te_0028855,0
te_0028856,0
te_0028857,0
te_0028858,0
te_0028859,0
te_0028860,0
te_0028861,0
te_0028862,0
te_0028863,0
te_0028864,0
te_0028865,0
te_0028866,0
te_0028867,0
te_0028868,0
te_0028869,0
te_0028870,0
te_0028871,0
te_0028872,0
te_0028873,0
te_0028874,0
te_0028875,0
te_0028876,0
te_0028877,0
te_0028878,0
te_0028879,0
te_0028880,0
te_0028881,0
te_0028882,0
te_0028883,0
te_0028884,0
te_0028885,0
te_0028886,0
te_0028887,0
te_0028888,0
te_0028889,0
te_0028890,0
te_0028891,0
te_0028892,0
te_0028893,0
te_0028894,0
te_0028895,0
te_0028896,0
te_0028897,0
te_0028898,0
te_0028899,0
te_0028900,0
te_0028901,0
te_0028902,0
te_0028903,0
te_0028904,0
te_0028905,0
te_0028906,0
te_0028907,0
te_0028908,0
te_0028909,0
te_0028910,0
te_0028911,0
te_0028912,0
te_0028913,0
te_0028914,0
te_0028915,0
te_0028916,0
te_0028917,0
te_0028918,0
te_0028919,0
te_0028920,0
te_0028921,0
te_0028922,0
te_0028923,0
te_0028924,0
te_0028925,0
te_0028926,0
te_0028927,0
te_0028928,0
te_0028929,0
te_0028930,0
te_0028931,0
te_0028932,0
te_0028933,0
te_0028934,0
te_0028935,0
te_0028936,0
te_0028937,0
te_0028938,0
te_0028939,0
te_0028940,0
te_0028941,0
te_0028942,0
te_0028943,0
te_0028944,0
te_0028945,0
te_0028946,0
te_0028947,0
te_0028948,0
te_0028949,0
te_0028950,0
te_0028951,0
te_0028952,0
te_0028953,0
te_0028954,0
te_0028955,0
te_0028956,0
te_0028957,0
te_0028958,0
te_0028959,0
te_0028960,0
te_0028961,0
te_0028962,0
te_0028963,0
te_0028964,0
te_0028965,0
te_0028966,0
te_0028967,0
te_0028968,0
te_0028969,0
te_0028970,0
te_0028971,0
te_0028972,0
te_0028973,0
te_0028974,0
te_0028975,0
te_0028976,0
te_0028977,0
te_0028978,0
te_0028979,0
te_0028980,0
te_0028981,0
te_0028982,0
te_0028983,0
te_0028984,0
te_0028985,0
te_0028986,0
te_0028987,0
te_0028988,0
te_0028989,0
te_0028990,0
te_0028991,0
te_0028992,0
te_0028993,0
te_0028994,0
te_0028995,0
te_0028996,0
te_0028997,0
te_0028998,0
te_0028999,0
te_0029000,0
te_0029001,0
te_0029002,0
te_0029003,0
te_0029004,0
te_0029005,0
te_0029006,0
te_0029007,0
te_0029008,0
te_0029009,0
te_0029010,0
te_0029011,0
te_0029012,0
te_0029013,0
te_0029014,0
te_0029015,0
te_0029016,0
te_0029017,0
te_0029018,0
te_0029019,0
te_0029020,0
te_0029021,0
te_0029022,0
te_0029023,0
te_0029024,0
te_0029025,0
te_0029026,0
te_0029027,0
te_0029028,0
te_0029029,0
te_0029030,0
te_0029031,0
te_0029032,0
te_0029033,0
te_0029034,0
te_0029035,0
te_0029036,0
te_0029037,0
te_0029038,0
te_0029039,0
te_0029040,0
te_0029041,0
te_0029042,0
te_0029043,0
te_0029044,0
te_0029045,0
te_0029046,0
te_0029047,0
te_0029048,0
te_0029049,0
te_0029050,0
te_0029051,0
te_0029052,0
te_0029053,0
te_0029054,0
te_0029055,0
te_0029056,0
te_0029057,0
te_0029058,0
te_0029059,0
te_0029060,0
te_0029061,0
te_0029062,0
te_0029063,0
te_0029064,0
te_0029065,0
te_0029066,0
te_0029067,0
te_0029068,0
te_0029069,0
te_0029070,0
te_0029071,0
te_0029072,0
te_0029073,0
te_0029074,0
te_0029075,0
te_0029076,0
te_0029077,0
te_0029078,0
te_0029079,0
te_0029080,0
te_0029081,0
te_0029082,0
te_0029083,0
te_0029084,0
te_0029085,0
te_0029086,0
te_0029087,0
te_0029088,0
te_0029089,0
te_0029090,0
te_0029091,0
te_0029092,0
te_0029093,0
te_0029094,0
te_0029095,0
te_0029096,0
te_0029097,0
te_0029098,0
te_0029099,0
te_0029100,0
te_0029101,0
te_0029102,0
te_0029103,0
te_0029104,0
te_0029105,0
te_0029106,0
te_0029107,0
te_0029108,0
te_0029109,0
te_0029110,0
te_0029111,0
te_0029112,0
te_0029113,0
te_0029114,0
te_0029115,0
te_0029116,0
te_0029117,0
te_0029118,0
te_0029119,0
te_0029120,0
te_0029121,0
te_0029122,0
te_0029123,0
te_0029124,0
te_0029125,0
te_0029126,0
te_0029127,0
te_0029128,0
te_0029129,0
te_0029130,0
te_0029131,0
te_0029132,0
te_0029133,0
te_0029134,0
te_0029135,0
te_0029136,0
te_0029137,0
te_0029138,0
te_0029139,0
te_0029140,0
te_0029141,0
te_0029142,0
te_0029143,0
te_0029144,0
te_0029145,0
te_0029146,0
te_0029147,0
te_0029148,0
te_0029149,0
te_0029150,0
te_0029151,0
te_0029152,0
te_0029153,0
te_0029154,0
te_0029155,0
te_0029156,0
te_0029157,0
te_0029158,0
te_0029159,0
te_0029160,0
te_0029161,0
te_0029162,0
te_0029163,0
te_0029164,0
te_0029165,0
te_0029166,0
te_0029167,0
te_0029168,0
te_0029169,0
te_0029170,0
te_0029171,0
te_0029172,0
te_0029173,0
te_0029174,0
te_0029175,0
te_0029176,0
te_0029177,0
te_0029178,0
te_0029179,0
te_0029180,0
te_0029181,0
te_0029182,0
te_0029183,0
te_0029184,0
te_0029185,0
te_0029186,0
te_0029187,0
te_0029188,0
te_0029189,0
te_0029190,0
te_0029191,0
te_0029192,0
te_0029193,0
te_0029194,0
te_0029195,0
te_0029196,0
te_0029197,0
te_0029198,0
te_0029199,0
te_0029200,0
te_0029201,0
te_0029202,0
te_0029203,0
te_0029204,0
te_0029205,0
te_0029206,0
te_0029207,0
te_0029208,0
te_0029209,0
te_0029210,0
te_0029211,0
te_0029212,0
te_0029213,0
te_0029214,0
te_0029215,0
te_0029216,0
te_0029217,0
te_0029218,0
te_0029219,0
te_0029220,0
te_0029221,0
te_0029222,0
te_0029223,0
te_0029224,0
te_0029225,0
te_0029226,0
te_0029227,0
te_0029228,0
te_0029229,0
te_0029230,0
te_0029231,0
te_0029232,0
te_0029233,0
te_0029234,0
te_0029235,0
te_0029236,0
te_0029237,0
te_0029238,0
te_0029239,0
te_0029240,0
te_0029241,0
te_0029242,0
te_0029243,0
te_0029244,0
te_0029245,0
te_0029246,0
te_0029247,0
te_0029248,0
te_0029249,0
te_0029250,0
te_0029251,0
te_0029252,0
te_0029253,0
te_0029254,0
te_0029255,0
te_0029256,0
te_0029257,0
te_0029258,0
te_0029259,0
te_0029260,0
te_0029261,0
te_0029262,0
te_0029263,0
te_0029264,0
te_0029265,0
te_0029266,0
te_0029267,0
te_0029268,0
te_0029269,0
te_0029270,0
te_0029271,0
te_0029272,0
te_0029273,0
te_0029274,0
te_0029275,0
te_0029276,0
te_0029277,0
te_0029278,0
te_0029279,0
te_0029280,0
te_0029281,0
te_0029282,0
te_0029283,0
te_0029284,0
te_0029285,0
te_0029286,0
te_0029287,0
te_0029288,0
te_0029289,0
te_0029290,0
te_0029291,0
te_0029292,0
te_0029293,0
te_0029294,0
te_0029295,0
te_0029296,0
te_0029297,0
te_0029298,0
te_0029299,0
te_0029300,0
te_0029301,0
te_0029302,0
te_0029303,0
te_0029304,0
te_0029305,0
te_0029306,0
te_0029307,0
te_0029308,0
te_0029309,0
te_0029310,0
te_0029311,0
te_0029312,0
te_0029313,0
te_0029314,0
te_0029315,0
te_0029316,0
te_0029317,0
te_0029318,0
te_0029319,0
te_0029320,0
te_0029321,0
te_0029322,0
te_0029323,0
te_0029324,0
te_0029325,0
te_0029326,0
te_0029327,0
te_0029328,0
te_0029329,0
te_0029330,0
te_0029331,0
te_0029332,0
te_0029333,0
te_0029334,0
te_0029335,0
te_0029336,0
te_0029337,0
te_0029338,0
te_0029339,0
te_0029340,0
te_0029341,0
te_0029342,0
te_0029343,0
te_0029344,0
te_0029345,0
te_0029346,0
te_0029347,0
te_0029348,0
te_0029349,0
te_0029350,0
te_0029351,0
te_0029352,0
te_0029353,0
te_0029354,0
te_0029355,0
te_0029356,0
te_0029357,0
te_0029358,0
te_0029359,0
te_0029360,0
te_0029361,0
te_0029362,0
te_0029363,0
te_0029364,0
te_0029365,0
te_0029366,0
te_0029367,0
te_0029368,0
te_0029369,0
te_0029370,0
te_0029371,0
te_0029372,0
te_0029373,0
te_0029374,0
te_0029375,0
te_0029376,0
te_0029377,0
te_0029378,0
te_0029379,0
te_0029380,0
te_0029381,0
te_0029382,0
te_0029383,0
te_0029384,0
te_0029385,0
te_0029386,0
te_0029387,0
te_0029388,0
te_0029389,0
te_0029390,0
te_0029391,0
te_0029392,0
te_0029393,0
te_0029394,0
te_0029395,0
te_0029396,0
te_0029397,0
te_0029398,0
te_0029399,0
te_0029400,0
te_0029401,0
te_0029402,0
te_0029403,0
te_0029404,0
te_0029405,0
te_0029406,0
te_0029407,0
te_0029408,0
te_0029409,0
te_0029410,0
te_0029411,0
te_0029412,0
te_0029413,0
te_0029414,0
te_0029415,0
te_0029416,0
te_0029417,0
te_0029418,0
te_0029419,0
te_0029420,0
te_0029421,0
te_0029422,0
te_0029423,0
te_0029424,0
te_0029425,0
te_0029426,0
te_0029427,0
te_0029428,0
te_0029429,0
te_0029430,0
te_0029431,0
te_0029432,0
te_0029433,0
te_0029434,0
te_0029435,0
te_0029436,0
te_0029437,0
te_0029438,0
te_0029439,0
te_0029440,0
te_0029441,0
te_0029442,0
te_0029443,0
te_0029444,0
te_0029445,0
te_0029446,0
te_0029447,0
te_0029448,0
te_0029449,0
te_0029450,0
te_0029451,0
te_0029452,0
te_0029453,0
te_0029454,0
te_0029455,0
te_0029456,0
te_0029457,0
te_0029458,0
te_0029459,0
te_0029460,0
te_0029461,0
te_0029462,0
te_0029463,0
te_0029464,0
te_0029465,0
te_0029466,0
te_0029467,0
te_0029468,0
te_0029469,0
te_0029470,0
te_0029471,0
te_0029472,0
te_0029473,0
te_0029474,0
te_0029475,0
te_0029476,0
te_0029477,0
te_0029478,0
te_0029479,0
te_0029480,0
te_0029481,0
te_0029482,0
te_0029483,0
te_0029484,0
te_0029485,0
te_0029486,0
te_0029487,0
te_0029488,0
te_0029489,0
te_0029490,0
te_0029491,0
te_0029492,0
te_0029493,0
te_0029494,0
te_0029495,0
te_0029496,0
te_0029497,0
te_0029498,0
te_0029499,0
te_0029500,0
te_0029501,0
te_0029502,0
te_0029503,0
te_0029504,0
te_0029505,0
te_0029506,0
te_0029507,0
te_0029508,0
te_0029509,0
te_0029510,0
te_0029511,0
te_0029512,0
te_0029513,0
te_0029514,0
te_0029515,0
te_0029516,0
te_0029517,0
te_0029518,0
te_0029519,0
te_0029520,0
te_0029521,0
te_0029522,0
te_0029523,0
te_0029524,0
te_0029525,0
te_0029526,0
te_0029527,0
te_0029528,0
te_0029529,0
te_0029530,0
te_0029531,0
te_0029532,0
te_0029533,0
te_0029534,0
te_0029535,0
te_0029536,0
te_0029537,0
te_0029538,0
te_0029539,0
te_0029540,0
te_0029541,0
te_0029542,0
te_0029543,0
te_0029544,0
te_0029545,0
te_0029546,0
te_0029547,0
te_0029548,0
te_0029549,0
te_0029550,0
te_0029551,0
te_0029552,0
te_0029553,0
te_0029554,0
te_0029555,0
te_0029556,0
te_0029557,0
te_0029558,0
te_0029559,0
te_0029560,0
te_0029561,0
te_0029562,0
te_0029563,0
te_0029564,0
te_0029565,0
te_0029566,0
te_0029567,0
te_0029568,0
te_0029569,0
te_0029570,0
te_0029571,0
te_0029572,0
te_0029573,0
te_0029574,0
te_0029575,0
te_0029576,0
te_0029577,0
te_0029578,0
te_0029579,0
te_0029580,0
te_0029581,0
te_0029582,0
te_0029583,0
te_0029584,0
te_0029585,0
te_0029586,0
te_0029587,0
te_0029588,0
te_0029589,0
te_0029590,0
te_0029591,0
te_0029592,0
te_0029593,0
te_0029594,0
te_0029595,0
te_0029596,0
te_0029597,0
te_0029598,0
te_0029599,0
te_0029600,0
te_0029601,0
te_0029602,0
te_0029603,0
te_0029604,0
te_0029605,0
te_0029606,0
te_0029607,0
te_0029608,0
te_0029609,0
te_0029610,0
te_0029611,0
te_0029612,0
te_0029613,0
te_0029614,0
te_0029615,0
te_0029616,0
te_0029617,0
te_0029618,0
te_0029619,0
te_0029620,0
te_0029621,0
te_0029622,0
te_0029623,0
te_0029624,0
te_0029625,0
te_0029626,0
te_0029627,0
te_0029628,0
te_0029629,0
te_0029630,0
te_0029631,0
te_0029632,0
te_0029633,0
te_0029634,0
te_0029635,0
te_0029636,0
te_0029637,0
te_0029638,0
te_0029639,0
te_0029640,0
te_0029641,0
te_0029642,0
te_0029643,0
te_0029644,0
te_0029645,0
te_0029646,0
te_0029647,0
te_0029648,0
te_0029649,0
te_0029650,0
te_0029651,0
te_0029652,0
te_0029653,0
te_0029654,0
te_0029655,0
te_0029656,0
te_0029657,0
te_0029658,0
te_0029659,0
te_0029660,0
te_0029661,0
te_0029662,0
te_0029663,0
te_0029664,0
te_0029665,0
te_0029666,0
te_0029667,0
te_0029668,0
te_0029669,0
te_0029670,0
te_0029671,0
te_0029672,0
te_0029673,0
te_0029674,0
te_0029675,0
te_0029676,0
te_0029677,0
te_0029678,0
te_0029679,0
te_0029680,0
te_0029681,0
te_0029682,0
te_0029683,0
te_0029684,0
te_0029685,0
te_0029686,0
te_0029687,0
te_0029688,0
te_0029689,0
te_0029690,0
te_0029691,0
te_0029692,0
te_0029693,0
te_0029694,0
te_0029695,0
te_0029696,0
te_0029697,0
te_0029698,0
te_0029699,0
te_0029700,0
te_0029701,0
te_0029702,0
te_0029703,0
te_0029704,0
te_0029705,0
te_0029706,0
te_0029707,0
te_0029708,0
te_0029709,0
te_0029710,0
te_0029711,0
te_0029712,0
te_0029713,0
te_0029714,0
te_0029715,0
te_0029716,0
te_0029717,0
te_0029718,0
te_0029719,0
te_0029720,0
te_0029721,0
te_0029722,0
te_0029723,0
te_0029724,0
te_0029725,0
te_0029726,0
te_0029727,0
te_0029728,0
te_0029729,0
te_0029730,0
te_0029731,0
te_0029732,0
te_0029733,0
te_0029734,0
te_0029735,0
te_0029736,0
te_0029737,0
te_0029738,0
te_0029739,0
te_0029740,0
te_0029741,0
te_0029742,0
te_0029743,0
te_0029744,0
te_0029745,0
te_0029746,0
te_0029747,0
te_0029748,0
te_0029749,0
te_0029750,0
te_0029751,0
te_0029752,0
te_0029753,0
te_0029754,0
te_0029755,0
te_0029756,0
te_0029757,0
te_0029758,0
te_0029759,0
te_0029760,0
te_0029761,0
te_0029762,0
te_0029763,0
te_0029764,0
te_0029765,0
te_0029766,0
te_0029767,0
te_0029768,0
te_0029769,0
te_0029770,0
te_0029771,0
te_0029772,0
te_0029773,0
te_0029774,0
te_0029775,0
te_0029776,0
te_0029777,0
te_0029778,0
te_0029779,0
te_0029780,0
te_0029781,0
te_0029782,0
te_0029783,0
te_0029784,0
te_0029785,0
te_0029786,0
te_0029787,0
te_0029788,0
te_0029789,0
te_0029790,0
te_0029791,0
te_0029792,0
te_0029793,0
te_0029794,0
te_0029795,0
te_0029796,0
te_0029797,0
te_0029798,0
te_0029799,0
te_0029800,0
te_0029801,0
te_0029802,0
te_0029803,0
te_0029804,0
te_0029805,0
te_0029806,0
te_0029807,0
te_0029808,0
te_0029809,0
te_0029810,0
te_0029811,0
te_0029812,0
te_0029813,0
te_0029814,0
te_0029815,0
te_0029816,0
te_0029817,0
te_0029818,0
te_0029819,0
te_0029820,0
te_0029821,0
te_0029822,0
te_0029823,0
te_0029824,0
te_0029825,0
te_0029826,0
te_0029827,0
te_0029828,0
te_0029829,0
te_0029830,0
te_0029831,0
te_0029832,0
te_0029833,0
te_0029834,0
te_0029835,0
te_0029836,0
te_0029837,0
te_0029838,0
te_0029839,0
te_0029840,0
te_0029841,0
te_0029842,0
te_0029843,0
te_0029844,0
te_0029845,0
te_0029846,0
te_0029847,0
te_0029848,0
te_0029849,0
te_0029850,0
te_0029851,0
te_0029852,0
te_0029853,0
te_0029854,0
te_0029855,0
te_0029856,0
te_0029857,0
te_0029858,0
te_0029859,0
te_0029860,0
te_0029861,0
te_0029862,0
te_0029863,0
te_0029864,0
te_0029865,0
te_0029866,0
te_0029867,0
te_0029868,0
te_0029869,0
te_0029870,0
te_0029871,0
te_0029872,0
te_0029873,0
te_0029874,0
te_0029875,0
te_0029876,0
te_0029877,0
te_0029878,0
te_0029879,0
te_0029880,0
te_0029881,0
te_0029882,0
te_0029883,0
te_0029884,0
te_0029885,0
te_0029886,0
te_0029887,0
te_0029888,0
te_0029889,0
te_0029890,0
te_0029891,0
te_0029892,0
te_0029893,0
te_0029894,0
te_0029895,0
te_0029896,0
te_0029897,0
te_0029898,0
te_0029899,0
te_0029900,0
te_0029901,0
te_0029902,0
te_0029903,0
te_0029904,0
te_0029905,0
te_0029906,0
te_0029907,0
te_0029908,0
te_0029909,0
te_0029910,0
te_0029911,0
te_0029912,0
te_0029913,0
te_0029914,0
te_0029915,0
te_0029916,0
te_0029917,0
te_0029918,0
te_0029919,0
te_0029920,0
te_0029921,0
te_0029922,0
te_0029923,0
te_0029924,0
te_0029925,0
te_0029926,0
te_0029927,0
te_0029928,0
te_0029929,0
te_0029930,0
te_0029931,0
te_0029932,0
te_0029933,0
te_0029934,0
te_0029935,0
te_0029936,0
te_0029937,0
te_0029938,0
te_0029939,0
te_0029940,0
te_0029941,0
te_0029942,0
te_0029943,0
te_0029944,0
te_0029945,0
te_0029946,0
te_0029947,0
te_0029948,0
te_0029949,0
te_0029950,0
te_0029951,0
te_0029952,0
te_0029953,0
te_0029954,0
te_0029955,0
te_0029956,0
te_0029957,0
te_0029958,0
te_0029959,0
te_0029960,0
te_0029961,0
te_0029962,0
te_0029963,0
te_0029964,0
te_0029965,0
te_0029966,0
te_0029967,0
te_0029968,0
te_0029969,0
te_0029970,0
te_0029971,0
te_0029972,0
te_0029973,0
te_0029974,0
te_0029975,0
te_0029976,0
te_0029977,0
te_0029978,0
te_0029979,0
te_0029980,0
te_0029981,0
te_0029982,0
te_0029983,0
te_0029984,0
te_0029985,0
te_0029986,0
te_0029987,0
te_0029988,0
te_0029989,0
te_0029990,0
te_0029991,0
te_0029992,0
te_0029993,0
te_0029994,0
te_0029995,0
te_0029996,0
te_0029997,0
te_0029998,0
te_0029999,0
te_0030000,0
te_0030001,0
te_0030002,0
te_0030003,0
te_0030004,0
te_0030005,0
te_0030006,0
te_0030007,0
te_0030008,0
te_0030009,0
te_0030010,0
te_0030011,0
te_0030012,0
te_0030013,0
te_0030014,0
te_0030015,0
te_0030016,0
te_0030017,0
te_0030018,0
te_0030019,0
te_0030020,0
te_0030021,0
te_0030022,0
te_0030023,0
te_0030024,0
te_0030025,0
te_0030026,0
te_0030027,0
te_0030028,0
te_0030029,0
te_0030030,0
te_0030031,0
te_0030032,0
te_0030033,0
te_0030034,0
te_0030035,0
te_0030036,0
te_0030037,0
te_0030038,0
te_0030039,0
te_0030040,0
te_0030041,0
te_0030042,0
te_0030043,0
te_0030044,0
te_0030045,0
te_0030046,0
te_0030047,0
te_0030048,0
te_0030049,0
te_0030050,0
te_0030051,0
te_0030052,0
te_0030053,0
te_0030054,0
te_0030055,0
te_0030056,0
te_0030057,0
te_0030058,0
te_0030059,0
te_0030060,0
te_0030061,0
te_0030062,0
te_0030063,0
te_0030064,0
te_0030065,0
te_0030066,0
te_0030067,0
te_0030068,0
te_0030069,0
te_0030070,0
te_0030071,0
te_0030072,0
te_0030073,0
te_0030074,0
te_0030075,0
te_0030076,0
te_0030077,0
te_0030078,0
te_0030079,0
te_0030080,0
te_0030081,0
te_0030082,0
te_0030083,0
te_0030084,0
te_0030085,0
te_0030086,0
te_0030087,0
te_0030088,0
te_0030089,0
te_0030090,0
te_0030091,0
te_0030092,0
te_0030093,0
te_0030094,0
te_0030095,0
te_0030096,0
te_0030097,0
te_0030098,0
te_0030099,0
te_0030100,0
te_0030101,0
te_0030102,0
te_0030103,0
te_0030104,0
te_0030105,0
te_0030106,0
te_0030107,0
te_0030108,0
te_0030109,0
te_0030110,0
te_0030111,0
te_0030112,0
te_0030113,0
te_0030114,0
te_0030115,0
te_0030116,0
te_0030117,0
te_0030118,0
te_0030119,0
te_0030120,0
te_0030121,0
te_0030122,0
te_0030123,0
te_0030124,0
te_0030125,0
te_0030126,0
te_0030127,0
te_0030128,0
te_0030129,0
te_0030130,0
te_0030131,0
te_0030132,0
te_0030133,0
te_0030134,0
te_0030135,0
te_0030136,0
te_0030137,0
te_0030138,0
te_0030139,0
te_0030140,0
te_0030141,0
te_0030142,0
te_0030143,0
te_0030144,0
te_0030145,0
te_0030146,0
te_0030147,0
te_0030148,0
te_0030149,0
te_0030150,0
te_0030151,0
te_0030152,0
te_0030153,0
te_0030154,0
te_0030155,0
te_0030156,0
te_0030157,0
te_0030158,0
te_0030159,0
te_0030160,0
te_0030161,0
te_0030162,0
te_0030163,0
te_0030164,0
te_0030165,0
te_0030166,0
te_0030167,0
te_0030168,0
te_0030169,0
te_0030170,0
te_0030171,0
te_0030172,0
te_0030173,0
te_0030174,0
te_0030175,0
te_0030176,0
te_0030177,0
te_0030178,0
te_0030179,0
te_0030180,0
te_0030181,0
te_0030182,0
te_0030183,0
te_0030184,0
te_0030185,0
te_0030186,0
te_0030187,0
te_0030188,0
te_0030189,0
te_0030190,0
te_0030191,0
te_0030192,0
te_0030193,0
te_0030194,0
te_0030195,0
te_0030196,0
te_0030197,0
te_0030198,0
te_0030199,0
te_0030200,0
te_0030201,0
te_0030202,0
te_0030203,0
te_0030204,0
te_0030205,0
te_0030206,0
te_0030207,0
te_0030208,0
te_0030209,0
te_0030210,0
te_0030211,0
te_0030212,0
te_0030213,0
te_0030214,0
te_0030215,0
te_0030216,0
te_0030217,0
te_0030218,0
te_0030219,0
te_0030220,0
te_0030221,0
te_0030222,0
te_0030223,0
te_0030224,0
te_0030225,0
te_0030226,0
te_0030227,0
te_0030228,0
te_0030229,0
te_0030230,0
te_0030231,0
te_0030232,0
te_0030233,0
te_0030234,0
te_0030235,0
te_0030236,0
te_0030237,0
te_0030238,0
te_0030239,0
te_0030240,0
te_0030241,0
te_0030242,0
te_0030243,0
te_0030244,0
te_0030245,0
te_0030246,0
te_0030247,0
te_0030248,0
te_0030249,0
te_0030250,0
te_0030251,0
te_0030252,0
te_0030253,0
te_0030254,0
te_0030255,0
te_0030256,0
te_0030257,0
te_0030258,0
te_0030259,0
te_0030260,0
te_0030261,0
te_0030262,0
te_0030263,0
te_0030264,0
te_0030265,0
te_0030266,0
te_0030267,0
te_0030268,0
te_0030269,0
te_0030270,0
te_0030271,0
te_0030272,0
te_0030273,0
te_0030274,0
te_0030275,0
te_0030276,0
te_0030277,0
te_0030278,0
te_0030279,0
te_0030280,0
te_0030281,0
te_0030282,0
te_0030283,0
te_0030284,0
te_0030285,0
te_0030286,0
te_0030287,0
te_0030288,0
te_0030289,0
te_0030290,0
te_0030291,0
te_0030292,0
te_0030293,0
te_0030294,0
te_0030295,0
te_0030296,0
te_0030297,0
te_0030298,0
te_0030299,0
te_0030300,0
te_0030301,0
te_0030302,0
te_0030303,0
te_0030304,0
te_0030305,0
te_0030306,0
te_0030307,0
te_0030308,0
te_0030309,0
te_0030310,0
te_0030311,0
te_0030312,0
te_0030313,0
te_0030314,0
te_0030315,0
te_0030316,0
te_0030317,0
te_0030318,0
te_0030319,0
te_0030320,0
te_0030321,0
te_0030322,0
te_0030323,0
te_0030324,0
te_0030325,0
te_0030326,0
te_0030327,0
te_0030328,0
te_0030329,0
te_0030330,0
te_0030331,0
te_0030332,0
te_0030333,0
te_0030334,0
te_0030335,0
te_0030336,0
te_0030337,0
te_0030338,0
te_0030339,0
te_0030340,0
te_0030341,0
te_0030342,0
te_0030343,0
te_0030344,0
te_0030345,0
te_0030346,0
te_0030347,0
te_0030348,0
te_0030349,0
te_0030350,0
te_0030351,0
te_0030352,0
te_0030353,0
te_0030354,0
te_0030355,0
te_0030356,0
te_0030357,0
te_0030358,0
te_0030359,0
te_0030360,0
te_0030361,0
te_0030362,0
te_0030363,0
te_0030364,0
te_0030365,0
te_0030366,0
te_0030367,0
te_0030368,0
te_0030369,0
te_0030370,0
te_0030371,0
te_0030372,0
te_0030373,0
te_0030374,0
te_0030375,0
te_0030376,0
te_0030377,0
te_0030378,0
te_0030379,0
te_0030380,0
te_0030381,0
te_0030382,0
te_0030383,0
te_0030384,0
te_0030385,0
te_0030386,0
te_0030387,0
te_0030388,0
te_0030389,0
te_0030390,0
te_0030391,0
te_0030392,0
te_0030393,0
te_0030394,0
te_0030395,0
te_0030396,0
te_0030397,0
te_0030398,0
te_0030399,0
te_0030400,0
te_0030401,0
te_0030402,0
te_0030403,0
te_0030404,0
te_0030405,0
te_0030406,0
te_0030407,0
te_0030408,0
te_0030409,0
te_0030410,0
te_0030411,0
te_0030412,0
te_0030413,0
te_0030414,0
te_0030415,0
te_0030416,0
te_0030417,0
te_0030418,0
te_0030419,0
te_0030420,0
te_0030421,0
te_0030422,0
te_0030423,0
te_0030424,0
te_0030425,0
te_0030426,0
te_0030427,0
te_0030428,0
te_0030429,0
te_0030430,0
te_0030431,0
te_0030432,0
te_0030433,0
te_0030434,0
te_0030435,0
te_0030436,0
te_0030437,0
te_0030438,0
te_0030439,0
te_0030440,0
te_0030441,0
te_0030442,0
te_0030443,0
te_0030444,0
te_0030445,0
te_0030446,0
te_0030447,0
te_0030448,0
te_0030449,0
te_0030450,0
te_0030451,0
te_0030452,0
te_0030453,0
te_0030454,0
te_0030455,0
te_0030456,0
te_0030457,0
te_0030458,0
te_0030459,0
te_0030460,0
te_0030461,0
te_0030462,0
te_0030463,0
te_0030464,0
te_0030465,0
te_0030466,0
te_0030467,0
te_0030468,0
te_0030469,0
te_0030470,0
te_0030471,0
te_0030472,0
te_0030473,0
te_0030474,0
te_0030475,0
te_0030476,0
te_0030477,0
te_0030478,0
te_0030479,0
te_0030480,0
te_0030481,0
te_0030482,0
te_0030483,0
te_0030484,0
te_0030485,0
te_0030486,0
te_0030487,0
te_0030488,0
te_0030489,0
te_0030490,0
te_0030491,0
te_0030492,0
te_0030493,0
te_0030494,0
te_0030495,0
te_0030496,0
te_0030497,0
te_0030498,0
te_0030499,0
te_0030500,0
te_0030501,0
te_0030502,0
te_0030503,0
te_0030504,0
te_0030505,0
te_0030506,0
te_0030507,0
te_0030508,0
te_0030509,0
te_0030510,0
te_0030511,0
te_0030512,0
te_0030513,0
te_0030514,0
te_0030515,0
te_0030516,0
te_0030517,0
te_0030518,0
te_0030519,0
te_0030520,0
te_0030521,0
te_0030522,0
te_0030523,0
te_0030524,0
te_0030525,0
te_0030526,0
te_0030527,0
te_0030528,0
te_0030529,0
te_0030530,0
te_0030531,0
te_0030532,0
te_0030533,0
te_0030534,0
te_0030535,0
te_0030536,0
te_0030537,0
te_0030538,0
te_0030539,0
te_0030540,0
te_0030541,0
te_0030542,0
te_0030543,0
te_0030544,0
te_0030545,0
te_0030546,0
te_0030547,0
te_0030548,0
te_0030549,0
te_0030550,0
te_0030551,0
te_0030552,0
te_0030553,0
te_0030554,0
te_0030555,0
te_0030556,0
te_0030557,0
te_0030558,0
te_0030559,0
te_0030560,0
te_0030561,0
te_0030562,0
te_0030563,0
te_0030564,0
te_0030565,0
te_0030566,0
te_0030567,0
te_0030568,0
te_0030569,0
te_0030570,0
te_0030571,0
te_0030572,0
te_0030573,0
te_0030574,0
te_0030575,0
te_0030576,0
te_0030577,0
te_0030578,0
te_0030579,0
te_0030580,0
te_0030581,0
te_0030582,0
te_0030583,0
te_0030584,0
te_0030585,0
te_0030586,0
te_0030587,0
te_0030588,0
te_0030589,0
te_0030590,0
te_0030591,0
te_0030592,0
te_0030593,0
te_0030594,0
te_0030595,0
te_0030596,0
te_0030597,0
te_0030598,0
te_0030599,0
te_0030600,0
te_0030601,0
te_0030602,0
te_0030603,0
te_0030604,0
te_0030605,0
te_0030606,0
te_0030607,0
te_0030608,0
te_0030609,0
te_0030610,0
te_0030611,0
te_0030612,0
te_0030613,0
te_0030614,0
te_0030615,0
te_0030616,0
te_0030617,0
te_0030618,0
te_0030619,0
te_0030620,0
te_0030621,0
te_0030622,0
te_0030623,0
te_0030624,0
te_0030625,0
te_0030626,0
te_0030627,0
te_0030628,0
te_0030629,0
te_0030630,0
te_0030631,0
te_0030632,0
te_0030633,0
te_0030634,0
te_0030635,0
te_0030636,0
te_0030637,0
te_0030638,0
te_0030639,0
te_0030640,0
te_0030641,0
te_0030642,0
te_0030643,0
te_0030644,0
te_0030645,0
te_0030646,0
te_0030647,0
te_0030648,0
te_0030649,0
te_0030650,0
te_0030651,0
te_0030652,0
te_0030653,0
te_0030654,0
te_0030655,0
te_0030656,0
te_0030657,0
te_0030658,0
te_0030659,0
te_0030660,0
te_0030661,0
te_0030662,0
te_0030663,0
te_0030664,0
te_0030665,0
te_0030666,0
te_0030667,0
te_0030668,0
te_0030669,0
te_0030670,0
te_0030671,0
te_0030672,0
te_0030673,0
te_0030674,0
te_0030675,0
te_0030676,0
te_0030677,0
te_0030678,0
te_0030679,0
te_0030680,0
te_0030681,0
te_0030682,0
te_0030683,0
te_0030684,0
te_0030685,0
te_0030686,0
te_0030687,0
te_0030688,0
te_0030689,0
te_0030690,0
te_0030691,0
te_0030692,0
te_0030693,0
te_0030694,0
te_0030695,0
te_0030696,0
te_0030697,0
te_0030698,0
te_0030699,0
te_0030700,0
te_0030701,0
te_0030702,0
te_0030703,0
te_0030704,0
te_0030705,0
te_0030706,0
te_0030707,0
te_0030708,0
te_0030709,0
te_0030710,0
te_0030711,0
te_0030712,0
te_0030713,0
te_0030714,0
te_0030715,0
te_0030716,0
te_0030717,0
te_0030718,0
te_0030719,0
te_0030720,0
te_0030721,0
te_0030722,0
te_0030723,0
te_0030724,0
te_0030725,0
te_0030726,0
te_0030727,0
te_0030728,0
te_0030729,0
te_0030730,0
te_0030731,0
te_0030732,0
te_0030733,0
te_0030734,0
te_0030735,0
te_0030736,0
te_0030737,0
te_0030738,0
te_0030739,0
te_0030740,0
te_0030741,0
te_0030742,0
te_0030743,0
te_0030744,0
te_0030745,0
te_0030746,0
te_0030747,0
te_0030748,0
te_0030749,0
te_0030750,0
te_0030751,0
te_0030752,0
te_0030753,0
te_0030754,0
te_0030755,0
te_0030756,0
te_0030757,0
te_0030758,0
te_0030759,0
te_0030760,0
te_0030761,0
te_0030762,0
te_0030763,0
te_0030764,0
te_0030765,0
te_0030766,0
te_0030767,0
te_0030768,0
te_0030769,0
te_0030770,0
te_0030771,0
te_0030772,0
te_0030773,0
te_0030774,0
te_0030775,0
te_0030776,0
te_0030777,0
te_0030778,0
te_0030779,0
te_0030780,0
te_0030781,0
te_0030782,0
te_0030783,0
te_0030784,0
te_0030785,0
te_0030786,0
te_0030787,0
te_0030788,0
te_0030789,0
te_0030790,0
te_0030791,0
te_0030792,0
te_0030793,0
te_0030794,0
te_0030795,0
te_0030796,0
te_0030797,0
te_0030798,0
te_0030799,0
te_0030800,0
te_0030801,0
te_0030802,0
te_0030803,0
te_0030804,0
te_0030805,0
te_0030806,0
te_0030807,0
te_0030808,0
te_0030809,0
te_0030810,0
te_0030811,0
te_0030812,0
te_0030813,0
te_0030814,0
te_0030815,0
te_0030816,0
te_0030817,0
te_0030818,0
te_0030819,0
te_0030820,0
te_0030821,0
te_0030822,0
te_0030823,0
te_0030824,0
te_0030825,0
te_0030826,0
te_0030827,0
te_0030828,0
te_0030829,0
te_0030830,0
te_0030831,0
te_0030832,0
te_0030833,0
te_0030834,0
te_0030835,0
te_0030836,0
te_0030837,0
te_0030838,0
te_0030839,0
te_0030840,0
te_0030841,0
te_0030842,0
te_0030843,0
te_0030844,0
te_0030845,0
te_0030846,0
te_0030847,0
te_0030848,0
te_0030849,0
te_0030850,0
te_0030851,0
te_0030852,0
te_0030853,0
te_0030854,0
te_0030855,0
te_0030856,0
te_0030857,0
te_0030858,0
te_0030859,0
te_0030860,0
te_0030861,0
te_0030862,0
te_0030863,0
te_0030864,0
te_0030865,0
te_0030866,0
te_0030867,0
te_0030868,0
te_0030869,0
te_0030870,0
te_0030871,0
te_0030872,0
te_0030873,0
te_0030874,0
te_0030875,0
te_0030876,0
te_0030877,0
te_0030878,0
te_0030879,0
te_0030880,0
te_0030881,0
te_0030882,0
te_0030883,0
te_0030884,0
te_0030885,0
te_0030886,0
te_0030887,0
te_0030888,0
te_0030889,0
te_0030890,0
te_0030891,0
te_0030892,0
te_0030893,0
te_0030894,0
te_0030895,0
te_0030896,0
te_0030897,0
te_0030898,0
te_0030899,0
te_0030900,0
te_0030901,0
te_0030902,0
te_0030903,0
te_0030904,0
te_0030905,0
te_0030906,0
te_0030907,0
te_0030908,0
te_0030909,0
te_0030910,0
te_0030911,0
te_0030912,0
te_0030913,0
te_0030914,0
te_0030915,0
te_0030916,0
te_0030917,0
te_0030918,0
te_0030919,0
te_0030920,0
te_0030921,0
te_0030922,0
te_0030923,0
te_0030924,0
te_0030925,0
te_0030926,0
te_0030927,0
te_0030928,0
te_0030929,0
te_0030930,0
te_0030931,0
te_0030932,0
te_0030933,0
te_0030934,0
te_0030935,0
te_0030936,0
te_0030937,0
te_0030938,0
te_0030939,0
te_0030940,0
te_0030941,0
te_0030942,0
te_0030943,0
te_0030944,0
te_0030945,0
te_0030946,0
te_0030947,0
te_0030948,0
te_0030949,0
te_0030950,0
te_0030951,0
te_0030952,0
te_0030953,0
te_0030954,0
te_0030955,0
te_0030956,0
te_0030957,0
te_0030958,0
te_0030959,0
te_0030960,0
te_0030961,0
te_0030962,0
te_0030963,0
te_0030964,0
te_0030965,0
te_0030966,0
te_0030967,0
te_0030968,0
te_0030969,0
te_0030970,0
te_0030971,0
te_0030972,0
te_0030973,0
te_0030974,0
te_0030975,0
te_0030976,0
te_0030977,0
te_0030978,0
te_0030979,0
te_0030980,0
te_0030981,0
te_0030982,0
te_0030983,0
te_0030984,0
te_0030985,0
te_0030986,0
te_0030987,0
te_0030988,0
te_0030989,0
te_0030990,0
te_0030991,0
te_0030992,0
te_0030993,0
te_0030994,0
te_0030995,0
te_0030996,0
te_0030997,0
te_0030998,0
te_0030999,0
te_0031000,0
te_0031001,0
te_0031002,0
te_0031003,0
te_0031004,0
te_0031005,0
te_0031006,0
te_0031007,0
te_0031008,0
te_0031009,0
te_0031010,0
te_0031011,0
te_0031012,0
te_0031013,0
te_0031014,0
te_0031015,0
te_0031016,0
te_0031017,0
te_0031018,0
te_0031019,0
te_0031020,0
te_0031021,0
te_0031022,0
te_0031023,0
te_0031024,0
te_0031025,0
te_0031026,0
te_0031027,0
te_0031028,0
te_0031029,0
te_0031030,0
te_0031031,0
te_0031032,0
te_0031033,0
te_0031034,0
te_0031035,0
te_0031036,0
te_0031037,0
te_0031038,0
te_0031039,0
te_0031040,0
te_0031041,0
te_0031042,0
te_0031043,0
te_0031044,0
te_0031045,0
te_0031046,0
te_0031047,0
te_0031048,0
te_0031049,0
te_0031050,0
te_0031051,0
te_0031052,0
te_0031053,0
te_0031054,0
te_0031055,0
te_0031056,0
te_0031057,0
te_0031058,0
te_0031059,0
te_0031060,0
te_0031061,0
te_0031062,0
te_0031063,0
te_0031064,0
te_0031065,0
te_0031066,0
te_0031067,0
te_0031068,0
te_0031069,0
te_0031070,0
te_0031071,0
te_0031072,0
te_0031073,0
te_0031074,0
te_0031075,0
te_0031076,0
te_0031077,0
te_0031078,0
te_0031079,0
te_0031080,0
te_0031081,0
te_0031082,0
te_0031083,0
te_0031084,0
te_0031085,0
te_0031086,0
te_0031087,0
te_0031088,0
te_0031089,0
te_0031090,0
te_0031091,0
te_0031092,0
te_0031093,0
te_0031094,0
te_0031095,0
te_0031096,0
te_0031097,0
te_0031098,0
te_0031099,0
te_0031100,0
te_0031101,0
te_0031102,0
te_0031103,0
te_0031104,0
te_0031105,0
te_0031106,0
te_0031107,0
te_0031108,0
te_0031109,0
te_0031110,0
te_0031111,0
te_0031112,0
te_0031113,0
te_0031114,0
te_0031115,0
te_0031116,0
te_0031117,0
te_0031118,0
te_0031119,0
te_0031120,0
te_0031121,0
te_0031122,0
te_0031123,0
te_0031124,0
te_0031125,0
te_0031126,0
te_0031127,0
te_0031128,0
te_0031129,0
te_0031130,0
te_0031131,0
te_0031132,0
te_0031133,0
te_0031134,0
te_0031135,0
te_0031136,0
te_0031137,0
te_0031138,0
te_0031139,0
te_0031140,0
te_0031141,0
te_0031142,0
te_0031143,0
te_0031144,0
te_0031145,0
te_0031146,0
te_0031147,0
te_0031148,0
te_0031149,0
te_0031150,0
te_0031151,0
te_0031152,0
te_0031153,0
te_0031154,0
te_0031155,0
te_0031156,0
te_0031157,0
te_0031158,0
te_0031159,0
te_0031160,0
te_0031161,0
te_0031162,0
te_0031163,0
te_0031164,0
te_0031165,0
te_0031166,0
te_0031167,0
te_0031168,0
te_0031169,0
te_0031170,0
te_0031171,0
te_0031172,0
te_0031173,0
te_0031174,0
te_0031175,0
te_0031176,0
te_0031177,0
te_0031178,0
te_0031179,0
te_0031180,0
te_0031181,0
te_0031182,0
te_0031183,0
te_0031184,0
te_0031185,0
te_0031186,0
te_0031187,0
te_0031188,0
te_0031189,0
te_0031190,0
te_0031191,0
te_0031192,0
te_0031193,0
te_0031194,0
te_0031195,0
te_0031196,0
te_0031197,0
te_0031198,0
te_0031199,0
te_0031200,0
te_0031201,0
te_0031202,0
te_0031203,0
te_0031204,0
te_0031205,0
te_0031206,0
te_0031207,0
te_0031208,0
te_0031209,0
te_0031210,0
te_0031211,0
te_0031212,0
te_0031213,0
te_0031214,0
te_0031215,0
te_0031216,0
te_0031217,0
te_0031218,0
te_0031219,0
te_0031220,0
te_0031221,0
te_0031222,0
te_0031223,0
te_0031224,0
te_0031225,0
te_0031226,0
te_0031227,0
te_0031228,0
te_0031229,0
te_0031230,0
te_0031231,0
te_0031232,0
te_0031233,0
te_0031234,0
te_0031235,0
te_0031236,0
te_0031237,0
te_0031238,0
te_0031239,0
te_0031240,0
te_0031241,0
te_0031242,0
te_0031243,0
te_0031244,0
te_0031245,0
te_0031246,0
te_0031247,0
te_0031248,0
te_0031249,0
te_0031250,0
te_0031251,0
te_0031252,0
te_0031253,0
te_0031254,0
te_0031255,0
te_0031256,0
te_0031257,0
te_0031258,0
te_0031259,0
te_0031260,0
te_0031261,0
te_0031262,0
te_0031263,0
te_0031264,0
te_0031265,0
te_0031266,0
te_0031267,0
te_0031268,0
te_0031269,0
te_0031270,0
te_0031271,0
te_0031272,0
te_0031273,0
te_0031274,0
te_0031275,0
te_0031276,0
te_0031277,0
te_0031278,0
te_0031279,0
te_0031280,0
te_0031281,0
te_0031282,0
te_0031283,0
te_0031284,0
te_0031285,0
te_0031286,0
te_0031287,0
te_0031288,0
te_0031289,0
te_0031290,0
te_0031291,0
te_0031292,0
te_0031293,0
te_0031294,0
te_0031295,0
te_0031296,0
te_0031297,0
te_0031298,0
te_0031299,0
te_0031300,0
te_0031301,0
te_0031302,0
te_0031303,0
te_0031304,0
te_0031305,0
te_0031306,0
te_0031307,0
te_0031308,0
te_0031309,0
te_0031310,0
te_0031311,0
te_0031312,0
te_0031313,0
te_0031314,0
te_0031315,0
te_0031316,0
te_0031317,0
te_0031318,0
te_0031319,0
te_0031320,0
te_0031321,0
te_0031322,0
te_0031323,0
te_0031324,0
te_0031325,0
te_0031326,0
te_0031327,0
te_0031328,0
te_0031329,0
te_0031330,0
te_0031331,0
te_0031332,0
te_0031333,0
te_0031334,0
te_0031335,0
te_0031336,0
te_0031337,0
te_0031338,0
te_0031339,0
te_0031340,0
te_0031341,0
te_0031342,0
te_0031343,0
te_0031344,0
te_0031345,0
te_0031346,0
te_0031347,0
te_0031348,0
te_0031349,0
te_0031350,0
te_0031351,0
te_0031352,0
te_0031353,0
te_0031354,0
te_0031355,0
te_0031356,0
te_0031357,0
te_0031358,0
te_0031359,0
te_0031360,0
te_0031361,0
te_0031362,0
te_0031363,0
te_0031364,0
te_0031365,0
te_0031366,0
te_0031367,0
te_0031368,0
te_0031369,0
te_0031370,0
te_0031371,0
te_0031372,0
te_0031373,0
te_0031374,0
te_0031375,0
te_0031376,0
te_0031377,0
te_0031378,0
te_0031379,0
te_0031380,0
te_0031381,0
te_0031382,0
te_0031383,0
te_0031384,0
te_0031385,0
te_0031386,0
te_0031387,0
te_0031388,0
te_0031389,0
te_0031390,0
te_0031391,0
te_0031392,0
te_0031393,0
te_0031394,0
te_0031395,0
te_0031396,0
te_0031397,0
te_0031398,0
te_0031399,0
te_0031400,0
te_0031401,0
te_0031402,0
te_0031403,0
te_0031404,0
te_0031405,0
te_0031406,0
te_0031407,0
te_0031408,0
te_0031409,0
te_0031410,0
te_0031411,0
te_0031412,0
te_0031413,0
te_0031414,0
te_0031415,0
te_0031416,0
te_0031417,0
te_0031418,0
te_0031419,0
te_0031420,0
te_0031421,0
te_0031422,0
te_0031423,0
te_0031424,0
te_0031425,0
te_0031426,0
te_0031427,0
te_0031428,0
te_0031429,0
te_0031430,0
te_0031431,0
te_0031432,0
te_0031433,0
te_0031434,0
te_0031435,0
te_0031436,0
te_0031437,0
te_0031438,0
te_0031439,0
te_0031440,0
te_0031441,0
te_0031442,0
te_0031443,0
te_0031444,0
te_0031445,0
te_0031446,0
te_0031447,0
te_0031448,0
te_0031449,0
te_0031450,0
te_0031451,0
te_0031452,0
te_0031453,0
te_0031454,0
te_0031455,0
te_0031456,0
te_0031457,0
te_0031458,0
te_0031459,0
te_0031460,0
te_0031461,0
te_0031462,0
te_0031463,0
te_0031464,0
te_0031465,0
te_0031466,0
te_0031467,0
te_0031468,0
te_0031469,0
te_0031470,0
te_0031471,0
te_0031472,0
te_0031473,0
te_0031474,0
te_0031475,0
te_0031476,0
te_0031477,0
te_0031478,0
te_0031479,0
te_0031480,0
te_0031481,0
te_0031482,0
te_0031483,0
te_0031484,0
te_0031485,0
te_0031486,0
te_0031487,0
te_0031488,0
te_0031489,0
te_0031490,0
te_0031491,0
te_0031492,0
te_0031493,0
te_0031494,0
te_0031495,0
te_0031496,0
te_0031497,0
te_0031498,0
te_0031499,0
te_0031500,0
te_0031501,0
te_0031502,0
te_0031503,0
te_0031504,0
te_0031505,0
te_0031506,0
te_0031507,0
te_0031508,0
te_0031509,0
te_0031510,0
te_0031511,0
te_0031512,0
te_0031513,0
te_0031514,0
te_0031515,0
te_0031516,0
te_0031517,0
te_0031518,0
te_0031519,0
te_0031520,0
te_0031521,0
te_0031522,0
te_0031523,0
te_0031524,0
te_0031525,0
te_0031526,0
te_0031527,0
te_0031528,0
te_0031529,0
te_0031530,0
te_0031531,0
te_0031532,0
te_0031533,0
te_0031534,0
te_0031535,0
te_0031536,0
te_0031537,0
te_0031538,0
te_0031539,0
te_0031540,0
te_0031541,0
te_0031542,0
te_0031543,0
te_0031544,0
te_0031545,0
te_0031546,0
te_0031547,0
te_0031548,0
te_0031549,0
te_0031550,0
te_0031551,0
te_0031552,0
te_0031553,0
te_0031554,0
te_0031555,0
te_0031556,0
te_0031557,0
te_0031558,0
te_0031559,0
te_0031560,0
te_0031561,0
te_0031562,0
te_0031563,0
te_0031564,0
te_0031565,0
te_0031566,0
te_0031567,0
te_0031568,0
te_0031569,0
te_0031570,0
te_0031571,0
te_0031572,0
te_0031573,0
te_0031574,0
te_0031575,0
te_0031576,0
te_0031577,0
te_0031578,0
te_0031579,0
te_0031580,0
te_0031581,0
te_0031582,0
te_0031583,0
te_0031584,0
te_0031585,0
te_0031586,0
te_0031587,0
te_0031588,0
te_0031589,0
te_0031590,0
te_0031591,0
te_0031592,0
te_0031593,0
te_0031594,0
te_0031595,0
te_0031596,0
te_0031597,0
te_0031598,0
te_0031599,0
te_0031600,0
te_0031601,0
te_0031602,0
te_0031603,0
te_0031604,0
te_0031605,0
te_0031606,0
te_0031607,0
te_0031608,0
te_0031609,0
te_0031610,0
te_0031611,0
te_0031612,0
te_0031613,0
te_0031614,0
te_0031615,0
te_0031616,0
te_0031617,0
te_0031618,0
te_0031619,0
te_0031620,0
te_0031621,0
te_0031622,0
te_0031623,0
te_0031624,0
te_0031625,0
te_0031626,0
te_0031627,0
te_0031628,0
te_0031629,0
te_0031630,0
te_0031631,0
te_0031632,0
te_0031633,0
te_0031634,0
te_0031635,0
te_0031636,0
te_0031637,0
te_0031638,0
te_0031639,0
te_0031640,0
te_0031641,0
te_0031642,0
te_0031643,0
te_0031644,0
te_0031645,0
te_0031646,0
te_0031647,0
te_0031648,0
te_0031649,0
te_0031650,0
te_0031651,0
te_0031652,0
te_0031653,0
te_0031654,0
te_0031655,0
te_0031656,0
te_0031657,0
te_0031658,0
te_0031659,0
te_0031660,0
te_0031661,0
te_0031662,0
te_0031663,0
te_0031664,0
te_0031665,0
te_0031666,0
te_0031667,0
te_0031668,0
te_0031669,0
te_0031670,0
te_0031671,0
te_0031672,0
te_0031673,0
te_0031674,0
te_0031675,0
te_0031676,0
te_0031677,0
te_0031678,0
te_0031679,0
te_0031680,0
te_0031681,0
te_0031682,0
te_0031683,0
te_0031684,0
te_0031685,0
te_0031686,0
te_0031687,0
te_0031688,0
te_0031689,0
te_0031690,0
te_0031691,0
te_0031692,0
te_0031693,0
te_0031694,0
te_0031695,0
te_0031696,0
te_0031697,0
te_0031698,0
te_0031699,0
te_0031700,0
te_0031701,0
te_0031702,0
te_0031703,0
te_0031704,0
te_0031705,0
te_0031706,0
te_0031707,0
te_0031708,0
te_0031709,0
te_0031710,0
te_0031711,0
te_0031712,0
te_0031713,0
te_0031714,0
te_0031715,0
te_0031716,0
te_0031717,0
te_0031718,0
te_0031719,0
te_0031720,0
te_0031721,0
te_0031722,0
te_0031723,0
te_0031724,0
te_0031725,0
te_0031726,0
te_0031727,0
te_0031728,0
te_0031729,0
te_0031730,0
te_0031731,0
te_0031732,0
te_0031733,0
te_0031734,0
te_0031735,0
te_0031736,0
te_0031737,0
te_0031738,0
te_0031739,0
te_0031740,0
te_0031741,0
te_0031742,0
te_0031743,0
te_0031744,0
te_0031745,0
te_0031746,0
te_0031747,0
te_0031748,0
te_0031749,0
te_0031750,0
te_0031751,0
te_0031752,0
te_0031753,0
te_0031754,0
te_0031755,0
te_0031756,0
te_0031757,0
te_0031758,0
te_0031759,0
te_0031760,0
te_0031761,0
te_0031762,0
te_0031763,0
te_0031764,0
te_0031765,0
te_0031766,0
te_0031767,0
te_0031768,0
te_0031769,0
te_0031770,0
te_0031771,0
te_0031772,0
te_0031773,0
te_0031774,0
te_0031775,0
te_0031776,0
te_0031777,0
te_0031778,0
te_0031779,0
te_0031780,0
te_0031781,0
te_0031782,0
te_0031783,0
te_0031784,0
te_0031785,0
te_0031786,0
te_0031787,0
te_0031788,0
te_0031789,0
te_0031790,0
te_0031791,0
te_0031792,0
te_0031793,0
te_0031794,0
te_0031795,0
te_0031796,0
te_0031797,0
te_0031798,0
te_0031799,0
te_0031800,0
te_0031801,0
te_0031802,0
te_0031803,0
te_0031804,0
te_0031805,0
te_0031806,0
te_0031807,0
te_0031808,0
te_0031809,0
te_0031810,0
te_0031811,0
te_0031812,0
te_0031813,0
te_0031814,0
te_0031815,0
te_0031816,0
te_0031817,0
te_0031818,0
te_0031819,0
te_0031820,0
te_0031821,0
te_0031822,0
te_0031823,0
te_0031824,0
te_0031825,0
te_0031826,0
te_0031827,0
te_0031828,0
te_0031829,0
te_0031830,0
te_0031831,0
te_0031832,0
te_0031833,0
te_0031834,0
te_0031835,0
te_0031836,0
te_0031837,0
te_0031838,0
te_0031839,0
te_0031840,0
te_0031841,0
te_0031842,0
te_0031843,0
te_0031844,0
te_0031845,0
te_0031846,0
te_0031847,0
te_0031848,0
te_0031849,0
te_0031850,0
te_0031851,0
te_0031852,0
te_0031853,0
te_0031854,0
te_0031855,0
te_0031856,0
te_0031857,0
te_0031858,0
te_0031859,0
te_0031860,0
te_0031861,0
te_0031862,0
te_0031863,0
te_0031864,0
te_0031865,0
te_0031866,0
te_0031867,0
te_0031868,0
te_0031869,0
te_0031870,0
te_0031871,0
te_0031872,0
te_0031873,0
te_0031874,0
te_0031875,0
te_0031876,0
te_0031877,0
te_0031878,0
te_0031879,0
te_0031880,0
te_0031881,0
te_0031882,0
te_0031883,0
te_0031884,0
te_0031885,0
te_0031886,0
te_0031887,0
te_0031888,0
te_0031889,0
te_0031890,0
te_0031891,0
te_0031892,0
te_0031893,0
te_0031894,0
te_0031895,0
te_0031896,0
te_0031897,0
te_0031898,0
te_0031899,0
te_0031900,0
te_0031901,0
te_0031902,0
te_0031903,0
te_0031904,0
te_0031905,0
te_0031906,0
te_0031907,0
te_0031908,0
te_0031909,0
te_0031910,0
te_0031911,0
te_0031912,0
te_0031913,0
te_0031914,0
te_0031915,0
te_0031916,0
te_0031917,0
te_0031918,0
te_0031919,0
te_0031920,0
te_0031921,0
te_0031922,0
te_0031923,0
te_0031924,0
te_0031925,0
te_0031926,0
te_0031927,0
te_0031928,0
te_0031929,0
te_0031930,0
te_0031931,0
te_0031932,0
te_0031933,0
te_0031934,0
te_0031935,0
te_0031936,0
te_0031937,0
te_0031938,0
te_0031939,0
te_0031940,0
te_0031941,0
te_0031942,0
te_0031943,0
te_0031944,0
te_0031945,0
te_0031946,0
te_0031947,0
te_0031948,0
te_0031949,0
te_0031950,0
te_0031951,0
te_0031952,0
te_0031953,0
te_0031954,0
te_0031955,0
te_0031956,0
te_0031957,0
te_0031958,0
te_0031959,0
te_0031960,0
te_0031961,0
te_0031962,0
te_0031963,0
te_0031964,0
te_0031965,0
te_0031966,0
te_0031967,0
te_0031968,0
te_0031969,0
te_0031970,0
te_0031971,0
te_0031972,0
te_0031973,0
te_0031974,0
te_0031975,0
te_0031976,0
te_0031977,0
te_0031978,0
te_0031979,0
te_0031980,0
te_0031981,0
te_0031982,0
te_0031983,0
te_0031984,0
te_0031985,0
te_0031986,0
te_0031987,0
te_0031988,0
te_0031989,0
te_0031990,0
te_0031991,0
te_0031992,0
te_0031993,0
te_0031994,0
te_0031995,0
te_0031996,0
te_0031997,0
te_0031998,0
te_0031999,0
te_0032000,0
te_0032001,0
te_0032002,0
te_0032003,0
te_0032004,0
te_0032005,0
te_0032006,0
te_0032007,0
te_0032008,0
te_0032009,0
te_0032010,0
te_0032011,0
te_0032012,0
te_0032013,0
te_0032014,0
te_0032015,0
te_0032016,0
te_0032017,0
te_0032018,0
te_0032019,0
te_0032020,0
te_0032021,0
te_0032022,0
te_0032023,0
te_0032024,0
te_0032025,0
te_0032026,0
te_0032027,0
te_0032028,0
te_0032029,0
te_0032030,0
te_0032031,0
te_0032032,0
te_0032033,0
te_0032034,0
te_0032035,0
te_0032036,0
te_0032037,0
te_0032038,0
te_0032039,0
te_0032040,0
te_0032041,0
te_0032042,0
te_0032043,0
te_0032044,0
te_0032045,0
te_0032046,0
te_0032047,0
te_0032048,0
te_0032049,0
te_0032050,0
te_0032051,0
te_0032052,0
te_0032053,0
te_0032054,0
te_0032055,0
te_0032056,0
te_0032057,0
te_0032058,0
te_0032059,0
te_0032060,0
te_0032061,0
te_0032062,0
te_0032063,0
te_0032064,0
te_0032065,0
te_0032066,0
te_0032067,0
te_0032068,0
te_0032069,0
te_0032070,0
te_0032071,0
te_0032072,0
te_0032073,0
te_0032074,0
te_0032075,0
te_0032076,0
te_0032077,0
te_0032078,0
te_0032079,0
te_0032080,0
te_0032081,0
te_0032082,0
te_0032083,0
te_0032084,0
te_0032085,0
te_0032086,0
te_0032087,0
te_0032088,0
te_0032089,0
te_0032090,0
te_0032091,0
te_0032092,0
te_0032093,0
te_0032094,0
te_0032095,0
te_0032096,0
te_0032097,0
te_0032098,0
te_0032099,0
te_0032100,0
te_0032101,0
te_0032102,0
te_0032103,0
te_0032104,0
te_0032105,0
te_0032106,0
te_0032107,0
te_0032108,0
te_0032109,0
te_0032110,0
te_0032111,0
te_0032112,0
te_0032113,0
te_0032114,0
te_0032115,0
te_0032116,0
te_0032117,0
te_0032118,0
te_0032119,0
te_0032120,0
te_0032121,0
te_0032122,0
te_0032123,0
te_0032124,0
te_0032125,0
te_0032126,0
te_0032127,0
te_0032128,0
te_0032129,0
te_0032130,0
te_0032131,0
te_0032132,0
te_0032133,0
te_0032134,0
te_0032135,0
te_0032136,0
te_0032137,0
te_0032138,0
te_0032139,0
te_0032140,0
te_0032141,0
te_0032142,0
te_0032143,0
te_0032144,0
te_0032145,0
te_0032146,0
te_0032147,0
te_0032148,0
te_0032149,0
te_0032150,0
te_0032151,0
te_0032152,0
te_0032153,0
te_0032154,0
te_0032155,0
te_0032156,0
te_0032157,0
te_0032158,0
te_0032159,0
te_0032160,0
te_0032161,0
te_0032162,0
te_0032163,0
te_0032164,0
te_0032165,0
te_0032166,0
te_0032167,0
te_0032168,0
te_0032169,0
te_0032170,0
te_0032171,0
te_0032172,0
te_0032173,0
te_0032174,0
te_0032175,0
te_0032176,0
te_0032177,0
te_0032178,0
te_0032179,0
te_0032180,0
te_0032181,0
te_0032182,0
te_0032183,0
te_0032184,0
te_0032185,0
te_0032186,0
te_0032187,0
te_0032188,0
te_0032189,0
te_0032190,0
te_0032191,0
te_0032192,0
te_0032193,0
te_0032194,0
te_0032195,0
te_0032196,0
te_0032197,0
te_0032198,0
te_0032199,0
te_0032200,0
te_0032201,0
te_0032202,0
te_0032203,0
te_0032204,0
te_0032205,0
te_0032206,0
te_0032207,0
te_0032208,0
te_0032209,0
te_0032210,0
te_0032211,0
te_0032212,0
te_0032213,0
te_0032214,0
te_0032215,0
te_0032216,0
te_0032217,0
te_0032218,0
te_0032219,0
te_0032220,0
te_0032221,0
te_0032222,0
te_0032223,0
te_0032224,0
te_0032225,0
te_0032226,0
te_0032227,0
te_0032228,0
te_0032229,0
te_0032230,0
te_0032231,0
te_0032232,0
te_0032233,0
te_0032234,0
te_0032235,0
te_0032236,0
te_0032237,0
te_0032238,0
te_0032239,0
te_0032240,0
te_0032241,0
te_0032242,0
te_0032243,0
te_0032244,0
te_0032245,0
te_0032246,0
te_0032247,0
te_0032248,0
te_0032249,0
te_0032250,0
te_0032251,0
te_0032252,0
te_0032253,0
te_0032254,0
te_0032255,0
te_0032256,0
te_0032257,0
te_0032258,0
te_0032259,0
te_0032260,0
te_0032261,0
te_0032262,0
te_0032263,0
te_0032264,0
te_0032265,0
te_0032266,0
te_0032267,0
te_0032268,0
te_0032269,0
te_0032270,0
te_0032271,0
te_0032272,0
te_0032273,0
te_0032274,0
te_0032275,0
te_0032276,0
te_0032277,0
te_0032278,0
te_0032279,0
te_0032280,0
te_0032281,0
te_0032282,0
te_0032283,0
te_0032284,0
te_0032285,0
te_0032286,0
te_0032287,0
te_0032288,0
te_0032289,0
te_0032290,0
te_0032291,0
te_0032292,0
te_0032293,0
te_0032294,0
te_0032295,0
te_0032296,0
te_0032297,0
te_0032298,0
te_0032299,0
te_0032300,0
te_0032301,0
te_0032302,0
te_0032303,0
te_0032304,0
te_0032305,0
te_0032306,0
te_0032307,0
te_0032308,0
te_0032309,0
te_0032310,0
te_0032311,0
te_0032312,0
te_0032313,0
te_0032314,0
te_0032315,0
te_0032316,0
te_0032317,0
te_0032318,0
te_0032319,0
te_0032320,0
te_0032321,0
te_0032322,0
te_0032323,0
te_0032324,0
te_0032325,0
te_0032326,0
te_0032327,0
te_0032328,0
te_0032329,0
te_0032330,0
te_0032331,0
te_0032332,0
te_0032333,0
te_0032334,0
te_0032335,0
te_0032336,0
te_0032337,0
te_0032338,0
te_0032339,0
te_0032340,0
te_0032341,0
te_0032342,0
te_0032343,0
te_0032344,0
te_0032345,0
te_0032346,0
te_0032347,0
te_0032348,0
te_0032349,0
te_0032350,0
te_0032351,0
te_0032352,0
te_0032353,0
te_0032354,0
te_0032355,0
te_0032356,0
te_0032357,0
te_0032358,0
te_0032359,0
te_0032360,0
te_0032361,0
te_0032362,0
te_0032363,0
te_0032364,0
te_0032365,0
te_0032366,0
te_0032367,0
te_0032368,0
te_0032369,0
te_0032370,0
te_0032371,0
te_0032372,0
te_0032373,0
te_0032374,0
te_0032375,0
te_0032376,0
te_0032377,0
te_0032378,0
te_0032379,0
te_0032380,0
te_0032381,0
te_0032382,0
te_0032383,0
te_0032384,0
te_0032385,0
te_0032386,0
te_0032387,0
te_0032388,0
te_0032389,0
te_0032390,0
te_0032391,0
te_0032392,0
te_0032393,0
te_0032394,0
te_0032395,0
te_0032396,0
te_0032397,0
te_0032398,0
te_0032399,0
te_0032400,0
te_0032401,0
te_0032402,0
te_0032403,0
te_0032404,0
te_0032405,0
te_0032406,0
te_0032407,0
te_0032408,0
te_0032409,0
te_0032410,0
te_0032411,0
te_0032412,0
te_0032413,0
te_0032414,0
te_0032415,0
te_0032416,0
te_0032417,0
te_0032418,0
te_0032419,0
te_0032420,0
te_0032421,0
te_0032422,0
te_0032423,0
te_0032424,0
te_0032425,0
te_0032426,0
te_0032427,0
te_0032428,0
te_0032429,0
te_0032430,0
te_0032431,0
te_0032432,0
te_0032433,0
te_0032434,0
te_0032435,0
te_0032436,0
te_0032437,0
te_0032438,0
te_0032439,0
te_0032440,0
te_0032441,0
te_0032442,0
te_0032443,0
te_0032444,0
te_0032445,0
te_0032446,0
te_0032447,0
te_0032448,0
te_0032449,0
te_0032450,0
te_0032451,0
te_0032452,0
te_0032453,0
te_0032454,0
te_0032455,0
te_0032456,0
te_0032457,0
te_0032458,0
te_0032459,0
te_0032460,0
te_0032461,0
te_0032462,0
te_0032463,0
te_0032464,0
te_0032465,0
te_0032466,0
te_0032467,0
te_0032468,0
te_0032469,0
te_0032470,0
te_0032471,0
te_0032472,0
te_0032473,0
te_0032474,0
te_0032475,0
te_0032476,0
te_0032477,0
te_0032478,0
te_0032479,0
te_0032480,0
te_0032481,0
te_0032482,0
te_0032483,0
te_0032484,0
te_0032485,0
te_0032486,0
te_0032487,0
te_0032488,0
te_0032489,0
te_0032490,0
te_0032491,0
te_0032492,0
te_0032493,0
te_0032494,0
te_0032495,0
te_0032496,0
te_0032497,0
te_0032498,0
te_0032499,0
te_0032500,0
te_0032501,0
te_0032502,0
te_0032503,0
te_0032504,0
te_0032505,0
te_0032506,0
te_0032507,0
te_0032508,0
te_0032509,0
te_0032510,0
te_0032511,0
te_0032512,0
te_0032513,0
te_0032514,0
te_0032515,0
te_0032516,0
te_0032517,0
te_0032518,0
te_0032519,0
te_0032520,0
te_0032521,0
te_0032522,0
te_0032523,0
te_0032524,0
te_0032525,0
te_0032526,0
te_0032527,0
te_0032528,0
te_0032529,0
te_0032530,0
te_0032531,0
te_0032532,0
te_0032533,0
te_0032534,0
te_0032535,0
te_0032536,0
te_0032537,0
te_0032538,0
te_0032539,0
te_0032540,0
te_0032541,0
te_0032542,0
te_0032543,0
te_0032544,0
te_0032545,0
te_0032546,0
te_0032547,0
te_0032548,0
te_0032549,0
te_0032550,0
te_0032551,0
te_0032552,0
te_0032553,0
te_0032554,0
te_0032555,0
te_0032556,0
te_0032557,0
te_0032558,0
te_0032559,0
te_0032560,0
te_0032561,0
te_0032562,0
te_0032563,0
te_0032564,0
te_0032565,0
te_0032566,0
te_0032567,0
te_0032568,0
te_0032569,0
te_0032570,0
te_0032571,0
te_0032572,0
te_0032573,0
te_0032574,0
te_0032575,0
te_0032576,0
te_0032577,0
te_0032578,0
te_0032579,0
te_0032580,0
te_0032581,0
te_0032582,0
te_0032583,0
te_0032584,0
te_0032585,0
te_0032586,0
te_0032587,0
te_0032588,0
te_0032589,0
te_0032590,0
te_0032591,0
te_0032592,0
te_0032593,0
te_0032594,0
te_0032595,0
te_0032596,0
te_0032597,0
te_0032598,0
te_0032599,0
te_0032600,0
te_0032601,0
te_0032602,0
te_0032603,0
te_0032604,0
te_0032605,0
te_0032606,0
te_0032607,0
te_0032608,0
te_0032609,0
te_0032610,0
te_0032611,0
te_0032612,0
te_0032613,0
te_0032614,0
te_0032615,0
te_0032616,0
te_0032617,0
te_0032618,0
te_0032619,0
te_0032620,0
te_0032621,0
te_0032622,0
te_0032623,0
te_0032624,0
te_0032625,0
te_0032626,0
te_0032627,0
te_0032628,0
te_0032629,0
te_0032630,0
te_0032631,0
te_0032632,0
te_0032633,0
te_0032634,0
te_0032635,0
te_0032636,0
te_0032637,0
te_0032638,0
te_0032639,0
te_0032640,0
te_0032641,0
te_0032642,0
te_0032643,0
te_0032644,0
te_0032645,0
te_0032646,0
te_0032647,0
te_0032648,0
te_0032649,0
te_0032650,0
te_0032651,0
te_0032652,0
te_0032653,0
te_0032654,0
te_0032655,0
te_0032656,0
te_0032657,0
te_0032658,0
te_0032659,0
te_0032660,0
te_0032661,0
te_0032662,0
te_0032663,0
te_0032664,0
te_0032665,0
te_0032666,0
te_0032667,0
te_0032668,0
te_0032669,0
te_0032670,0
te_0032671,0
te_0032672,0
te_0032673,0
te_0032674,0
te_0032675,0
te_0032676,0
te_0032677,0
te_0032678,0
te_0032679,0
te_0032680,0
te_0032681,0
te_0032682,0
te_0032683,0
te_0032684,0
te_0032685,0
te_0032686,0
te_0032687,0
te_0032688,0
te_0032689,0
te_0032690,0
te_0032691,0
te_0032692,0
te_0032693,0
te_0032694,0
te_0032695,0
te_0032696,0
te_0032697,0
te_0032698,0
te_0032699,0
te_0032700,0
te_0032701,0
te_0032702,0
te_0032703,0
te_0032704,0
te_0032705,0
te_0032706,0
te_0032707,0
te_0032708,0
te_0032709,0
te_0032710,0
te_0032711,0
te_0032712,0
te_0032713,0
te_0032714,0
te_0032715,0
te_0032716,0
te_0032717,0
te_0032718,0
te_0032719,0
te_0032720,0
te_0032721,0
te_0032722,0
te_0032723,0
te_0032724,0
te_0032725,0
te_0032726,0
te_0032727,0
te_0032728,0
te_0032729,0
te_0032730,0
te_0032731,0
te_0032732,0
te_0032733,0
te_0032734,0
te_0032735,0
te_0032736,0
te_0032737,0
te_0032738,0
te_0032739,0
te_0032740,0
te_0032741,0
te_0032742,0
te_0032743,0
te_0032744,0
te_0032745,0
te_0032746,0
te_0032747,0
te_0032748,0
te_0032749,0
te_0032750,0
te_0032751,0
te_0032752,0
te_0032753,0
te_0032754,0
te_0032755,0
te_0032756,0
te_0032757,0
te_0032758,0
te_0032759,0
te_0032760,0
te_0032761,0
te_0032762,0
te_0032763,0
te_0032764,0
te_0032765,0
te_0032766,0
te_0032767,0
te_0032768,0
te_0032769,0
te_0032770,0
te_0032771,0
te_0032772,0
te_0032773,0
te_0032774,0
te_0032775,0
te_0032776,0
te_0032777,0
te_0032778,0
te_0032779,0
te_0032780,0
te_0032781,0
te_0032782,0
te_0032783,0
te_0032784,0
te_0032785,0
te_0032786,0
te_0032787,0
te_0032788,0
te_0032789,0
te_0032790,0
te_0032791,0
te_0032792,0
te_0032793,0
te_0032794,0
te_0032795,0
te_0032796,0
te_0032797,0
te_0032798,0
te_0032799,0
te_0032800,0
te_0032801,0
te_0032802,0
te_0032803,0
te_0032804,0
te_0032805,0
te_0032806,0
te_0032807,0
te_0032808,0
te_0032809,0
te_0032810,0
te_0032811,0
te_0032812,0
te_0032813,0
te_0032814,0
te_0032815,0
te_0032816,0
te_0032817,0
te_0032818,0
te_0032819,0
te_0032820,0
te_0032821,0
te_0032822,0
te_0032823,0
te_0032824,0
te_0032825,0
te_0032826,0
te_0032827,0
te_0032828,0
te_0032829,0
te_0032830,0
te_0032831,0
te_0032832,0
te_0032833,0
te_0032834,0
te_0032835,0
te_0032836,0
te_0032837,0
te_0032838,0
te_0032839,0
te_0032840,0
te_0032841,0
te_0032842,0
te_0032843,0
te_0032844,0
te_0032845,0
te_0032846,0
te_0032847,0
te_0032848,0
te_0032849,0
te_0032850,0
te_0032851,0
te_0032852,0
te_0032853,0
te_0032854,0
te_0032855,0
te_0032856,0
te_0032857,0
te_0032858,0
te_0032859,0
te_0032860,0
te_0032861,0
te_0032862,0
te_0032863,0
te_0032864,0
te_0032865,0
te_0032866,0
te_0032867,0
te_0032868,0
te_0032869,0
te_0032870,0
te_0032871,0
te_0032872,0
te_0032873,0
te_0032874,0
te_0032875,0
te_0032876,0
te_0032877,0
te_0032878,0
te_0032879,0
te_0032880,0
te_0032881,0
te_0032882,0
te_0032883,0
te_0032884,0
te_0032885,0
te_0032886,0
te_0032887,0
te_0032888,0
te_0032889,0
te_0032890,0
te_0032891,0
te_0032892,0
te_0032893,0
te_0032894,0
te_0032895,0
te_0032896,0
te_0032897,0
te_0032898,0
te_0032899,0
te_0032900,0
te_0032901,0
te_0032902,0
te_0032903,0
te_0032904,0
te_0032905,0
te_0032906,0
te_0032907,0
te_0032908,0
te_0032909,0
te_0032910,0
te_0032911,0
te_0032912,0
te_0032913,0
te_0032914,0
te_0032915,0
te_0032916,0
te_0032917,0
te_0032918,0
te_0032919,0
te_0032920,0
te_0032921,0
te_0032922,0
te_0032923,0
te_0032924,0
te_0032925,0
te_0032926,0
te_0032927,0
te_0032928,0
te_0032929,0
te_0032930,0
te_0032931,0
te_0032932,0
te_0032933,0
te_0032934,0
te_0032935,0
te_0032936,0
te_0032937,0
te_0032938,0
te_0032939,0
te_0032940,0
te_0032941,0
te_0032942,0
te_0032943,0
te_0032944,0
te_0032945,0
te_0032946,0
te_0032947,0
te_0032948,0
te_0032949,0
te_0032950,0
te_0032951,0
te_0032952,0
te_0032953,0
te_0032954,0
te_0032955,0
te_0032956,0
te_0032957,0
te_0032958,0
te_0032959,0
te_0032960,0
te_0032961,0
te_0032962,0
te_0032963,0
te_0032964,0
te_0032965,0
te_0032966,0
te_0032967,0
te_0032968,0
te_0032969,0
te_0032970,0
te_0032971,0
te_0032972,0
te_0032973,0
te_0032974,0
te_0032975,0
te_0032976,0
te_0032977,0
te_0032978,0
te_0032979,0
te_0032980,0
te_0032981,0
te_0032982,0
te_0032983,0
te_0032984,0
te_0032985,0
te_0032986,0
te_0032987,0
te_0032988,0
te_0032989,0
te_0032990,0
te_0032991,0
te_0032992,0
te_0032993,0
te_0032994,0
te_0032995,0
te_0032996,0
te_0032997,0
te_0032998,0
te_0032999,0
te_0033000,0
te_0033001,0
te_0033002,0
te_0033003,0
te_0033004,0
te_0033005,0
te_0033006,0
te_0033007,0
te_0033008,0
te_0033009,0
te_0033010,0
te_0033011,0
te_0033012,0
te_0033013,0
te_0033014,0
te_0033015,0
te_0033016,0
te_0033017,0
te_0033018,0
te_0033019,0
te_0033020,0
te_0033021,0
te_0033022,0
te_0033023,0
te_0033024,0
te_0033025,0
te_0033026,0
te_0033027,0
te_0033028,0
te_0033029,0
te_0033030,0
te_0033031,0
te_0033032,0
te_0033033,0
te_0033034,0
te_0033035,0
te_0033036,0
te_0033037,0
te_0033038,0
te_0033039,0
te_0033040,0
te_0033041,0
te_0033042,0
te_0033043,0
te_0033044,0
te_0033045,0
te_0033046,0
te_0033047,0
te_0033048,0
te_0033049,0
te_0033050,0
te_0033051,0
te_0033052,0
te_0033053,0
te_0033054,0
te_0033055,0
te_0033056,0
te_0033057,0
te_0033058,0
te_0033059,0
te_0033060,0
te_0033061,0
te_0033062,0
te_0033063,0
te_0033064,0
te_0033065,0
te_0033066,0
te_0033067,0
te_0033068,0
te_0033069,0
te_0033070,0
te_0033071,0
te_0033072,0
te_0033073,0
te_0033074,0
te_0033075,0
te_0033076,0
te_0033077,0
te_0033078,0
te_0033079,0
te_0033080,0
te_0033081,0
te_0033082,0
te_0033083,0
te_0033084,0
te_0033085,0
te_0033086,0
te_0033087,0
te_0033088,0
te_0033089,0
te_0033090,0
te_0033091,0
te_0033092,0
te_0033093,0
te_0033094,0
te_0033095,0
te_0033096,0
te_0033097,0
te_0033098,0
te_0033099,0
te_0033100,0
te_0033101,0
te_0033102,0
te_0033103,0
te_0033104,0
te_0033105,0
te_0033106,0
te_0033107,0
te_0033108,0
te_0033109,0
te_0033110,0
te_0033111,0
te_0033112,0
te_0033113,0
te_0033114,0
te_0033115,0
te_0033116,0
te_0033117,0
te_0033118,0
te_0033119,0
te_0033120,0
te_0033121,0
te_0033122,0
te_0033123,0
te_0033124,0
te_0033125,0
te_0033126,0
te_0033127,0
te_0033128,0
te_0033129,0
te_0033130,0
te_0033131,0
te_0033132,0
te_0033133,0
te_0033134,0
te_0033135,0
te_0033136,0
te_0033137,0
te_0033138,0
te_0033139,0
te_0033140,0
te_0033141,0
te_0033142,0
te_0033143,0
te_0033144,0
te_0033145,0
te_0033146,0
te_0033147,0
te_0033148,0
te_0033149,0
te_0033150,0
te_0033151,0
te_0033152,0
te_0033153,0
te_0033154,0
te_0033155,0
te_0033156,0
te_0033157,0
te_0033158,0
te_0033159,0
te_0033160,0
te_0033161,0
te_0033162,0
te_0033163,0
te_0033164,0
te_0033165,0
te_0033166,0
te_0033167,0
te_0033168,0
te_0033169,0
te_0033170,0
te_0033171,0
te_0033172,0
te_0033173,0
te_0033174,0
te_0033175,0
te_0033176,0
te_0033177,0
te_0033178,0
te_0033179,0
te_0033180,0
te_0033181,0
te_0033182,0
te_0033183,0
te_0033184,0
te_0033185,0
te_0033186,0
te_0033187,0
te_0033188,0
te_0033189,0
te_0033190,0
te_0033191,0
te_0033192,0
te_0033193,0
te_0033194,0
te_0033195,0
te_0033196,0
te_0033197,0
te_0033198,0
te_0033199,0
te_0033200,0
te_0033201,0
te_0033202,0
te_0033203,0
te_0033204,0
te_0033205,0
te_0033206,0
te_0033207,0
te_0033208,0
te_0033209,0
te_0033210,0
te_0033211,0
te_0033212,0
te_0033213,0
te_0033214,0
te_0033215,0
te_0033216,0
te_0033217,0
te_0033218,0
te_0033219,0
te_0033220,0
te_0033221,0
te_0033222,0
te_0033223,0
te_0033224,0
te_0033225,0
te_0033226,0
te_0033227,0
te_0033228,0
te_0033229,0
te_0033230,0
te_0033231,0
te_0033232,0
te_0033233,0
te_0033234,0
te_0033235,0
te_0033236,0
te_0033237,0
te_0033238,0
te_0033239,0
te_0033240,0
te_0033241,0
te_0033242,0
te_0033243,0
te_0033244,0
te_0033245,0
te_0033246,0
te_0033247,0
te_0033248,0
te_0033249,0
te_0033250,0
te_0033251,0
te_0033252,0
te_0033253,0
te_0033254,0
te_0033255,0
te_0033256,0
te_0033257,0
te_0033258,0
te_0033259,0
te_0033260,0
te_0033261,0
te_0033262,0
te_0033263,0
te_0033264,0
te_0033265,0
te_0033266,0
te_0033267,0
te_0033268,0
te_0033269,0
te_0033270,0
te_0033271,0
te_0033272,0
te_0033273,0
te_0033274,0
te_0033275,0
te_0033276,0
te_0033277,0
te_0033278,0
te_0033279,0
te_0033280,0
te_0033281,0
te_0033282,0
te_0033283,0
te_0033284,0
te_0033285,0
te_0033286,0
te_0033287,0
te_0033288,0
te_0033289,0
te_0033290,0
te_0033291,0
te_0033292,0
te_0033293,0
te_0033294,0
te_0033295,0
te_0033296,0
te_0033297,0
te_0033298,0
te_0033299,0
te_0033300,0
te_0033301,0
te_0033302,0
te_0033303,0
te_0033304,0
te_0033305,0
te_0033306,0
te_0033307,0
te_0033308,0
te_0033309,0
te_0033310,0
te_0033311,0
te_0033312,0
te_0033313,0
te_0033314,0
te_0033315,0
te_0033316,0
te_0033317,0
te_0033318,0
te_0033319,0
te_0033320,0
te_0033321,0
te_0033322,0
te_0033323,0
te_0033324,0
te_0033325,0
te_0033326,0
te_0033327,0
te_0033328,0
te_0033329,0
te_0033330,0
te_0033331,0
te_0033332,0
te_0033333,0
te_0033334,0
te_0033335,0
te_0033336,0
te_0033337,0
te_0033338,0
te_0033339,0
te_0033340,0
te_0033341,0
te_0033342,0
te_0033343,0
te_0033344,0
te_0033345,0
te_0033346,0
te_0033347,0
te_0033348,0
te_0033349,0
te_0033350,0
te_0033351,0
te_0033352,0
te_0033353,0
te_0033354,0
te_0033355,0
te_0033356,0
te_0033357,0
te_0033358,0
te_0033359,0
te_0033360,0
te_0033361,0
te_0033362,0
te_0033363,0
te_0033364,0
te_0033365,0
te_0033366,0
te_0033367,0
te_0033368,0
te_0033369,0
te_0033370,0
te_0033371,0
te_0033372,0
te_0033373,0
te_0033374,0
te_0033375,0
te_0033376,0
te_0033377,0
te_0033378,0
te_0033379,0
te_0033380,0
te_0033381,0
te_0033382,0
te_0033383,0
te_0033384,0
te_0033385,0
te_0033386,0
te_0033387,0
te_0033388,0
te_0033389,0
te_0033390,0
te_0033391,0
te_0033392,0
te_0033393,0
te_0033394,0
te_0033395,0
te_0033396,0
te_0033397,0
te_0033398,0
te_0033399,0
te_0033400,0
te_0033401,0
te_0033402,0
te_0033403,0
te_0033404,0
te_0033405,0
te_0033406,0
te_0033407,0
te_0033408,0
te_0033409,0
te_0033410,0
te_0033411,0
te_0033412,0
te_0033413,0
te_0033414,0
te_0033415,0
te_0033416,0
te_0033417,0
te_0033418,0
te_0033419,0
te_0033420,0
te_0033421,0
te_0033422,0
te_0033423,0
te_0033424,0
te_0033425,0
te_0033426,0
te_0033427,0
te_0033428,0
te_0033429,0
te_0033430,0
te_0033431,0
te_0033432,0
te_0033433,0
te_0033434,0
te_0033435,0
te_0033436,0
te_0033437,0
te_0033438,0
te_0033439,0
te_0033440,0
te_0033441,0
te_0033442,0
te_0033443,0
te_0033444,0
te_0033445,0
te_0033446,0
te_0033447,0
te_0033448,0
te_0033449,0
te_0033450,0
te_0033451,0
te_0033452,0
te_0033453,0
te_0033454,0
te_0033455,0
te_0033456,0
te_0033457,0
te_0033458,0
te_0033459,0
te_0033460,0
te_0033461,0
te_0033462,0
te_0033463,0
te_0033464,0
te_0033465,0
te_0033466,0
te_0033467,0
te_0033468,0
te_0033469,0
te_0033470,0
te_0033471,0
te_0033472,0
te_0033473,0
te_0033474,0
te_0033475,0
te_0033476,0
te_0033477,0
te_0033478,0
te_0033479,0
te_0033480,0
te_0033481,0
te_0033482,0
te_0033483,0
te_0033484,0
te_0033485,0
te_0033486,0
te_0033487,0
te_0033488,0
te_0033489,0
te_0033490,0
te_0033491,0
te_0033492,0
te_0033493,0
te_0033494,0
te_0033495,0
te_0033496,0
te_0033497,0
te_0033498,0
te_0033499,0
te_0033500,0
te_0033501,0
te_0033502,0
te_0033503,0
te_0033504,0
te_0033505,0
te_0033506,0
te_0033507,0
te_0033508,0
te_0033509,0
te_0033510,0
te_0033511,0
te_0033512,0
te_0033513,0
te_0033514,0
te_0033515,0
te_0033516,0
te_0033517,0
te_0033518,0
te_0033519,0
te_0033520,0
te_0033521,0
te_0033522,0
te_0033523,0
te_0033524,0
te_0033525,0
te_0033526,0
te_0033527,0
te_0033528,0
te_0033529,0
te_0033530,0
te_0033531,0
te_0033532,0
te_0033533,0
te_0033534,0
te_0033535,0
te_0033536,0
te_0033537,0
te_0033538,0
te_0033539,0
te_0033540,0
te_0033541,0
te_0033542,0
te_0033543,0
te_0033544,0
te_0033545,0
te_0033546,0
te_0033547,0
te_0033548,0
te_0033549,0
te_0033550,0
te_0033551,0
te_0033552,0
te_0033553,0
te_0033554,0
te_0033555,0
te_0033556,0
te_0033557,0
te_0033558,0
te_0033559,0
te_0033560,0
te_0033561,0
te_0033562,0
te_0033563,0
te_0033564,0
te_0033565,0
te_0033566,0
te_0033567,0
te_0033568,0
te_0033569,0
te_0033570,0
te_0033571,0
te_0033572,0
te_0033573,0
te_0033574,0
te_0033575,0
te_0033576,0
te_0033577,0
te_0033578,0
te_0033579,0
te_0033580,0
te_0033581,0
te_0033582,0
te_0033583,0
te_0033584,0
te_0033585,0
te_0033586,0
te_0033587,0
te_0033588,0
te_0033589,0
te_0033590,0
te_0033591,0
te_0033592,0
te_0033593,0
te_0033594,0
te_0033595,0
te_0033596,0
te_0033597,0
te_0033598,0
te_0033599,0
te_0033600,0
te_0033601,0
te_0033602,0
te_0033603,0
te_0033604,0
te_0033605,0
te_0033606,0
te_0033607,0
te_0033608,0
te_0033609,0
te_0033610,0
te_0033611,0
te_0033612,0
te_0033613,0
te_0033614,0
te_0033615,0
te_0033616,0
te_0033617,0
te_0033618,0
te_0033619,0
te_0033620,0
te_0033621,0
te_0033622,0
te_0033623,0
te_0033624,0
te_0033625,0
te_0033626,0
te_0033627,0
te_0033628,0
te_0033629,0
te_0033630,0
te_0033631,0
te_0033632,0
te_0033633,0
te_0033634,0
te_0033635,0
te_0033636,0
te_0033637,0
te_0033638,0
te_0033639,0
te_0033640,0
te_0033641,0
te_0033642,0
te_0033643,0
te_0033644,0
te_0033645,0
te_0033646,0
te_0033647,0
te_0033648,0
te_0033649,0
te_0033650,0
te_0033651,0
te_0033652,0
te_0033653,0
te_0033654,0
te_0033655,0
te_0033656,0
te_0033657,0
te_0033658,0
te_0033659,0
te_0033660,0
te_0033661,0
te_0033662,0
te_0033663,0
te_0033664,0
te_0033665,0
te_0033666,0
te_0033667,0
te_0033668,0
te_0033669,0
te_0033670,0
te_0033671,0
te_0033672,0
te_0033673,0
te_0033674,0
te_0033675,0
te_0033676,0
te_0033677,0
te_0033678,0
te_0033679,0
te_0033680,0
te_0033681,0
te_0033682,0
te_0033683,0
te_0033684,0
te_0033685,0
te_0033686,0
te_0033687,0
te_0033688,0
te_0033689,0
te_0033690,0
te_0033691,0
te_0033692,0
te_0033693,0
te_0033694,0
te_0033695,0
te_0033696,0
te_0033697,0
te_0033698,0
te_0033699,0
te_0033700,0
te_0033701,0
te_0033702,0
te_0033703,0
te_0033704,0
te_0033705,0
te_0033706,0
te_0033707,0
te_0033708,0
te_0033709,0
te_0033710,0
te_0033711,0
te_0033712,0
te_0033713,0
te_0033714,0
te_0033715,0
te_0033716,0
te_0033717,0
te_0033718,0
te_0033719,0
te_0033720,0
te_0033721,0
te_0033722,0
te_0033723,0
te_0033724,0
te_0033725,0
te_0033726,0
te_0033727,0
te_0033728,0
te_0033729,0
te_0033730,0
te_0033731,0
te_0033732,0
te_0033733,0
te_0033734,0
te_0033735,0
te_0033736,0
te_0033737,0
te_0033738,0
te_0033739,0
te_0033740,0
te_0033741,0
te_0033742,0
te_0033743,0
te_0033744,0
te_0033745,0
te_0033746,0
te_0033747,0
te_0033748,0
te_0033749,0
te_0033750,0
te_0033751,0
te_0033752,0
te_0033753,0
te_0033754,0
te_0033755,0
te_0033756,0
te_0033757,0
te_0033758,0
te_0033759,0
te_0033760,0
te_0033761,0
te_0033762,0
te_0033763,0
te_0033764,0
te_0033765,0
te_0033766,0
te_0033767,0
te_0033768,0
te_0033769,0
te_0033770,0
te_0033771,0
te_0033772,0
te_0033773,0
te_0033774,0
te_0033775,0
te_0033776,0
te_0033777,0
te_0033778,0
te_0033779,0
te_0033780,0
te_0033781,0
te_0033782,0
te_0033783,0
te_0033784,0
te_0033785,0
te_0033786,0
te_0033787,0
te_0033788,0
te_0033789,0
te_0033790,0
te_0033791,0
te_0033792,0
te_0033793,0
te_0033794,0
te_0033795,0
te_0033796,0
te_0033797,0
te_0033798,0
te_0033799,0
te_0033800,0
te_0033801,0
te_0033802,0
te_0033803,0
te_0033804,0
te_0033805,0
te_0033806,0
te_0033807,0
te_0033808,0
te_0033809,0
te_0033810,0
te_0033811,0
te_0033812,0
te_0033813,0
te_0033814,0
te_0033815,0
te_0033816,0
te_0033817,0
te_0033818,0
te_0033819,0
te_0033820,0
te_0033821,0
te_0033822,0
te_0033823,0
te_0033824,0
te_0033825,0
te_0033826,0
te_0033827,0
te_0033828,0
te_0033829,0
te_0033830,0
te_0033831,0
te_0033832,0
te_0033833,0
te_0033834,0
te_0033835,0
te_0033836,0
te_0033837,0
te_0033838,0
te_0033839,0
te_0033840,0
te_0033841,0
te_0033842,0
te_0033843,0
te_0033844,0
te_0033845,0
te_0033846,0
te_0033847,0
te_0033848,0
te_0033849,0
te_0033850,0
te_0033851,0
te_0033852,0
te_0033853,0
te_0033854,0
te_0033855,0
te_0033856,0
te_0033857,0
te_0033858,0
te_0033859,0
te_0033860,0
te_0033861,0
te_0033862,0
te_0033863,0
te_0033864,0
te_0033865,0
te_0033866,0
te_0033867,0
te_0033868,0
te_0033869,0
te_0033870,0
te_0033871,0
te_0033872,0
te_0033873,0
te_0033874,0
te_0033875,0
te_0033876,0
te_0033877,0
te_0033878,0
te_0033879,0
te_0033880,0
te_0033881,0
te_0033882,0
te_0033883,0
te_0033884,0
te_0033885,0
te_0033886,0
te_0033887,0
te_0033888,0
te_0033889,0
te_0033890,0
te_0033891,0
te_0033892,0
te_0033893,0
te_0033894,0
te_0033895,0
te_0033896,0
te_0033897,0
te_0033898,0
te_0033899,0
te_0033900,0
te_0033901,0
te_0033902,0
te_0033903,0
te_0033904,0
te_0033905,0
te_0033906,0
te_0033907,0
te_0033908,0
te_0033909,0
te_0033910,0
te_0033911,0
te_0033912,0
te_0033913,0
te_0033914,0
te_0033915,0
te_0033916,0
te_0033917,0
te_0033918,0
te_0033919,0
te_0033920,0
te_0033921,0
te_0033922,0
te_0033923,0
te_0033924,0
te_0033925,0
te_0033926,0
te_0033927,0
te_0033928,0
te_0033929,0
te_0033930,0
te_0033931,0
te_0033932,0
te_0033933,0
te_0033934,0
te_0033935,0
te_0033936,0
te_0033937,0
te_0033938,0
te_0033939,0
te_0033940,0
te_0033941,0
te_0033942,0
te_0033943,0
te_0033944,0
te_0033945,0
te_0033946,0
te_0033947,0
te_0033948,0
te_0033949,0
te_0033950,0
te_0033951,0
te_0033952,0
te_0033953,0
te_0033954,0
te_0033955,0
te_0033956,0
te_0033957,0
te_0033958,0
te_0033959,0
te_0033960,0
te_0033961,0
te_0033962,0
te_0033963,0
te_0033964,0
te_0033965,0
te_0033966,0
te_0033967,0
te_0033968,0
te_0033969,0
te_0033970,0
te_0033971,0
te_0033972,0
te_0033973,0
te_0033974,0
te_0033975,0
te_0033976,0
te_0033977,0
te_0033978,0
te_0033979,0
te_0033980,0
te_0033981,0
te_0033982,0
te_0033983,0
te_0033984,0
te_0033985,0
te_0033986,0
te_0033987,0
te_0033988,0
te_0033989,0
te_0033990,0
te_0033991,0
te_0033992,0
te_0033993,0
te_0033994,0
te_0033995,0
te_0033996,0
te_0033997,0
te_0033998,0
te_0033999,0
te_0034000,0
te_0034001,0
te_0034002,0
te_0034003,0
te_0034004,0
te_0034005,0
te_0034006,0
te_0034007,0
te_0034008,0
te_0034009,0
te_0034010,0
te_0034011,0
te_0034012,0
te_0034013,0
te_0034014,0
te_0034015,0
te_0034016,0
te_0034017,0
te_0034018,0
te_0034019,0
te_0034020,0
te_0034021,0
te_0034022,0
te_0034023,0
te_0034024,0
te_0034025,0
te_0034026,0
te_0034027,0
te_0034028,0
te_0034029,0
te_0034030,0
te_0034031,0
te_0034032,0
te_0034033,0
te_0034034,0
te_0034035,0
te_0034036,0
te_0034037,0
te_0034038,0
te_0034039,0
te_0034040,0
te_0034041,0
te_0034042,0
te_0034043,0
te_0034044,0
te_0034045,0
te_0034046,0
te_0034047,0
te_0034048,0
te_0034049,0
te_0034050,0
te_0034051,0
te_0034052,0
te_0034053,0
te_0034054,0
te_0034055,0
te_0034056,0
te_0034057,0
te_0034058,0
te_0034059,0
te_0034060,0
te_0034061,0
te_0034062,0
te_0034063,0
te_0034064,0
te_0034065,0
te_0034066,0
te_0034067,0
te_0034068,0
te_0034069,0
te_0034070,0
te_0034071,0
te_0034072,0
te_0034073,0
te_0034074,0
te_0034075,0
te_0034076,0
te_0034077,0
te_0034078,0
te_0034079,0
te_0034080,0
te_0034081,0
te_0034082,0
te_0034083,0
te_0034084,0
te_0034085,0
te_0034086,0
te_0034087,0
te_0034088,0
te_0034089,0
te_0034090,0
te_0034091,0
te_0034092,0
te_0034093,0
te_0034094,0
te_0034095,0
te_0034096,0
te_0034097,0
te_0034098,0
te_0034099,0
te_0034100,0
te_0034101,0
te_0034102,0
te_0034103,0
te_0034104,0
te_0034105,0
te_0034106,0
te_0034107,0
te_0034108,0
te_0034109,0
te_0034110,0
te_0034111,0
te_0034112,0
te_0034113,0
te_0034114,0
te_0034115,0
te_0034116,0
te_0034117,0
te_0034118,0
te_0034119,0
te_0034120,0
te_0034121,0
te_0034122,0
te_0034123,0
te_0034124,0
te_0034125,0
te_0034126,0
te_0034127,0
te_0034128,0
te_0034129,0
te_0034130,0
te_0034131,0
te_0034132,0
te_0034133,0
te_0034134,0
te_0034135,0
te_0034136,0
te_0034137,0
te_0034138,0
te_0034139,0
te_0034140,0
te_0034141,0
te_0034142,0
te_0034143,0
te_0034144,0
te_0034145,0
te_0034146,0
te_0034147,0
te_0034148,0
te_0034149,0
te_0034150,0
te_0034151,0
te_0034152,0
te_0034153,0
te_0034154,0
te_0034155,0
te_0034156,0
te_0034157,0
te_0034158,0
te_0034159,0
te_0034160,0
te_0034161,0
te_0034162,0
te_0034163,0
te_0034164,0
te_0034165,0
te_0034166,0
te_0034167,0
te_0034168,0
te_0034169,0
te_0034170,0
te_0034171,0
te_0034172,0
te_0034173,0
te_0034174,0
te_0034175,0
te_0034176,0
te_0034177,0
te_0034178,0
te_0034179,0
te_0034180,0
te_0034181,0
te_0034182,0
te_0034183,0
te_0034184,0
te_0034185,0
te_0034186,0
te_0034187,0
te_0034188,0
te_0034189,0
te_0034190,0
te_0034191,0
te_0034192,0
te_0034193,0
te_0034194,0
te_0034195,0
te_0034196,0
te_0034197,0
te_0034198,0
te_0034199,0
te_0034200,0
te_0034201,0
te_0034202,0
te_0034203,0
te_0034204,0
te_0034205,0
te_0034206,0
te_0034207,0
te_0034208,0
te_0034209,0
te_0034210,0
te_0034211,0
te_0034212,0
te_0034213,0
te_0034214,0
te_0034215,0
te_0034216,0
te_0034217,0
te_0034218,0
te_0034219,0
te_0034220,0
te_0034221,0
te_0034222,0
te_0034223,0
te_0034224,0
te_0034225,0
te_0034226,0
te_0034227,0
te_0034228,0
te_0034229,0
te_0034230,0
te_0034231,0
te_0034232,0
te_0034233,0
te_0034234,0
te_0034235,0
te_0034236,0
te_0034237,0
te_0034238,0
te_0034239,0
te_0034240,0
te_0034241,0
te_0034242,0
te_0034243,0
te_0034244,0
te_0034245,0
te_0034246,0
te_0034247,0
te_0034248,0
te_0034249,0
te_0034250,0
te_0034251,0
te_0034252,0
te_0034253,0
te_0034254,0
te_0034255,0
te_0034256,0
te_0034257,0
te_0034258,0
te_0034259,0
te_0034260,0
te_0034261,0
te_0034262,0
te_0034263,0
te_0034264,0
te_0034265,0
te_0034266,0
te_0034267,0
te_0034268,0
te_0034269,0
te_0034270,0
te_0034271,0
te_0034272,0
te_0034273,0
te_0034274,0
te_0034275,0
te_0034276,0
te_0034277,0
te_0034278,0
te_0034279,0
te_0034280,0
te_0034281,0
te_0034282,0
te_0034283,0
te_0034284,0
te_0034285,0
te_0034286,0
te_0034287,0
te_0034288,0
te_0034289,0
te_0034290,0
te_0034291,0
te_0034292,0
te_0034293,0
te_0034294,0
te_0034295,0
te_0034296,0
te_0034297,0
te_0034298,0
te_0034299,0
te_0034300,0
te_0034301,0
te_0034302,0
te_0034303,0
te_0034304,0
te_0034305,0
te_0034306,0
te_0034307,0
te_0034308,0
te_0034309,0
te_0034310,0
te_0034311,0
te_0034312,0
te_0034313,0
te_0034314,0
te_0034315,0
te_0034316,0
te_0034317,0
te_0034318,0
te_0034319,0
te_0034320,0
te_0034321,0
te_0034322,0
te_0034323,0
te_0034324,0
te_0034325,0
te_0034326,0
te_0034327,0
te_0034328,0
te_0034329,0
te_0034330,0
te_0034331,0
te_0034332,0
te_0034333,0
te_0034334,0
te_0034335,0
te_0034336,0
te_0034337,0
te_0034338,0
te_0034339,0
te_0034340,0
te_0034341,0
te_0034342,0
te_0034343,0
te_0034344,0
te_0034345,0
te_0034346,0
te_0034347,0
te_0034348,0
te_0034349,0
te_0034350,0
te_0034351,0
te_0034352,0
te_0034353,0
te_0034354,0
te_0034355,0
te_0034356,0
te_0034357,0
te_0034358,0
te_0034359,0
te_0034360,0
te_0034361,0
te_0034362,0
te_0034363,0
te_0034364,0
te_0034365,0
te_0034366,0
te_0034367,0
te_0034368,0
te_0034369,0
te_0034370,0
te_0034371,0
te_0034372,0
te_0034373,0
te_0034374,0
te_0034375,0
te_0034376,0
te_0034377,0
te_0034378,0
te_0034379,0
te_0034380,0
te_0034381,0
te_0034382,0
te_0034383,0
te_0034384,0
te_0034385,0
te_0034386,0
te_0034387,0
te_0034388,0
te_0034389,0
te_0034390,0
te_0034391,0
te_0034392,0
te_0034393,0
te_0034394,0
te_0034395,0
te_0034396,0
te_0034397,0
te_0034398,0
te_0034399,0
te_0034400,0
te_0034401,0
te_0034402,0
te_0034403,0
te_0034404,0
te_0034405,0
te_0034406,0
te_0034407,0
te_0034408,0
te_0034409,0
te_0034410,0
te_0034411,0
te_0034412,0
te_0034413,0
te_0034414,0
te_0034415,0
te_0034416,0
te_0034417,0
te_0034418,0
te_0034419,0
te_0034420,0
te_0034421,0
te_0034422,0
te_0034423,0
te_0034424,0
te_0034425,0
te_0034426,0
te_0034427,0
te_0034428,0
te_0034429,0
te_0034430,0
te_0034431,0
te_0034432,0
te_0034433,0
te_0034434,0
te_0034435,0
te_0034436,0
te_0034437,0
te_0034438,0
te_0034439,0
te_0034440,0
te_0034441,0
te_0034442,0
te_0034443,0
te_0034444,0
te_0034445,0
te_0034446,0
te_0034447,0
te_0034448,0
te_0034449,0
te_0034450,0
te_0034451,0
te_0034452,0
te_0034453,0
te_0034454,0
te_0034455,0
te_0034456,0
te_0034457,0
te_0034458,0
te_0034459,0
te_0034460,0
te_0034461,0
te_0034462,0
te_0034463,0
te_0034464,0
te_0034465,0
te_0034466,0
te_0034467,0
te_0034468,0
te_0034469,0
te_0034470,0
te_0034471,0
te_0034472,0
te_0034473,0
te_0034474,0
te_0034475,0
te_0034476,0
te_0034477,0
te_0034478,0
te_0034479,0
te_0034480,0
te_0034481,0
te_0034482,0
te_0034483,0
te_0034484,0
te_0034485,0
te_0034486,0
te_0034487,0
te_0034488,0
te_0034489,0
te_0034490,0
te_0034491,0
te_0034492,0
te_0034493,0
te_0034494,0
te_0034495,0
te_0034496,0
te_0034497,0
te_0034498,0
te_0034499,0
te_0034500,0
te_0034501,0
te_0034502,0
te_0034503,0
te_0034504,0
te_0034505,0
te_0034506,0
te_0034507,0
te_0034508,0
te_0034509,0
te_0034510,0
te_0034511,0
te_0034512,0
te_0034513,0
te_0034514,0
te_0034515,0
te_0034516,0
te_0034517,0
te_0034518,0
te_0034519,0
te_0034520,0
te_0034521,0
te_0034522,0
te_0034523,0
te_0034524,0
te_0034525,0
te_0034526,0
te_0034527,0
te_0034528,0
te_0034529,0
te_0034530,0
te_0034531,0
te_0034532,0
te_0034533,0
te_0034534,0
te_0034535,0
te_0034536,0
te_0034537,0
te_0034538,0
te_0034539,0
te_0034540,0
te_0034541,0
te_0034542,0
te_0034543,0
te_0034544,0
te_0034545,0
te_0034546,0
te_0034547,0
te_0034548,0
te_0034549,0
te_0034550,0
te_0034551,0
te_0034552,0
te_0034553,0
te_0034554,0
te_0034555,0
te_0034556,0
te_0034557,0
te_0034558,0
te_0034559,0
te_0034560,0
te_0034561,0
te_0034562,0
te_0034563,0
te_0034564,0
te_0034565,0
te_0034566,0
te_0034567,0
te_0034568,0
te_0034569,0
te_0034570,0
te_0034571,0
te_0034572,0
te_0034573,0
te_0034574,0
te_0034575,0
te_0034576,0
te_0034577,0
te_0034578,0
te_0034579,0
te_0034580,0
te_0034581,0
te_0034582,0
te_0034583,0
te_0034584,0
te_0034585,0
te_0034586,0
te_0034587,0
te_0034588,0
te_0034589,0
te_0034590,0
te_0034591,0
te_0034592,0
te_0034593,0
te_0034594,0
te_0034595,0
te_0034596,0
te_0034597,0
te_0034598,0
te_0034599,0
te_0034600,0
te_0034601,0
te_0034602,0
te_0034603,0
te_0034604,0
te_0034605,0
te_0034606,0
te_0034607,0
te_0034608,0
te_0034609,0
te_0034610,0
te_0034611,0
te_0034612,0
te_0034613,0
te_0034614,0
te_0034615,0
te_0034616,0
te_0034617,0
te_0034618,0
te_0034619,0
te_0034620,0
te_0034621,0
te_0034622,0
te_0034623,0
te_0034624,0
te_0034625,0
te_0034626,0
te_0034627,0
te_0034628,0
te_0034629,0
te_0034630,0
te_0034631,0
te_0034632,0
te_0034633,0
te_0034634,0
te_0034635,0
te_0034636,0
te_0034637,0
te_0034638,0
te_0034639,0
te_0034640,0
te_0034641,0
te_0034642,0
te_0034643,0
te_0034644,0
te_0034645,0
te_0034646,0
te_0034647,0
te_0034648,0
te_0034649,0
te_0034650,0
te_0034651,0
te_0034652,0
te_0034653,0
te_0034654,0
te_0034655,0
te_0034656,0
te_0034657,0
te_0034658,0
te_0034659,0
te_0034660,0
te_0034661,0
te_0034662,0
te_0034663,0
te_0034664,0
te_0034665,0
te_0034666,0
te_0034667,0
te_0034668,0
te_0034669,0
te_0034670,0
te_0034671,0
te_0034672,0
te_0034673,0
te_0034674,0
te_0034675,0
te_0034676,0
te_0034677,0
te_0034678,0
te_0034679,0
te_0034680,0
te_0034681,0
te_0034682,0
te_0034683,0
te_0034684,0
te_0034685,0
te_0034686,0
te_0034687,0
te_0034688,0
te_0034689,0
te_0034690,0
te_0034691,0
te_0034692,0
te_0034693,0
te_0034694,0
te_0034695,0
te_0034696,0
te_0034697,0
te_0034698,0
te_0034699,0
te_0034700,0
te_0034701,0
te_0034702,0
te_0034703,0
te_0034704,0
te_0034705,0
te_0034706,0
te_0034707,0
te_0034708,0
te_0034709,0
te_0034710,0
te_0034711,0
te_0034712,0
te_0034713,0
te_0034714,0
te_0034715,0
te_0034716,0
te_0034717,0
te_0034718,0
te_0034719,0
te_0034720,0
te_0034721,0
te_0034722,0
te_0034723,0
te_0034724,0
te_0034725,0
te_0034726,0
te_0034727,0
te_0034728,0
te_0034729,0
te_0034730,0
te_0034731,0
te_0034732,0
te_0034733,0
te_0034734,0
te_0034735,0
te_0034736,0
te_0034737,0
te_0034738,0
te_0034739,0
te_0034740,0
te_0034741,0
te_0034742,0
te_0034743,0
te_0034744,0
te_0034745,0
te_0034746,0
te_0034747,0
te_0034748,0
te_0034749,0
te_0034750,0
te_0034751,0
te_0034752,0
te_0034753,0
te_0034754,0
te_0034755,0
te_0034756,0
te_0034757,0
te_0034758,0
te_0034759,0
te_0034760,0
te_0034761,0
te_0034762,0
te_0034763,0
te_0034764,0
te_0034765,0
te_0034766,0
te_0034767,0
te_0034768,0
te_0034769,0
te_0034770,0
te_0034771,0
te_0034772,0
te_0034773,0
te_0034774,0
te_0034775,0
te_0034776,0
te_0034777,0
te_0034778,0
te_0034779,0
te_0034780,0
te_0034781,0
te_0034782,0
te_0034783,0
te_0034784,0
te_0034785,0
te_0034786,0
te_0034787,0
te_0034788,0
te_0034789,0
te_0034790,0
te_0034791,0
te_0034792,0
te_0034793,0
te_0034794,0
te_0034795,0
te_0034796,0
te_0034797,0
te_0034798,0
te_0034799,0
te_0034800,0
te_0034801,0
te_0034802,0
te_0034803,0
te_0034804,0
te_0034805,0
te_0034806,0
te_0034807,0
te_0034808,0
te_0034809,0
te_0034810,0
te_0034811,0
te_0034812,0
te_0034813,0
te_0034814,0
te_0034815,0
te_0034816,0
te_0034817,0
te_0034818,0
te_0034819,0
te_0034820,0
te_0034821,0
te_0034822,0
te_0034823,0
te_0034824,0
te_0034825,0
te_0034826,0
te_0034827,0
te_0034828,0
te_0034829,0
te_0034830,0
te_0034831,0
te_0034832,0
te_0034833,0
te_0034834,0
te_0034835,0
te_0034836,0
te_0034837,0
te_0034838,0
te_0034839,0
te_0034840,0
te_0034841,0
te_0034842,0
te_0034843,0
te_0034844,0
te_0034845,0
te_0034846,0
te_0034847,0
te_0034848,0
te_0034849,0
te_0034850,0
te_0034851,0
te_0034852,0
te_0034853,0
te_0034854,0
te_0034855,0
te_0034856,0
te_0034857,0
te_0034858,0
te_0034859,0
te_0034860,0
te_0034861,0
te_0034862,0
te_0034863,0
te_0034864,0
te_0034865,0
te_0034866,0
te_0034867,0
te_0034868,0
te_0034869,0
te_0034870,0
te_0034871,0
te_0034872,0
te_0034873,0
te_0034874,0
te_0034875,0
te_0034876,0
te_0034877,0
te_0034878,0
te_0034879,0
te_0034880,0
te_0034881,0
te_0034882,0
te_0034883,0
te_0034884,0
te_0034885,0
te_0034886,0
te_0034887,0
te_0034888,0
te_0034889,0
te_0034890,0
te_0034891,0
te_0034892,0
te_0034893,0
te_0034894,0
te_0034895,0
te_0034896,0
te_0034897,0
te_0034898,0
te_0034899,0
te_0034900,0
te_0034901,0
te_0034902,0
te_0034903,0
te_0034904,0
te_0034905,0
te_0034906,0
te_0034907,0
te_0034908,0
te_0034909,0
te_0034910,0
te_0034911,0
te_0034912,0
te_0034913,0
te_0034914,0
te_0034915,0
te_0034916,0
te_0034917,0
te_0034918,0
te_0034919,0
te_0034920,0
te_0034921,0
te_0034922,0
te_0034923,0
te_0034924,0
te_0034925,0
te_0034926,0
te_0034927,0
te_0034928,0
te_0034929,0
te_0034930,0
te_0034931,0
te_0034932,0
te_0034933,0
te_0034934,0
te_0034935,0
te_0034936,0
te_0034937,0
te_0034938,0
te_0034939,0
te_0034940,0
te_0034941,0
te_0034942,0
te_0034943,0
te_0034944,0
te_0034945,0
te_0034946,0
te_0034947,0
te_0034948,0
te_0034949,0
te_0034950,0
te_0034951,0
te_0034952,0
te_0034953,0
te_0034954,0
te_0034955,0
te_0034956,0
te_0034957,0
te_0034958,0
te_0034959,0
te_0034960,0
te_0034961,0
te_0034962,0
te_0034963,0
te_0034964,0
te_0034965,0
te_0034966,0
te_0034967,0
te_0034968,0
te_0034969,0
te_0034970,0
te_0034971,0
te_0034972,0
te_0034973,0
te_0034974,0
te_0034975,0
te_0034976,0
te_0034977,0
te_0034978,0
te_0034979,0
te_0034980,0
te_0034981,0
te_0034982,0
te_0034983,0
te_0034984,0
te_0034985,0
te_0034986,0
te_0034987,0
te_0034988,0
te_0034989,0
te_0034990,0
te_0034991,0
te_0034992,0
te_0034993,0
te_0034994,0
te_0034995,0
te_0034996,0
te_0034997,0
te_0034998,0
te_0034999,0
te_0035000,0
te_0035001,0
te_0035002,0
te_0035003,0
te_0035004,0
te_0035005,0
te_0035006,0
te_0035007,0
te_0035008,0
te_0035009,0
te_0035010,0
te_0035011,0
te_0035012,0
te_0035013,0
te_0035014,0
te_0035015,0
te_0035016,0
te_0035017,0
te_0035018,0
te_0035019,0
te_0035020,0
te_0035021,0
te_0035022,0
te_0035023,0
te_0035024,0
te_0035025,0
te_0035026,0
te_0035027,0
te_0035028,0
te_0035029,0
te_0035030,0
te_0035031,0
te_0035032,0
te_0035033,0
te_0035034,0
te_0035035,0
te_0035036,0
te_0035037,0
te_0035038,0
te_0035039,0
te_0035040,0
te_0035041,0
te_0035042,0
te_0035043,0
te_0035044,0
te_0035045,0
te_0035046,0
te_0035047,0
te_0035048,0
te_0035049,0
te_0035050,0
te_0035051,0
te_0035052,0
te_0035053,0
te_0035054,0
te_0035055,0
te_0035056,0
te_0035057,0
te_0035058,0
te_0035059,0
te_0035060,0
te_0035061,0
te_0035062,0
te_0035063,0
te_0035064,0
te_0035065,0
te_0035066,0
te_0035067,0
te_0035068,0
te_0035069,0
te_0035070,0
te_0035071,0
te_0035072,0
te_0035073,0
te_0035074,0
te_0035075,0
te_0035076,0
te_0035077,0
te_0035078,0
te_0035079,0
te_0035080,0
te_0035081,0
te_0035082,0
te_0035083,0
te_0035084,0
te_0035085,0
te_0035086,0
te_0035087,0
te_0035088,0
te_0035089,0
te_0035090,0
te_0035091,0
te_0035092,0
te_0035093,0
te_0035094,0
te_0035095,0
te_0035096,0
te_0035097,0
te_0035098,0
te_0035099,0
te_0035100,0
te_0035101,0
te_0035102,0
te_0035103,0
te_0035104,0
te_0035105,0
te_0035106,0
te_0035107,0
te_0035108,0
te_0035109,0
te_0035110,0
te_0035111,0
te_0035112,0
te_0035113,0
te_0035114,0
te_0035115,0
te_0035116,0
te_0035117,0
te_0035118,0
te_0035119,0
te_0035120,0
te_0035121,0
te_0035122,0
te_0035123,0
te_0035124,0
te_0035125,0
te_0035126,0
te_0035127,0
te_0035128,0
te_0035129,0
te_0035130,0
te_0035131,0
te_0035132,0
te_0035133,0
te_0035134,0
te_0035135,0
te_0035136,0
te_0035137,0
te_0035138,0
te_0035139,0
te_0035140,0
te_0035141,0
te_0035142,0
te_0035143,0
te_0035144,0
te_0035145,0
te_0035146,0
te_0035147,0
te_0035148,0
te_0035149,0
te_0035150,0
te_0035151,0
te_0035152,0
te_0035153,0
te_0035154,0
te_0035155,0
te_0035156,0
te_0035157,0
te_0035158,0
te_0035159,0
te_0035160,0
te_0035161,0
te_0035162,0
te_0035163,0
te_0035164,0
te_0035165,0
te_0035166,0
te_0035167,0
te_0035168,0
te_0035169,0
te_0035170,0
te_0035171,0
te_0035172,0
te_0035173,0
te_0035174,0
te_0035175,0
te_0035176,0
te_0035177,0
te_0035178,0
te_0035179,0
te_0035180,0
te_0035181,0
te_0035182,0
te_0035183,0
te_0035184,0
te_0035185,0
te_0035186,0
te_0035187,0
te_0035188,0
te_0035189,0
te_0035190,0
te_0035191,0
te_0035192,0
te_0035193,0
te_0035194,0
te_0035195,0
te_0035196,0
te_0035197,0
te_0035198,0
te_0035199,0
te_0035200,0
te_0035201,0
te_0035202,0
te_0035203,0
te_0035204,0
te_0035205,0
te_0035206,0
te_0035207,0
te_0035208,0
te_0035209,0
te_0035210,0
te_0035211,0
te_0035212,0
te_0035213,0
te_0035214,0
te_0035215,0
te_0035216,0
te_0035217,0
te_0035218,0
te_0035219,0
te_0035220,0
te_0035221,0
te_0035222,0
te_0035223,0
te_0035224,0
te_0035225,0
te_0035226,0
te_0035227,0
te_0035228,0
te_0035229,0
te_0035230,0
te_0035231,0
te_0035232,0
te_0035233,0
te_0035234,0
te_0035235,0
te_0035236,0
te_0035237,0
te_0035238,0
te_0035239,0
te_0035240,0
te_0035241,0
te_0035242,0
te_0035243,0
te_0035244,0
te_0035245,0
te_0035246,0
te_0035247,0
te_0035248,0
te_0035249,0
te_0035250,0
te_0035251,0
te_0035252,0
te_0035253,0
te_0035254,0
te_0035255,0
te_0035256,0
te_0035257,0
te_0035258,0
te_0035259,0
te_0035260,0
te_0035261,0
te_0035262,0
te_0035263,0
te_0035264,0
te_0035265,0
te_0035266,0
te_0035267,0
te_0035268,0
te_0035269,0
te_0035270,0
te_0035271,0
te_0035272,0
te_0035273,0
te_0035274,0
te_0035275,0
te_0035276,0
te_0035277,0
te_0035278,0
te_0035279,0
te_0035280,0
te_0035281,0
te_0035282,0
te_0035283,0
te_0035284,0
te_0035285,0
te_0035286,0
te_0035287,0
te_0035288,0
te_0035289,0
te_0035290,0
te_0035291,0
te_0035292,0
te_0035293,0
te_0035294,0
te_0035295,0
te_0035296,0
te_0035297,0
te_0035298,0
te_0035299,0
te_0035300,0
te_0035301,0
te_0035302,0
te_0035303,0
te_0035304,0
te_0035305,0
te_0035306,0
te_0035307,0
te_0035308,0
te_0035309,0
te_0035310,0
te_0035311,0
te_0035312,0
te_0035313,0
te_0035314,0
te_0035315,0
te_0035316,0
te_0035317,0
te_0035318,0
te_0035319,0
te_0035320,0
te_0035321,0
te_0035322,0
te_0035323,0
te_0035324,0
te_0035325,0
te_0035326,0
te_0035327,0
te_0035328,0
te_0035329,0
te_0035330,0
te_0035331,0
te_0035332,0
te_0035333,0
te_0035334,0
te_0035335,0
te_0035336,0
te_0035337,0
te_0035338,0
te_0035339,0
te_0035340,0
te_0035341,0
te_0035342,0
te_0035343,0
te_0035344,0
te_0035345,0
te_0035346,0
te_0035347,0
te_0035348,0
te_0035349,0
te_0035350,0
te_0035351,0
te_0035352,0
te_0035353,0
te_0035354,0
te_0035355,0
te_0035356,0
te_0035357,0
te_0035358,0
te_0035359,0
te_0035360,0
te_0035361,0
te_0035362,0
te_0035363,0
te_0035364,0
te_0035365,0
te_0035366,0
te_0035367,0
te_0035368,0
te_0035369,0
te_0035370,0
te_0035371,0
te_0035372,0
te_0035373,0
te_0035374,0
te_0035375,0
te_0035376,0
te_0035377,0
te_0035378,0
te_0035379,0
te_0035380,0
te_0035381,0
te_0035382,0
te_0035383,0
te_0035384,0
te_0035385,0
te_0035386,0
te_0035387,0
te_0035388,0
te_0035389,0
te_0035390,0
te_0035391,0
te_0035392,0
te_0035393,0
te_0035394,0
te_0035395,0
te_0035396,0
te_0035397,0
te_0035398,0
te_0035399,0
te_0035400,0
te_0035401,0
te_0035402,0
te_0035403,0
te_0035404,0
te_0035405,0
te_0035406,0
te_0035407,0
te_0035408,0
te_0035409,0
te_0035410,0
te_0035411,0
te_0035412,0
te_0035413,0
te_0035414,0
te_0035415,0
te_0035416,0
te_0035417,0
te_0035418,0
te_0035419,0
te_0035420,0
te_0035421,0
te_0035422,0
te_0035423,0
te_0035424,0
te_0035425,0
te_0035426,0
te_0035427,0
te_0035428,0
te_0035429,0
te_0035430,0
te_0035431,0
te_0035432,0
te_0035433,0
te_0035434,0
te_0035435,0
te_0035436,0
te_0035437,0
te_0035438,0
te_0035439,0
te_0035440,0
te_0035441,0
te_0035442,0
te_0035443,0
te_0035444,0
te_0035445,0
te_0035446,0
te_0035447,0
te_0035448,0
te_0035449,0
te_0035450,0
te_0035451,0
te_0035452,0
te_0035453,0
te_0035454,0
te_0035455,0
te_0035456,0
te_0035457,0
te_0035458,0
te_0035459,0
te_0035460,0
te_0035461,0
te_0035462,0
te_0035463,0
te_0035464,0
te_0035465,0
te_0035466,0
te_0035467,0
te_0035468,0
te_0035469,0
te_0035470,0
te_0035471,0
te_0035472,0
te_0035473,0
te_0035474,0
te_0035475,0
te_0035476,0
te_0035477,0
te_0035478,0
te_0035479,0
te_0035480,0
te_0035481,0
te_0035482,0
te_0035483,0
te_0035484,0
te_0035485,0
te_0035486,0
te_0035487,0
te_0035488,0
te_0035489,0
te_0035490,0
te_0035491,0
te_0035492,0
te_0035493,0
te_0035494,0
te_0035495,0
te_0035496,0
te_0035497,0
te_0035498,0
te_0035499,0
te_0035500,0
te_0035501,0
te_0035502,0
te_0035503,0
te_0035504,0
te_0035505,0
te_0035506,0
te_0035507,0
te_0035508,0
te_0035509,0
te_0035510,0
te_0035511,0
te_0035512,0
te_0035513,0
te_0035514,0
te_0035515,0
te_0035516,0
te_0035517,0
te_0035518,0
te_0035519,0
te_0035520,0
te_0035521,0
te_0035522,0
te_0035523,0
te_0035524,0
te_0035525,0
te_0035526,0
te_0035527,0
te_0035528,0
te_0035529,0
te_0035530,0
te_0035531,0
te_0035532,0
te_0035533,0
te_0035534,0
te_0035535,0
te_0035536,0
te_0035537,0
te_0035538,0
te_0035539,0
te_0035540,0
te_0035541,0
te_0035542,0
te_0035543,0
te_0035544,0
te_0035545,0
te_0035546,0
te_0035547,0
te_0035548,0
te_0035549,0
te_0035550,0
te_0035551,0
te_0035552,0
te_0035553,0
te_0035554,0
te_0035555,0
te_0035556,0
te_0035557,0
te_0035558,0
te_0035559,0
te_0035560,0
te_0035561,0
te_0035562,0
te_0035563,0
te_0035564,0
te_0035565,0
te_0035566,0
te_0035567,0
te_0035568,0
te_0035569,0
te_0035570,0
te_0035571,0
te_0035572,0
te_0035573,0
te_0035574,0
te_0035575,0
te_0035576,0
te_0035577,0
te_0035578,0
te_0035579,0
te_0035580,0
te_0035581,0
te_0035582,0
te_0035583,0
te_0035584,0
te_0035585,0
te_0035586,0
te_0035587,0
te_0035588,0
te_0035589,0
te_0035590,0
te_0035591,0
te_0035592,0
te_0035593,0
te_0035594,0
te_0035595,0
te_0035596,0
te_0035597,0
te_0035598,0
te_0035599,0
te_0035600,0
te_0035601,0
te_0035602,0
te_0035603,0
te_0035604,0
te_0035605,0
te_0035606,0
te_0035607,0
te_0035608,0
te_0035609,0
te_0035610,0
te_0035611,0
te_0035612,0
te_0035613,0
te_0035614,0
te_0035615,0
te_0035616,0
te_0035617,0
te_0035618,0
te_0035619,0
te_0035620,0
te_0035621,0
te_0035622,0
te_0035623,0
te_0035624,0
te_0035625,0
te_0035626,0
te_0035627,0
te_0035628,0
te_0035629,0
te_0035630,0
te_0035631,0
te_0035632,0
te_0035633,0
te_0035634,0
te_0035635,0
te_0035636,0
te_0035637,0
te_0035638,0
te_0035639,0
te_0035640,0
te_0035641,0
te_0035642,0
te_0035643,0
te_0035644,0
te_0035645,0
te_0035646,0
te_0035647,0
te_0035648,0
te_0035649,0
te_0035650,0
te_0035651,0
te_0035652,0
te_0035653,0
te_0035654,0
te_0035655,0
te_0035656,0
te_0035657,0
te_0035658,0
te_0035659,0
te_0035660,0
te_0035661,0
te_0035662,0
te_0035663,0
te_0035664,0
te_0035665,0
te_0035666,0
te_0035667,0
te_0035668,0
te_0035669,0
te_0035670,0
te_0035671,0
te_0035672,0
te_0035673,0
te_0035674,0
te_0035675,0
te_0035676,0
te_0035677,0
te_0035678,0
te_0035679,0
te_0035680,0
te_0035681,0
te_0035682,0
te_0035683,0
te_0035684,0
te_0035685,0
te_0035686,0
te_0035687,0
te_0035688,0
te_0035689,0
te_0035690,0
te_0035691,0
te_0035692,0
te_0035693,0
te_0035694,0
te_0035695,0
te_0035696,0
te_0035697,0
te_0035698,0
te_0035699,0
te_0035700,0
te_0035701,0
te_0035702,0
te_0035703,0
te_0035704,0
te_0035705,0
te_0035706,0
te_0035707,0
te_0035708,0
te_0035709,0
te_0035710,0
te_0035711,0
te_0035712,0
te_0035713,0
te_0035714,0
te_0035715,0
te_0035716,0
te_0035717,0
te_0035718,0
te_0035719,0
te_0035720,0
te_0035721,0
te_0035722,0
te_0035723,0
te_0035724,0
te_0035725,0
te_0035726,0
te_0035727,0
te_0035728,0
te_0035729,0
te_0035730,0
te_0035731,0
te_0035732,0
te_0035733,0
te_0035734,0
te_0035735,0
te_0035736,0
te_0035737,0
te_0035738,0
te_0035739,0
te_0035740,0
te_0035741,0
te_0035742,0
te_0035743,0
te_0035744,0
te_0035745,0
te_0035746,0
te_0035747,0
te_0035748,0
te_0035749,0
te_0035750,0
te_0035751,0
te_0035752,0
te_0035753,0
te_0035754,0
te_0035755,0
te_0035756,0
te_0035757,0
te_0035758,0
te_0035759,0
te_0035760,0
te_0035761,0
te_0035762,0
te_0035763,0
te_0035764,0
te_0035765,0
te_0035766,0
te_0035767,0
te_0035768,0
te_0035769,0
te_0035770,0
te_0035771,0
te_0035772,0
te_0035773,0
te_0035774,0
te_0035775,0
te_0035776,0
te_0035777,0
te_0035778,0
te_0035779,0
te_0035780,0
te_0035781,0
te_0035782,0
te_0035783,0
te_0035784,0
te_0035785,0
te_0035786,0
te_0035787,0
te_0035788,0
te_0035789,0
te_0035790,0
te_0035791,0
te_0035792,0
te_0035793,0
te_0035794,0
te_0035795,0
te_0035796,0
te_0035797,0
te_0035798,0
te_0035799,0
te_0035800,0
te_0035801,0
te_0035802,0
te_0035803,0
te_0035804,0
te_0035805,0
te_0035806,0
te_0035807,0
te_0035808,0
te_0035809,0
te_0035810,0
te_0035811,0
te_0035812,0
te_0035813,0
te_0035814,0
te_0035815,0
te_0035816,0
te_0035817,0
te_0035818,0
te_0035819,0
te_0035820,0
te_0035821,0
te_0035822,0
te_0035823,0
te_0035824,0
te_0035825,0
te_0035826,0
te_0035827,0
te_0035828,0
te_0035829,0
te_0035830,0
te_0035831,0
te_0035832,0
te_0035833,0
te_0035834,0
te_0035835,0
te_0035836,0
te_0035837,0
te_0035838,0
te_0035839,0
te_0035840,0
te_0035841,0
te_0035842,0
te_0035843,0
te_0035844,0
te_0035845,0
te_0035846,0
te_0035847,0
te_0035848,0
te_0035849,0
te_0035850,0
te_0035851,0
te_0035852,0
te_0035853,0
te_0035854,0
te_0035855,0
te_0035856,0
te_0035857,0
te_0035858,0
te_0035859,0
te_0035860,0
te_0035861,0
te_0035862,0
te_0035863,0
te_0035864,0
te_0035865,0
te_0035866,0
te_0035867,0
te_0035868,0
te_0035869,0
te_0035870,0
te_0035871,0
te_0035872,0
te_0035873,0
te_0035874,0
te_0035875,0
te_0035876,0
te_0035877,0
te_0035878,0
te_0035879,0
te_0035880,0
te_0035881,0
te_0035882,0
te_0035883,0
te_0035884,0
te_0035885,0
te_0035886,0
te_0035887,0
te_0035888,0
te_0035889,0
te_0035890,0
te_0035891,0
te_0035892,0
te_0035893,0
te_0035894,0
te_0035895,0
te_0035896,0
te_0035897,0
te_0035898,0
te_0035899,0
te_0035900,0
te_0035901,0
te_0035902,0
te_0035903,0
te_0035904,0
te_0035905,0
te_0035906,0
te_0035907,0
te_0035908,0
te_0035909,0
te_0035910,0
te_0035911,0
te_0035912,0
te_0035913,0
te_0035914,0
te_0035915,0
te_0035916,0
te_0035917,0
te_0035918,0
te_0035919,0
te_0035920,0
te_0035921,0
te_0035922,0
te_0035923,0
te_0035924,0
te_0035925,0
te_0035926,0
te_0035927,0
te_0035928,0
te_0035929,0
te_0035930,0
te_0035931,0
te_0035932,0
te_0035933,0
te_0035934,0
te_0035935,0
te_0035936,0
te_0035937,0
te_0035938,0
te_0035939,0
te_0035940,0
te_0035941,0
te_0035942,0
te_0035943,0
te_0035944,0
te_0035945,0
te_0035946,0
te_0035947,0
te_0035948,0
te_0035949,0
te_0035950,0
te_0035951,0
te_0035952,0
te_0035953,0
te_0035954,0
te_0035955,0
te_0035956,0
te_0035957,0
te_0035958,0
te_0035959,0
te_0035960,0
te_0035961,0
te_0035962,0
te_0035963,0
te_0035964,0
te_0035965,0
te_0035966,0
te_0035967,0
te_0035968,0
te_0035969,0
te_0035970,0
te_0035971,0
te_0035972,0
te_0035973,0
te_0035974,0
te_0035975,0
te_0035976,0
te_0035977,0
te_0035978,0
te_0035979,0
te_0035980,0
te_0035981,0
te_0035982,0
te_0035983,0
te_0035984,0
te_0035985,0
te_0035986,0
te_0035987,0
te_0035988,0
te_0035989,0
te_0035990,0
te_0035991,0
te_0035992,0
te_0035993,0
te_0035994,0
te_0035995,0
te_0035996,0
te_0035997,0
te_0035998,0
te_0035999,0
te_0036000,0
te_0036001,0
te_0036002,0
te_0036003,0
te_0036004,0
te_0036005,0
te_0036006,0
te_0036007,0
te_0036008,0
te_0036009,0
te_0036010,0
te_0036011,0
te_0036012,0
te_0036013,0
te_0036014,0
te_0036015,0
te_0036016,0
te_0036017,0
te_0036018,0
te_0036019,0
te_0036020,0
te_0036021,0
te_0036022,0
te_0036023,0
te_0036024,0
te_0036025,0
te_0036026,0
te_0036027,0
te_0036028,0
te_0036029,0
te_0036030,0
te_0036031,0
te_0036032,0
te_0036033,0
te_0036034,0
te_0036035,0
te_0036036,0
te_0036037,0
te_0036038,0
te_0036039,0
te_0036040,0
te_0036041,0
te_0036042,0
te_0036043,0
te_0036044,0
te_0036045,0
te_0036046,0
te_0036047,0
te_0036048,0
te_0036049,0
te_0036050,0
te_0036051,0
te_0036052,0
te_0036053,0
te_0036054,0
te_0036055,0
te_0036056,0
te_0036057,0
te_0036058,0
te_0036059,0
te_0036060,0
te_0036061,0
te_0036062,0
te_0036063,0
te_0036064,0
te_0036065,0
te_0036066,0
te_0036067,0
te_0036068,0
te_0036069,0
te_0036070,0
te_0036071,0
te_0036072,0
te_0036073,0
te_0036074,0
te_0036075,0
te_0036076,0
te_0036077,0
te_0036078,0
te_0036079,0
te_0036080,0
te_0036081,0
te_0036082,0
te_0036083,0
te_0036084,0
te_0036085,0
te_0036086,0
te_0036087,0
te_0036088,0
te_0036089,0
te_0036090,0
te_0036091,0
te_0036092,0
te_0036093,0
te_0036094,0
te_0036095,0
te_0036096,0
te_0036097,0
te_0036098,0
te_0036099,0
te_0036100,0
te_0036101,0
te_0036102,0
te_0036103,0
te_0036104,0
te_0036105,0
te_0036106,0
te_0036107,0
te_0036108,0
te_0036109,0
te_0036110,0
te_0036111,0
te_0036112,0
te_0036113,0
te_0036114,0
te_0036115,0
te_0036116,0
te_0036117,0
te_0036118,0
te_0036119,0
te_0036120,0
te_0036121,0
te_0036122,0
te_0036123,0
te_0036124,0
te_0036125,0
te_0036126,0
te_0036127,0
te_0036128,0
te_0036129,0
te_0036130,0
te_0036131,0
te_0036132,0
te_0036133,0
te_0036134,0
te_0036135,0
te_0036136,0
te_0036137,0
te_0036138,0
te_0036139,0
te_0036140,0
te_0036141,0
te_0036142,0
te_0036143,0
te_0036144,0
te_0036145,0
te_0036146,0
te_0036147,0
te_0036148,0
te_0036149,0
te_0036150,0
te_0036151,0
te_0036152,0
te_0036153,0
te_0036154,0
te_0036155,0
te_0036156,0
te_0036157,0
te_0036158,0
te_0036159,0
te_0036160,0
te_0036161,0
te_0036162,0
te_0036163,0
te_0036164,0
te_0036165,0
te_0036166,0
te_0036167,0
te_0036168,0
te_0036169,0
te_0036170,0
te_0036171,0
te_0036172,0
te_0036173,0
te_0036174,0
te_0036175,0
te_0036176,0
te_0036177,0
te_0036178,0
te_0036179,0
te_0036180,0
te_0036181,0
te_0036182,0
te_0036183,0
te_0036184,0
te_0036185,0
te_0036186,0
te_0036187,0
te_0036188,0
te_0036189,0
te_0036190,0
te_0036191,0
te_0036192,0
te_0036193,0
te_0036194,0
te_0036195,0
te_0036196,0
te_0036197,0
te_0036198,0
te_0036199,0
te_0036200,0
te_0036201,0
te_0036202,0
te_0036203,0
te_0036204,0
te_0036205,0
te_0036206,0
te_0036207,0
te_0036208,0
te_0036209,0
te_0036210,0
te_0036211,0
te_0036212,0
te_0036213,0
te_0036214,0
te_0036215,0
te_0036216,0
te_0036217,0
te_0036218,0
te_0036219,0
te_0036220,0
te_0036221,0
te_0036222,0
te_0036223,0
te_0036224,0
te_0036225,0
te_0036226,0
te_0036227,0
te_0036228,0
te_0036229,0
te_0036230,0
te_0036231,0
te_0036232,0
te_0036233,0
te_0036234,0
te_0036235,0
te_0036236,0
te_0036237,0
te_0036238,0
te_0036239,0
te_0036240,0
te_0036241,0
te_0036242,0
te_0036243,0
te_0036244,0
te_0036245,0
te_0036246,0
te_0036247,0
te_0036248,0
te_0036249,0
te_0036250,0
te_0036251,0
te_0036252,0
te_0036253,0
te_0036254,0
te_0036255,0
te_0036256,0
te_0036257,0
te_0036258,0
te_0036259,0
te_0036260,0
te_0036261,0
te_0036262,0
te_0036263,0
te_0036264,0
te_0036265,0
te_0036266,0
te_0036267,0
te_0036268,0
te_0036269,0
te_0036270,0
te_0036271,0
te_0036272,0
te_0036273,0
te_0036274,0
te_0036275,0
te_0036276,0
te_0036277,0
te_0036278,0
te_0036279,0
te_0036280,0
te_0036281,0
te_0036282,0
te_0036283,0
te_0036284,0
te_0036285,0
te_0036286,0
te_0036287,0
te_0036288,0
te_0036289,0
te_0036290,0
te_0036291,0
te_0036292,0
te_0036293,0
te_0036294,0
te_0036295,0
te_0036296,0
te_0036297,0
te_0036298,0
te_0036299,0
te_0036300,0
te_0036301,0
te_0036302,0
te_0036303,0
te_0036304,0
te_0036305,0
te_0036306,0
te_0036307,0
te_0036308,0
te_0036309,0
te_0036310,0
te_0036311,0
te_0036312,0
te_0036313,0
te_0036314,0
te_0036315,0
te_0036316,0
te_0036317,0
te_0036318,0
te_0036319,0
te_0036320,0
te_0036321,0
te_0036322,0
te_0036323,0
te_0036324,0
te_0036325,0
te_0036326,0
te_0036327,0
te_0036328,0
te_0036329,0
te_0036330,0
te_0036331,0
te_0036332,0
te_0036333,0
te_0036334,0
te_0036335,0
te_0036336,0
te_0036337,0
te_0036338,0
te_0036339,0
te_0036340,0
te_0036341,0
te_0036342,0
te_0036343,0
te_0036344,0
te_0036345,0
te_0036346,0
te_0036347,0
te_0036348,0
te_0036349,0
te_0036350,0
te_0036351,0
te_0036352,0
te_0036353,0
te_0036354,0
te_0036355,0
te_0036356,0
te_0036357,0
te_0036358,0
te_0036359,0
te_0036360,0
te_0036361,0
te_0036362,0
te_0036363,0
te_0036364,0
te_0036365,0
te_0036366,0
te_0036367,0
te_0036368,0
te_0036369,0
te_0036370,0
te_0036371,0
te_0036372,0
te_0036373,0
te_0036374,0
te_0036375,0
te_0036376,0
te_0036377,0
te_0036378,0
te_0036379,0
te_0036380,0
te_0036381,0
te_0036382,0
te_0036383,0
te_0036384,0
te_0036385,0
te_0036386,0
te_0036387,0
te_0036388,0
te_0036389,0
te_0036390,0
te_0036391,0
te_0036392,0
te_0036393,0
te_0036394,0
te_0036395,0
te_0036396,0
te_0036397,0
te_0036398,0
te_0036399,0
te_0036400,0
te_0036401,0
te_0036402,0
te_0036403,0
te_0036404,0
te_0036405,0
te_0036406,0
te_0036407,0
te_0036408,0
te_0036409,0
te_0036410,0
te_0036411,0
te_0036412,0
te_0036413,0
te_0036414,0
te_0036415,0
te_0036416,0
te_0036417,0
te_0036418,0
te_0036419,0
te_0036420,0
te_0036421,0
te_0036422,0
te_0036423,0
te_0036424,0
te_0036425,0
te_0036426,0
te_0036427,0
te_0036428,0
te_0036429,0
te_0036430,0
te_0036431,0
te_0036432,0
te_0036433,0
te_0036434,0
te_0036435,0
te_0036436,0
te_0036437,0
te_0036438,0
te_0036439,0
te_0036440,0
te_0036441,0
te_0036442,0
te_0036443,0
te_0036444,0
te_0036445,0
te_0036446,0
te_0036447,0
te_0036448,0
te_0036449,0
te_0036450,0
te_0036451,0
te_0036452,0
te_0036453,0
te_0036454,0
te_0036455,0
te_0036456,0
te_0036457,0
te_0036458,0
te_0036459,0
te_0036460,0
te_0036461,0
te_0036462,0
te_0036463,0
te_0036464,0
te_0036465,0
te_0036466,0
te_0036467,0
te_0036468,0
te_0036469,0
te_0036470,0
te_0036471,0
te_0036472,0
te_0036473,0
te_0036474,0
te_0036475,0
te_0036476,0
te_0036477,0
te_0036478,0
te_0036479,0
te_0036480,0
te_0036481,0
te_0036482,0
te_0036483,0
te_0036484,0
te_0036485,0
te_0036486,0
te_0036487,0
te_0036488,0
te_0036489,0
te_0036490,0
te_0036491,0
te_0036492,0
te_0036493,0
te_0036494,0
te_0036495,0
te_0036496,0
te_0036497,0
te_0036498,0
te_0036499,0
te_0036500,0
te_0036501,0
te_0036502,0
te_0036503,0
te_0036504,0
te_0036505,0
te_0036506,0
te_0036507,0
te_0036508,0
te_0036509,0
te_0036510,0
te_0036511,0
te_0036512,0
te_0036513,0
te_0036514,0
te_0036515,0
te_0036516,0
te_0036517,0
te_0036518,0
te_0036519,0
te_0036520,0
te_0036521,0
te_0036522,0
te_0036523,0
te_0036524,0
te_0036525,0
te_0036526,0
te_0036527,0
te_0036528,0
te_0036529,0
te_0036530,0
te_0036531,0
te_0036532,0
te_0036533,0
te_0036534,0
te_0036535,0
te_0036536,0
te_0036537,0
te_0036538,0
te_0036539,0
te_0036540,0
te_0036541,0
te_0036542,0
te_0036543,0
te_0036544,0
te_0036545,0
te_0036546,0
te_0036547,0
te_0036548,0
te_0036549,0
te_0036550,0
te_0036551,0
te_0036552,0
te_0036553,0
te_0036554,0
te_0036555,0
te_0036556,0
te_0036557,0
te_0036558,0
te_0036559,0
te_0036560,0
te_0036561,0
te_0036562,0
te_0036563,0
te_0036564,0
te_0036565,0
te_0036566,0
te_0036567,0
te_0036568,0
te_0036569,0
te_0036570,0
te_0036571,0
te_0036572,0
te_0036573,0
te_0036574,0
te_0036575,0
te_0036576,0
te_0036577,0
te_0036578,0
te_0036579,0
te_0036580,0
te_0036581,0
te_0036582,0
te_0036583,0
te_0036584,0
te_0036585,0
te_0036586,0
te_0036587,0
te_0036588,0
te_0036589,0
te_0036590,0
te_0036591,0
te_0036592,0
te_0036593,0
te_0036594,0
te_0036595,0
te_0036596,0
te_0036597,0
te_0036598,0
te_0036599,0
te_0036600,0
te_0036601,0
te_0036602,0
te_0036603,0
te_0036604,0
te_0036605,0
te_0036606,0
te_0036607,0
te_0036608,0
te_0036609,0
te_0036610,0
te_0036611,0
te_0036612,0
te_0036613,0
te_0036614,0
te_0036615,0
te_0036616,0
te_0036617,0
te_0036618,0
te_0036619,0
te_0036620,0
te_0036621,0
te_0036622,0
te_0036623,0
te_0036624,0
te_0036625,0
te_0036626,0
te_0036627,0
te_0036628,0
te_0036629,0
te_0036630,0
te_0036631,0
te_0036632,0
te_0036633,0
te_0036634,0
te_0036635,0
te_0036636,0
te_0036637,0
te_0036638,0
te_0036639,0
te_0036640,0
te_0036641,0
te_0036642,0
te_0036643,0
te_0036644,0
te_0036645,0
te_0036646,0
te_0036647,0
te_0036648,0
te_0036649,0
te_0036650,0
te_0036651,0
te_0036652,0
te_0036653,0
te_0036654,0
te_0036655,0
te_0036656,0
te_0036657,0
te_0036658,0
te_0036659,0
te_0036660,0
te_0036661,0
te_0036662,0
te_0036663,0
te_0036664,0
te_0036665,0
te_0036666,0
te_0036667,0
te_0036668,0
te_0036669,0
te_0036670,0
te_0036671,0
te_0036672,0
te_0036673,0
te_0036674,0
te_0036675,0
te_0036676,0
te_0036677,0
te_0036678,0
te_0036679,0
te_0036680,0
te_0036681,0
te_0036682,0
te_0036683,0
te_0036684,0
te_0036685,0
te_0036686,0
te_0036687,0
te_0036688,0
te_0036689,0
te_0036690,0
te_0036691,0
te_0036692,0
te_0036693,0
te_0036694,0
te_0036695,0
te_0036696,0
te_0036697,0
te_0036698,0
te_0036699,0
te_0036700,0
te_0036701,0
te_0036702,0
te_0036703,0
te_0036704,0
te_0036705,0
te_0036706,0
te_0036707,0
te_0036708,0
te_0036709,0
te_0036710,0
te_0036711,0
te_0036712,0
te_0036713,0
te_0036714,0
te_0036715,0
te_0036716,0
te_0036717,0
te_0036718,0
te_0036719,0
te_0036720,0
te_0036721,0
te_0036722,0
te_0036723,0
te_0036724,0
te_0036725,0
te_0036726,0
te_0036727,0
te_0036728,0
te_0036729,0
te_0036730,0
te_0036731,0
te_0036732,0
te_0036733,0
te_0036734,0
te_0036735,0
te_0036736,0
te_0036737,0
te_0036738,0
te_0036739,0
te_0036740,0
te_0036741,0
te_0036742,0
te_0036743,0
te_0036744,0
te_0036745,0
te_0036746,0
te_0036747,0
te_0036748,0
te_0036749,0
te_0036750,0
te_0036751,0
te_0036752,0
te_0036753,0
te_0036754,0
te_0036755,0
te_0036756,0
te_0036757,0
te_0036758,0
te_0036759,0
te_0036760,0
te_0036761,0
te_0036762,0
te_0036763,0
te_0036764,0
te_0036765,0
te_0036766,0
te_0036767,0
te_0036768,0
te_0036769,0
te_0036770,0
te_0036771,0
te_0036772,0
te_0036773,0
te_0036774,0
te_0036775,0
te_0036776,0
te_0036777,0
te_0036778,0
te_0036779,0
te_0036780,0
te_0036781,0
te_0036782,0
te_0036783,0
te_0036784,0
te_0036785,0
te_0036786,0
te_0036787,0
te_0036788,0
te_0036789,0
te_0036790,0
te_0036791,0
te_0036792,0
te_0036793,0
te_0036794,0
te_0036795,0
te_0036796,0
te_0036797,0
te_0036798,0
te_0036799,0
te_0036800,0
te_0036801,0
te_0036802,0
te_0036803,0
te_0036804,0
te_0036805,0
te_0036806,0
te_0036807,0
te_0036808,0
te_0036809,0
te_0036810,0
te_0036811,0
te_0036812,0
te_0036813,0
te_0036814,0
te_0036815,0
te_0036816,0
te_0036817,0
te_0036818,0
te_0036819,0
te_0036820,0
te_0036821,0
te_0036822,0
te_0036823,0
te_0036824,0
te_0036825,0
te_0036826,0
te_0036827,0
te_0036828,0
te_0036829,0
te_0036830,0
te_0036831,0
te_0036832,0
te_0036833,0
te_0036834,0
te_0036835,0
te_0036836,0
te_0036837,0
te_0036838,0
te_0036839,0
te_0036840,0
te_0036841,0
te_0036842,0
te_0036843,0
te_0036844,0
te_0036845,0
te_0036846,0
te_0036847,0
te_0036848,0
te_0036849,0
te_0036850,0
te_0036851,0
te_0036852,0
te_0036853,0
te_0036854,0
te_0036855,0
te_0036856,0
te_0036857,0
te_0036858,0
te_0036859,0
te_0036860,0
te_0036861,0
te_0036862,0
te_0036863,0
te_0036864,0
te_0036865,0
te_0036866,0
te_0036867,0
te_0036868,0
te_0036869,0
te_0036870,0
te_0036871,0
te_0036872,0
te_0036873,0
te_0036874,0
te_0036875,0
te_0036876,0
te_0036877,0
te_0036878,0
te_0036879,0
te_0036880,0
te_0036881,0
te_0036882,0
te_0036883,0
te_0036884,0
te_0036885,0
te_0036886,0
te_0036887,0
te_0036888,0
te_0036889,0
te_0036890,0
te_0036891,0
te_0036892,0
te_0036893,0
te_0036894,0
te_0036895,0
te_0036896,0
te_0036897,0
te_0036898,0
te_0036899,0
te_0036900,0
te_0036901,0
te_0036902,0
te_0036903,0
te_0036904,0
te_0036905,0
te_0036906,0
te_0036907,0
te_0036908,0
te_0036909,0
te_0036910,0
te_0036911,0
te_0036912,0
te_0036913,0
te_0036914,0
te_0036915,0
te_0036916,0
te_0036917,0
te_0036918,0
te_0036919,0
te_0036920,0
te_0036921,0
te_0036922,0
te_0036923,0
te_0036924,0
te_0036925,0
te_0036926,0
te_0036927,0
te_0036928,0
te_0036929,0
te_0036930,0
te_0036931,0
te_0036932,0
te_0036933,0
te_0036934,0
te_0036935,0
te_0036936,0
te_0036937,0
te_0036938,0
te_0036939,0
te_0036940,0
te_0036941,0
te_0036942,0
te_0036943,0
te_0036944,0
te_0036945,0
te_0036946,0
te_0036947,0
te_0036948,0
te_0036949,0
te_0036950,0
te_0036951,0
te_0036952,0
te_0036953,0
te_0036954,0
te_0036955,0
te_0036956,0
te_0036957,0
te_0036958,0
te_0036959,0
te_0036960,0
te_0036961,0
te_0036962,0
te_0036963,0
te_0036964,0
te_0036965,0
te_0036966,0
te_0036967,0
te_0036968,0
te_0036969,0
te_0036970,0
te_0036971,0
te_0036972,0
te_0036973,0
te_0036974,0
te_0036975,0
te_0036976,0
te_0036977,0
te_0036978,0
te_0036979,0
te_0036980,0
te_0036981,0
te_0036982,0
te_0036983,0
te_0036984,0
te_0036985,0
te_0036986,0
te_0036987,0
te_0036988,0
te_0036989,0
te_0036990,0
te_0036991,0
te_0036992,0
te_0036993,0
te_0036994,0
te_0036995,0
te_0036996,0
te_0036997,0
te_0036998,0
te_0036999,0
te_0037000,0
te_0037001,0
te_0037002,0
te_0037003,0
te_0037004,0
te_0037005,0
te_0037006,0
te_0037007,0
te_0037008,0
te_0037009,0
te_0037010,0
te_0037011,0
te_0037012,0
te_0037013,0
te_0037014,0
te_0037015,0
te_0037016,0
te_0037017,0
te_0037018,0
te_0037019,0
te_0037020,0
te_0037021,0
te_0037022,0
te_0037023,0
te_0037024,0
te_0037025,0
te_0037026,0
te_0037027,0
te_0037028,0
te_0037029,0
te_0037030,0
te_0037031,0
te_0037032,0
te_0037033,0
te_0037034,0
te_0037035,0
te_0037036,0
te_0037037,0
te_0037038,0
te_0037039,0
te_0037040,0
te_0037041,0
te_0037042,0
te_0037043,0
te_0037044,0
te_0037045,0
te_0037046,0
te_0037047,0
te_0037048,0
te_0037049,0
te_0037050,0
te_0037051,0
te_0037052,0
te_0037053,0
te_0037054,0
te_0037055,0
te_0037056,0
te_0037057,0
te_0037058,0
te_0037059,0
te_0037060,0
te_0037061,0
te_0037062,0
te_0037063,0
te_0037064,0
te_0037065,0
te_0037066,0
te_0037067,0
te_0037068,0
te_0037069,0
te_0037070,0
te_0037071,0
te_0037072,0
te_0037073,0
te_0037074,0
te_0037075,0
te_0037076,0
te_0037077,0
te_0037078,0
te_0037079,0
te_0037080,0
te_0037081,0
te_0037082,0
te_0037083,0
te_0037084,0
te_0037085,0
te_0037086,0
te_0037087,0
te_0037088,0
te_0037089,0
te_0037090,0
te_0037091,0
te_0037092,0
te_0037093,0
te_0037094,0
te_0037095,0
te_0037096,0
te_0037097,0
te_0037098,0
te_0037099,0
te_0037100,0
te_0037101,0
te_0037102,0
te_0037103,0
te_0037104,0
te_0037105,0
te_0037106,0
te_0037107,0
te_0037108,0
te_0037109,0
te_0037110,0
te_0037111,0
te_0037112,0
te_0037113,0
te_0037114,0
te_0037115,0
te_0037116,0
te_0037117,0
te_0037118,0
te_0037119,0
te_0037120,0
te_0037121,0
te_0037122,0
te_0037123,0
te_0037124,0
te_0037125,0
te_0037126,0
te_0037127,0
te_0037128,0
te_0037129,0
te_0037130,0
te_0037131,0
te_0037132,0
te_0037133,0
te_0037134,0
te_0037135,0
te_0037136,0
te_0037137,0
te_0037138,0
te_0037139,0
te_0037140,0
te_0037141,0
te_0037142,0
te_0037143,0
te_0037144,0
te_0037145,0
te_0037146,0
te_0037147,0
te_0037148,0
te_0037149,0
te_0037150,0
te_0037151,0
te_0037152,0
te_0037153,0
te_0037154,0
te_0037155,0
te_0037156,0
te_0037157,0
te_0037158,0
te_0037159,0
te_0037160,0
te_0037161,0
te_0037162,0
te_0037163,0
te_0037164,0
te_0037165,0
te_0037166,0
te_0037167,0
te_0037168,0
te_0037169,0
te_0037170,0
te_0037171,0
te_0037172,0
te_0037173,0
te_0037174,0
te_0037175,0
te_0037176,0
te_0037177,0
te_0037178,0
te_0037179,0
te_0037180,0
te_0037181,0
te_0037182,0
te_0037183,0
te_0037184,0
te_0037185,0
te_0037186,0
te_0037187,0
te_0037188,0
te_0037189,0
te_0037190,0
te_0037191,0
te_0037192,0
te_0037193,0
te_0037194,0
te_0037195,0
te_0037196,0
te_0037197,0
te_0037198,0
te_0037199,0
te_0037200,0
te_0037201,0
te_0037202,0
te_0037203,0
te_0037204,0
te_0037205,0
te_0037206,0
te_0037207,0
te_0037208,0
te_0037209,0
te_0037210,0
te_0037211,0
te_0037212,0
te_0037213,0
te_0037214,0
te_0037215,0
te_0037216,0
te_0037217,0
te_0037218,0
te_0037219,0
te_0037220,0
te_0037221,0
te_0037222,0
te_0037223,0
te_0037224,0
te_0037225,0
te_0037226,0
te_0037227,0
te_0037228,0
te_0037229,0
te_0037230,0
te_0037231,0
te_0037232,0
te_0037233,0
te_0037234,0
te_0037235,0
te_0037236,0
te_0037237,0
te_0037238,0
te_0037239,0
te_0037240,0
te_0037241,0
te_0037242,0
te_0037243,0
te_0037244,0
te_0037245,0
te_0037246,0
te_0037247,0
te_0037248,0
te_0037249,0
te_0037250,0
te_0037251,0
te_0037252,0
te_0037253,0
te_0037254,0
te_0037255,0
te_0037256,0
te_0037257,0
te_0037258,0
te_0037259,0
te_0037260,0
te_0037261,0
te_0037262,0
te_0037263,0
te_0037264,0
te_0037265,0
te_0037266,0
te_0037267,0
te_0037268,0
te_0037269,0
te_0037270,0
te_0037271,0
te_0037272,0
te_0037273,0
te_0037274,0
te_0037275,0
te_0037276,0
te_0037277,0
te_0037278,0
te_0037279,0
te_0037280,0
te_0037281,0
te_0037282,0
te_0037283,0
te_0037284,0
te_0037285,0
te_0037286,0
te_0037287,0
te_0037288,0
te_0037289,0
te_0037290,0
te_0037291,0
te_0037292,0
te_0037293,0
te_0037294,0
te_0037295,0
te_0037296,0
te_0037297,0
te_0037298,0
te_0037299,0
te_0037300,0
te_0037301,0
te_0037302,0
te_0037303,0
te_0037304,0
te_0037305,0
te_0037306,0
te_0037307,0
te_0037308,0
te_0037309,0
te_0037310,0
te_0037311,0
te_0037312,0
te_0037313,0
te_0037314,0
te_0037315,0
te_0037316,0
te_0037317,0
te_0037318,0
te_0037319,0
te_0037320,0
te_0037321,0
te_0037322,0
te_0037323,0
te_0037324,0
te_0037325,0
te_0037326,0
te_0037327,0
te_0037328,0
te_0037329,0
te_0037330,0
te_0037331,0
te_0037332,0
te_0037333,0
te_0037334,0
te_0037335,0
te_0037336,0
te_0037337,0
te_0037338,0
te_0037339,0
te_0037340,0
te_0037341,0
te_0037342,0
te_0037343,0
te_0037344,0
te_0037345,0
te_0037346,0
te_0037347,0
te_0037348,0
te_0037349,0
te_0037350,0
te_0037351,0
te_0037352,0
te_0037353,0
te_0037354,0
te_0037355,0
te_0037356,0
te_0037357,0
te_0037358,0
te_0037359,0
te_0037360,0
te_0037361,0
te_0037362,0
te_0037363,0
te_0037364,0
te_0037365,0
te_0037366,0
te_0037367,0
te_0037368,0
te_0037369,0
te_0037370,0
te_0037371,0
te_0037372,0
te_0037373,0
te_0037374,0
te_0037375,0
te_0037376,0
te_0037377,0
te_0037378,0
te_0037379,0
te_0037380,0
te_0037381,0
te_0037382,0
te_0037383,0
te_0037384,0
te_0037385,0
te_0037386,0
te_0037387,0
te_0037388,0
te_0037389,0
te_0037390,0
te_0037391,0
te_0037392,0
te_0037393,0
te_0037394,0
te_0037395,0
te_0037396,0
te_0037397,0
te_0037398,0
te_0037399,0
te_0037400,0
te_0037401,0
te_0037402,0
te_0037403,0
te_0037404,0
te_0037405,0
te_0037406,0
te_0037407,0
te_0037408,0
te_0037409,0
te_0037410,0
te_0037411,0
te_0037412,0
te_0037413,0
te_0037414,0
te_0037415,0
te_0037416,0
te_0037417,0
te_0037418,0
te_0037419,0
te_0037420,0
te_0037421,0
te_0037422,0
te_0037423,0
te_0037424,0
te_0037425,0
te_0037426,0
te_0037427,0
te_0037428,0
te_0037429,0
te_0037430,0
te_0037431,0
te_0037432,0
te_0037433,0
te_0037434,0
te_0037435,0
te_0037436,0
te_0037437,0
te_0037438,0
te_0037439,0
te_0037440,0
te_0037441,0
te_0037442,0
te_0037443,0
te_0037444,0
te_0037445,0
te_0037446,0
te_0037447,0
te_0037448,0
te_0037449,0
te_0037450,0
te_0037451,0
te_0037452,0
te_0037453,0
te_0037454,0
te_0037455,0
te_0037456,0
te_0037457,0
te_0037458,0
te_0037459,0
te_0037460,0
te_0037461,0
te_0037462,0
te_0037463,0
te_0037464,0
te_0037465,0
te_0037466,0
te_0037467,0
te_0037468,0
te_0037469,0
te_0037470,0
te_0037471,0
te_0037472,0
te_0037473,0
te_0037474,0
te_0037475,0
te_0037476,0
te_0037477,0
te_0037478,0
te_0037479,0
te_0037480,0
te_0037481,0
te_0037482,0
te_0037483,0
te_0037484,0
te_0037485,0
te_0037486,0
te_0037487,0
te_0037488,0
te_0037489,0
te_0037490,0
te_0037491,0
te_0037492,0
te_0037493,0
te_0037494,0
te_0037495,0
te_0037496,0
te_0037497,0
te_0037498,0
te_0037499,0
te_0037500,0
te_0037501,0
te_0037502,0
te_0037503,0
te_0037504,0
te_0037505,0
te_0037506,0
te_0037507,0
te_0037508,0
te_0037509,0
te_0037510,0
te_0037511,0
te_0037512,0
te_0037513,0
te_0037514,0
te_0037515,0
te_0037516,0
te_0037517,0
te_0037518,0
te_0037519,0
te_0037520,0
te_0037521,0
te_0037522,0
te_0037523,0
te_0037524,0
te_0037525,0
te_0037526,0
te_0037527,0
te_0037528,0
te_0037529,0
te_0037530,0
te_0037531,0
te_0037532,0
te_0037533,0
te_0037534,0
te_0037535,0
te_0037536,0
te_0037537,0
te_0037538,0
te_0037539,0
te_0037540,0
te_0037541,0
te_0037542,0
te_0037543,0
te_0037544,0
te_0037545,0
te_0037546,0
te_0037547,0
te_0037548,0
te_0037549,0
te_0037550,0
te_0037551,0
te_0037552,0
te_0037553,0
te_0037554,0
te_0037555,0
te_0037556,0
te_0037557,0
te_0037558,0
te_0037559,0
te_0037560,0
te_0037561,0
te_0037562,0
te_0037563,0
te_0037564,0
te_0037565,0
te_0037566,0
te_0037567,0
te_0037568,0
te_0037569,0
te_0037570,0
te_0037571,0
te_0037572,0
te_0037573,0
te_0037574,0
te_0037575,0
te_0037576,0
te_0037577,0
te_0037578,0
te_0037579,0
te_0037580,0
te_0037581,0
te_0037582,0
te_0037583,0
te_0037584,0
te_0037585,0
te_0037586,0
te_0037587,0
te_0037588,0
te_0037589,0
te_0037590,0
te_0037591,0
te_0037592,0
te_0037593,0
te_0037594,0
te_0037595,0
te_0037596,0
te_0037597,0
te_0037598,0
te_0037599,0
te_0037600,0
te_0037601,0
te_0037602,0
te_0037603,0
te_0037604,0
te_0037605,0
te_0037606,0
te_0037607,0
te_0037608,0
te_0037609,0
te_0037610,0
te_0037611,0
te_0037612,0
te_0037613,0
te_0037614,0
te_0037615,0
te_0037616,0
te_0037617,0
te_0037618,0
te_0037619,0
te_0037620,0
te_0037621,0
te_0037622,0
te_0037623,0
te_0037624,0
te_0037625,0
te_0037626,0
te_0037627,0
te_0037628,0
te_0037629,0
te_0037630,0
te_0037631,0
te_0037632,0
te_0037633,0
te_0037634,0
te_0037635,0
te_0037636,0
te_0037637,0
te_0037638,0
te_0037639,0
te_0037640,0
te_0037641,0
te_0037642,0
te_0037643,0
te_0037644,0
te_0037645,0
te_0037646,0
te_0037647,0
te_0037648,0
te_0037649,0
te_0037650,0
te_0037651,0
te_0037652,0
te_0037653,0
te_0037654,0
te_0037655,0
te_0037656,0
te_0037657,0
te_0037658,0
te_0037659,0
te_0037660,0
te_0037661,0
te_0037662,0
te_0037663,0
te_0037664,0
te_0037665,0
te_0037666,0
te_0037667,0
te_0037668,0
te_0037669,0
te_0037670,0
te_0037671,0
te_0037672,0
te_0037673,0
te_0037674,0
te_0037675,0
te_0037676,0
te_0037677,0
te_0037678,0
te_0037679,0
te_0037680,0
te_0037681,0
te_0037682,0
te_0037683,0
te_0037684,0
te_0037685,0
te_0037686,0
te_0037687,0
te_0037688,0
te_0037689,0
te_0037690,0
te_0037691,0
te_0037692,0
te_0037693,0
te_0037694,0
te_0037695,0
te_0037696,0
te_0037697,0
te_0037698,0
te_0037699,0
te_0037700,0
te_0037701,0
te_0037702,0
te_0037703,0
te_0037704,0
te_0037705,0
te_0037706,0
te_0037707,0
te_0037708,0
te_0037709,0
te_0037710,0
te_0037711,0
te_0037712,0
te_0037713,0
te_0037714,0
te_0037715,0
te_0037716,0
te_0037717,0
te_0037718,0
te_0037719,0
te_0037720,0
te_0037721,0
te_0037722,0
te_0037723,0
te_0037724,0
te_0037725,0
te_0037726,0
te_0037727,0
te_0037728,0
te_0037729,0
te_0037730,0
te_0037731,0
te_0037732,0
te_0037733,0
te_0037734,0
te_0037735,0
te_0037736,0
te_0037737,0
te_0037738,0
te_0037739,0
te_0037740,0
te_0037741,0
te_0037742,0
te_0037743,0
te_0037744,0
te_0037745,0
te_0037746,0
te_0037747,0
te_0037748,0
te_0037749,0
te_0037750,0
te_0037751,0
te_0037752,0
te_0037753,0
te_0037754,0
te_0037755,0
te_0037756,0
te_0037757,0
te_0037758,0
te_0037759,0
te_0037760,0
te_0037761,0
te_0037762,0
te_0037763,0
te_0037764,0
te_0037765,0
te_0037766,0
te_0037767,0
te_0037768,0
te_0037769,0
te_0037770,0
te_0037771,0
te_0037772,0
te_0037773,0
te_0037774,0
te_0037775,0
te_0037776,0
te_0037777,0
te_0037778,0
te_0037779,0
te_0037780,0
te_0037781,0
te_0037782,0
te_0037783,0
te_0037784,0
te_0037785,0
te_0037786,0
te_0037787,0
te_0037788,0
te_0037789,0
te_0037790,0
te_0037791,0
te_0037792,0
te_0037793,0
te_0037794,0
te_0037795,0
te_0037796,0
te_0037797,0
te_0037798,0
te_0037799,0
te_0037800,0
te_0037801,0
te_0037802,0
te_0037803,0
te_0037804,0
te_0037805,0
te_0037806,0
te_0037807,0
te_0037808,0
te_0037809,0
te_0037810,0
te_0037811,0
te_0037812,0
te_0037813,0
te_0037814,0
te_0037815,0
te_0037816,0
te_0037817,0
te_0037818,0
te_0037819,0
te_0037820,0
te_0037821,0
te_0037822,0
te_0037823,0
te_0037824,0
te_0037825,0
te_0037826,0
te_0037827,0
te_0037828,0
te_0037829,0
te_0037830,0
te_0037831,0
te_0037832,0
te_0037833,0
te_0037834,0
te_0037835,0
te_0037836,0
te_0037837,0
te_0037838,0
te_0037839,0
te_0037840,0
te_0037841,0
te_0037842,0
te_0037843,0
te_0037844,0
te_0037845,0
te_0037846,0
te_0037847,0
te_0037848,0
te_0037849,0
te_0037850,0
te_0037851,0
te_0037852,0
te_0037853,0
te_0037854,0
te_0037855,0
te_0037856,0
te_0037857,0
te_0037858,0
te_0037859,0
te_0037860,0
te_0037861,0
te_0037862,0
te_0037863,0
te_0037864,0
te_0037865,0
te_0037866,0
te_0037867,0
te_0037868,0
te_0037869,0
te_0037870,0
te_0037871,0
te_0037872,0
te_0037873,0
te_0037874,0
te_0037875,0
te_0037876,0
te_0037877,0
te_0037878,0
te_0037879,0
te_0037880,0
te_0037881,0
te_0037882,0
te_0037883,0
te_0037884,0
te_0037885,0
te_0037886,0
te_0037887,0
te_0037888,0
te_0037889,0
te_0037890,0
te_0037891,0
te_0037892,0
te_0037893,0
te_0037894,0
te_0037895,0
te_0037896,0
te_0037897,0
te_0037898,0
te_0037899,0
te_0037900,0
te_0037901,0
te_0037902,0
te_0037903,0
te_0037904,0
te_0037905,0
te_0037906,0
te_0037907,0
te_0037908,0
te_0037909,0
te_0037910,0
te_0037911,0
te_0037912,0
te_0037913,0
te_0037914,0
te_0037915,0
te_0037916,0
te_0037917,0
te_0037918,0
te_0037919,0
te_0037920,0
te_0037921,0
te_0037922,0
te_0037923,0
te_0037924,0
te_0037925,0
te_0037926,0
te_0037927,0
te_0037928,0
te_0037929,0
te_0037930,0
te_0037931,0
te_0037932,0
te_0037933,0
te_0037934,0
te_0037935,0
te_0037936,0
te_0037937,0
te_0037938,0
te_0037939,0
te_0037940,0
te_0037941,0
te_0037942,0
te_0037943,0
te_0037944,0
te_0037945,0
te_0037946,0
te_0037947,0
te_0037948,0
te_0037949,0
te_0037950,0
te_0037951,0
te_0037952,0
te_0037953,0
te_0037954,0
te_0037955,0
te_0037956,0
te_0037957,0
te_0037958,0
te_0037959,0
te_0037960,0
te_0037961,0
te_0037962,0
te_0037963,0
te_0037964,0
te_0037965,0
te_0037966,0
te_0037967,0
te_0037968,0
te_0037969,0
te_0037970,0
te_0037971,0
te_0037972,0
te_0037973,0
te_0037974,0
te_0037975,0
te_0037976,0
te_0037977,0
te_0037978,0
te_0037979,0
te_0037980,0
te_0037981,0
te_0037982,0
te_0037983,0
te_0037984,0
te_0037985,0
te_0037986,0
te_0037987,0
te_0037988,0
te_0037989,0
te_0037990,0
te_0037991,0
te_0037992,0
te_0037993,0
te_0037994,0
te_0037995,0
te_0037996,0
te_0037997,0
te_0037998,0
te_0037999,0
te_0038000,0
te_0038001,0
te_0038002,0
te_0038003,0
te_0038004,0
te_0038005,0
te_0038006,0
te_0038007,0
te_0038008,0
te_0038009,0
te_0038010,0
te_0038011,0
te_0038012,0
te_0038013,0
te_0038014,0
te_0038015,0
te_0038016,0
te_0038017,0
te_0038018,0
te_0038019,0
te_0038020,0
te_0038021,0
te_0038022,0
te_0038023,0
te_0038024,0
te_0038025,0
te_0038026,0
te_0038027,0
te_0038028,0
te_0038029,0
te_0038030,0
te_0038031,0
te_0038032,0
te_0038033,0
te_0038034,0
te_0038035,0
te_0038036,0
te_0038037,0
te_0038038,0
te_0038039,0
te_0038040,0
te_0038041,0
te_0038042,0
te_0038043,0
te_0038044,0
te_0038045,0
te_0038046,0
te_0038047,0
te_0038048,0
te_0038049,0
te_0038050,0
te_0038051,0
te_0038052,0
te_0038053,0
te_0038054,0
te_0038055,0
te_0038056,0
te_0038057,0
te_0038058,0
te_0038059,0
te_0038060,0
te_0038061,0
te_0038062,0
te_0038063,0
te_0038064,0
te_0038065,0
te_0038066,0
te_0038067,0
te_0038068,0
te_0038069,0
te_0038070,0
te_0038071,0
te_0038072,0
te_0038073,0
te_0038074,0
te_0038075,0
te_0038076,0
te_0038077,0
te_0038078,0
te_0038079,0
te_0038080,0
te_0038081,0
te_0038082,0
te_0038083,0
te_0038084,0
te_0038085,0
te_0038086,0
te_0038087,0
te_0038088,0
te_0038089,0
te_0038090,0
te_0038091,0
te_0038092,0
te_0038093,0
te_0038094,0
te_0038095,0
te_0038096,0
te_0038097,0
te_0038098,0
te_0038099,0
te_0038100,0
te_0038101,0
te_0038102,0
te_0038103,0
te_0038104,0
te_0038105,0
te_0038106,0
te_0038107,0
te_0038108,0
te_0038109,0
te_0038110,0
te_0038111,0
te_0038112,0
te_0038113,0
te_0038114,0
te_0038115,0
te_0038116,0
te_0038117,0
te_0038118,0
te_0038119,0
te_0038120,0
te_0038121,0
te_0038122,0
te_0038123,0
te_0038124,0
te_0038125,0
te_0038126,0
te_0038127,0
te_0038128,0
te_0038129,0
te_0038130,0
te_0038131,0
te_0038132,0
te_0038133,0
te_0038134,0
te_0038135,0
te_0038136,0
te_0038137,0
te_0038138,0
te_0038139,0
te_0038140,0
te_0038141,0
te_0038142,0
te_0038143,0
te_0038144,0
te_0038145,0
te_0038146,0
te_0038147,0
te_0038148,0
te_0038149,0
te_0038150,0
te_0038151,0
te_0038152,0
te_0038153,0
te_0038154,0
te_0038155,0
te_0038156,0
te_0038157,0
te_0038158,0
te_0038159,0
te_0038160,0
te_0038161,0
te_0038162,0
te_0038163,0
te_0038164,0
te_0038165,0
te_0038166,0
te_0038167,0
te_0038168,0
te_0038169,0
te_0038170,0
te_0038171,0
te_0038172,0
te_0038173,0
te_0038174,0
te_0038175,0
te_0038176,0
te_0038177,0
te_0038178,0
te_0038179,0
te_0038180,0
te_0038181,0
te_0038182,0
te_0038183,0
te_0038184,0
te_0038185,0
te_0038186,0
te_0038187,0
te_0038188,0
te_0038189,0
te_0038190,0
te_0038191,0
te_0038192,0
te_0038193,0
te_0038194,0
te_0038195,0
te_0038196,0
te_0038197,0
te_0038198,0
te_0038199,0
te_0038200,0
te_0038201,0
te_0038202,0
te_0038203,0
te_0038204,0
te_0038205,0
te_0038206,0
te_0038207,0
te_0038208,0
te_0038209,0
te_0038210,0
te_0038211,0
te_0038212,0
te_0038213,0
te_0038214,0
te_0038215,0
te_0038216,0
te_0038217,0
te_0038218,0
te_0038219,0
te_0038220,0
te_0038221,0
te_0038222,0
te_0038223,0
te_0038224,0
te_0038225,0
te_0038226,0
te_0038227,0
te_0038228,0
te_0038229,0
te_0038230,0
te_0038231,0
te_0038232,0
te_0038233,0
te_0038234,0
te_0038235,0
te_0038236,0
te_0038237,0
te_0038238,0
te_0038239,0
te_0038240,0
te_0038241,0
te_0038242,0
te_0038243,0
te_0038244,0
te_0038245,0
te_0038246,0
te_0038247,0
te_0038248,0
te_0038249,0
te_0038250,0
te_0038251,0
te_0038252,0
te_0038253,0
te_0038254,0
te_0038255,0
te_0038256,0
te_0038257,0
te_0038258,0
te_0038259,0
te_0038260,0
te_0038261,0
te_0038262,0
te_0038263,0
te_0038264,0
te_0038265,0
te_0038266,0
te_0038267,0
te_0038268,0
te_0038269,0
te_0038270,0
te_0038271,0
te_0038272,0
te_0038273,0
te_0038274,0
te_0038275,0
te_0038276,0
te_0038277,0
te_0038278,0
te_0038279,0
te_0038280,0
te_0038281,0
te_0038282,0
te_0038283,0
te_0038284,0
te_0038285,0
te_0038286,0
te_0038287,0
te_0038288,0
te_0038289,0
te_0038290,0
te_0038291,0
te_0038292,0
te_0038293,0
te_0038294,0
te_0038295,0
te_0038296,0
te_0038297,0
te_0038298,0
te_0038299,0
te_0038300,0
te_0038301,0
te_0038302,0
te_0038303,0
te_0038304,0
te_0038305,0
te_0038306,0
te_0038307,0
te_0038308,0
te_0038309,0
te_0038310,0
te_0038311,0
te_0038312,0
te_0038313,0
te_0038314,0
te_0038315,0
te_0038316,0
te_0038317,0
te_0038318,0
te_0038319,0
te_0038320,0
te_0038321,0
te_0038322,0
te_0038323,0
te_0038324,0
te_0038325,0
te_0038326,0
te_0038327,0
te_0038328,0
te_0038329,0
te_0038330,0
te_0038331,0
te_0038332,0
te_0038333,0
te_0038334,0
te_0038335,0
te_0038336,0
te_0038337,0
te_0038338,0
te_0038339,0
te_0038340,0
te_0038341,0
te_0038342,0
te_0038343,0
te_0038344,0
te_0038345,0
te_0038346,0
te_0038347,0
te_0038348,0
te_0038349,0
te_0038350,0
te_0038351,0
te_0038352,0
te_0038353,0
te_0038354,0
te_0038355,0
te_0038356,0
te_0038357,0
te_0038358,0
te_0038359,0
te_0038360,0
te_0038361,0
te_0038362,0
te_0038363,0
te_0038364,0
te_0038365,0
te_0038366,0
te_0038367,0
te_0038368,0
te_0038369,0
te_0038370,0
te_0038371,0
te_0038372,0
te_0038373,0
te_0038374,0
te_0038375,0
te_0038376,0
te_0038377,0
te_0038378,0
te_0038379,0
te_0038380,0
te_0038381,0
te_0038382,0
te_0038383,0
te_0038384,0
te_0038385,0
te_0038386,0
te_0038387,0
te_0038388,0
te_0038389,0
te_0038390,0
te_0038391,0
te_0038392,0
te_0038393,0
te_0038394,0
te_0038395,0
te_0038396,0
te_0038397,0
te_0038398,0
te_0038399,0
te_0038400,0
te_0038401,0
te_0038402,0
te_0038403,0
te_0038404,0
te_0038405,0
te_0038406,0
te_0038407,0
te_0038408,0
te_0038409,0
te_0038410,0
te_0038411,0
te_0038412,0
te_0038413,0
te_0038414,0
te_0038415,0
te_0038416,0
te_0038417,0
te_0038418,0
te_0038419,0
te_0038420,0
te_0038421,0
te_0038422,0
te_0038423,0
te_0038424,0
te_0038425,0
te_0038426,0
te_0038427,0
te_0038428,0
te_0038429,0
te_0038430,0
te_0038431,0
te_0038432,0
te_0038433,0
te_0038434,0
te_0038435,0
te_0038436,0
te_0038437,0
te_0038438,0
te_0038439,0
te_0038440,0
te_0038441,0
te_0038442,0
te_0038443,0
te_0038444,0
te_0038445,0
te_0038446,0
te_0038447,0
te_0038448,0
te_0038449,0
te_0038450,0
te_0038451,0
te_0038452,0
te_0038453,0
te_0038454,0
te_0038455,0
te_0038456,0
te_0038457,0
te_0038458,0
te_0038459,0
te_0038460,0
te_0038461,0
te_0038462,0
te_0038463,0
te_0038464,0
te_0038465,0
te_0038466,0
te_0038467,0
te_0038468,0
te_0038469,0
te_0038470,0
te_0038471,0
te_0038472,0
te_0038473,0
te_0038474,0
te_0038475,0
te_0038476,0
te_0038477,0
te_0038478,0
te_0038479,0
te_0038480,0
te_0038481,0
te_0038482,0
te_0038483,0
te_0038484,0
te_0038485,0
te_0038486,0
te_0038487,0
te_0038488,0
te_0038489,0
te_0038490,0
te_0038491,0
te_0038492,0
te_0038493,0
te_0038494,0
te_0038495,0
te_0038496,0
te_0038497,0
te_0038498,0
te_0038499,0
te_0038500,0
te_0038501,0
te_0038502,0
te_0038503,0
te_0038504,0
te_0038505,0
te_0038506,0
te_0038507,0
te_0038508,0
te_0038509,0
te_0038510,0
te_0038511,0
te_0038512,0
te_0038513,0
te_0038514,0
te_0038515,0
te_0038516,0
te_0038517,0
te_0038518,0
te_0038519,0
te_0038520,0
te_0038521,0
te_0038522,0
te_0038523,0
te_0038524,0
te_0038525,0
te_0038526,0
te_0038527,0
te_0038528,0
te_0038529,0
te_0038530,0
te_0038531,0
te_0038532,0
te_0038533,0
te_0038534,0
te_0038535,0
te_0038536,0
te_0038537,0
te_0038538,0
te_0038539,0
te_0038540,0
te_0038541,0
te_0038542,0
te_0038543,0
te_0038544,0
te_0038545,0
te_0038546,0
te_0038547,0
te_0038548,0
te_0038549,0
te_0038550,0
te_0038551,0
te_0038552,0
te_0038553,0
te_0038554,0
te_0038555,0
te_0038556,0
te_0038557,0
te_0038558,0
te_0038559,0
te_0038560,0
te_0038561,0
te_0038562,0
te_0038563,0
te_0038564,0
te_0038565,0
te_0038566,0
te_0038567,0
te_0038568,0
te_0038569,0
te_0038570,0
te_0038571,0
te_0038572,0
te_0038573,0
te_0038574,0
te_0038575,0
te_0038576,0
te_0038577,0
te_0038578,0
te_0038579,0
te_0038580,0
te_0038581,0
te_0038582,0
te_0038583,0
te_0038584,0
te_0038585,0
te_0038586,0
te_0038587,0
te_0038588,0
te_0038589,0
te_0038590,0
te_0038591,0
te_0038592,0
te_0038593,0
te_0038594,0
te_0038595,0
te_0038596,0
te_0038597,0
te_0038598,0
te_0038599,0
te_0038600,0
te_0038601,0
te_0038602,0
te_0038603,0
te_0038604,0
te_0038605,0
te_0038606,0
te_0038607,0
te_0038608,0
te_0038609,0
te_0038610,0
te_0038611,0
te_0038612,0
te_0038613,0
te_0038614,0
te_0038615,0
te_0038616,0
te_0038617,0
te_0038618,0
te_0038619,0
te_0038620,0
te_0038621,0
te_0038622,0
te_0038623,0
te_0038624,0
te_0038625,0
te_0038626,0
te_0038627,0
te_0038628,0
te_0038629,0
te_0038630,0
te_0038631,0
te_0038632,0
te_0038633,0
te_0038634,0
te_0038635,0
te_0038636,0
te_0038637,0
te_0038638,0
te_0038639,0
te_0038640,0
te_0038641,0
te_0038642,0
te_0038643,0
te_0038644,0
te_0038645,0
te_0038646,0
te_0038647,0
te_0038648,0
te_0038649,0
te_0038650,0
te_0038651,0
te_0038652,0
te_0038653,0
te_0038654,0
te_0038655,0
te_0038656,0
te_0038657,0
te_0038658,0
te_0038659,0
te_0038660,0
te_0038661,0
te_0038662,0
te_0038663,0
te_0038664,0
te_0038665,0
te_0038666,0
te_0038667,0
te_0038668,0
te_0038669,0
te_0038670,0
te_0038671,0
te_0038672,0
te_0038673,0
te_0038674,0
te_0038675,0
te_0038676,0
te_0038677,0
te_0038678,0
te_0038679,0
te_0038680,0
te_0038681,0
te_0038682,0
te_0038683,0
te_0038684,0
te_0038685,0
te_0038686,0
te_0038687,0
te_0038688,0
te_0038689,0
te_0038690,0
te_0038691,0
te_0038692,0
te_0038693,0
te_0038694,0
te_0038695,0
te_0038696,0
te_0038697,0
te_0038698,0
te_0038699,0
te_0038700,0
te_0038701,0
te_0038702,0
te_0038703,0
te_0038704,0
te_0038705,0
te_0038706,0
te_0038707,0
te_0038708,0
te_0038709,0
te_0038710,0
te_0038711,0
te_0038712,0
te_0038713,0
te_0038714,0
te_0038715,0
te_0038716,0
te_0038717,0
te_0038718,0
te_0038719,0
te_0038720,0
te_0038721,0
te_0038722,0
te_0038723,0
te_0038724,0
te_0038725,0
te_0038726,0
te_0038727,0
te_0038728,0
te_0038729,0
te_0038730,0
te_0038731,0
te_0038732,0
te_0038733,0
te_0038734,0
te_0038735,0
te_0038736,0
te_0038737,0
te_0038738,0
te_0038739,0
te_0038740,0
te_0038741,0
te_0038742,0
te_0038743,0
te_0038744,0
te_0038745,0
te_0038746,0
te_0038747,0
te_0038748,0
te_0038749,0
te_0038750,0
te_0038751,0
te_0038752,0
te_0038753,0
te_0038754,0
te_0038755,0
te_0038756,0
te_0038757,0
te_0038758,0
te_0038759,0
te_0038760,0
te_0038761,0
te_0038762,0
te_0038763,0
te_0038764,0
te_0038765,0
te_0038766,0
te_0038767,0
te_0038768,0
te_0038769,0
te_0038770,0
te_0038771,0
te_0038772,0
te_0038773,0
te_0038774,0
te_0038775,0
te_0038776,0
te_0038777,0
te_0038778,0
te_0038779,0
te_0038780,0
te_0038781,0
te_0038782,0
te_0038783,0
te_0038784,0
te_0038785,0
te_0038786,0
te_0038787,0
te_0038788,0
te_0038789,0
te_0038790,0
te_0038791,0
te_0038792,0
te_0038793,0
te_0038794,0
te_0038795,0
te_0038796,0
te_0038797,0
te_0038798,0
te_0038799,0
te_0038800,0
te_0038801,0
te_0038802,0
te_0038803,0
te_0038804,0
te_0038805,0
te_0038806,0
te_0038807,0
te_0038808,0
te_0038809,0
te_0038810,0
te_0038811,0
te_0038812,0
te_0038813,0
te_0038814,0
te_0038815,0
te_0038816,0
te_0038817,0
te_0038818,0
te_0038819,0
te_0038820,0
te_0038821,0
te_0038822,0
te_0038823,0
te_0038824,0
te_0038825,0
te_0038826,0
te_0038827,0
te_0038828,0
te_0038829,0
te_0038830,0
te_0038831,0
te_0038832,0
te_0038833,0
te_0038834,0
te_0038835,0
te_0038836,0
te_0038837,0
te_0038838,0
te_0038839,0
te_0038840,0
te_0038841,0
te_0038842,0
te_0038843,0
te_0038844,0
te_0038845,0
te_0038846,0
te_0038847,0
te_0038848,0
te_0038849,0
te_0038850,0
te_0038851,0
te_0038852,0
te_0038853,0
te_0038854,0
te_0038855,0
te_0038856,0
te_0038857,0
te_0038858,0
te_0038859,0
te_0038860,0
te_0038861,0
te_0038862,0
te_0038863,0
te_0038864,0
te_0038865,0
te_0038866,0
te_0038867,0
te_0038868,0
te_0038869,0
te_0038870,0
te_0038871,0
te_0038872,0
te_0038873,0
te_0038874,0
te_0038875,0
te_0038876,0
te_0038877,0
te_0038878,0
te_0038879,0
te_0038880,0
te_0038881,0
te_0038882,0
te_0038883,0
te_0038884,0
te_0038885,0
te_0038886,0
te_0038887,0
te_0038888,0
te_0038889,0
te_0038890,0
te_0038891,0
te_0038892,0
te_0038893,0
te_0038894,0
te_0038895,0
te_0038896,0
te_0038897,0
te_0038898,0
te_0038899,0
te_0038900,0
te_0038901,0
te_0038902,0
te_0038903,0
te_0038904,0
te_0038905,0
te_0038906,0
te_0038907,0
te_0038908,0
te_0038909,0
te_0038910,0
te_0038911,0
te_0038912,0
te_0038913,0
te_0038914,0
te_0038915,0
te_0038916,0
te_0038917,0
te_0038918,0
te_0038919,0
te_0038920,0
te_0038921,0
te_0038922,0
te_0038923,0
te_0038924,0
te_0038925,0
te_0038926,0
te_0038927,0
te_0038928,0
te_0038929,0
te_0038930,0
te_0038931,0
te_0038932,0
te_0038933,0
te_0038934,0
te_0038935,0
te_0038936,0
te_0038937,0
te_0038938,0
te_0038939,0
te_0038940,0
te_0038941,0
te_0038942,0
te_0038943,0
te_0038944,0
te_0038945,0
te_0038946,0
te_0038947,0
te_0038948,0
te_0038949,0
te_0038950,0
te_0038951,0
te_0038952,0
te_0038953,0
te_0038954,0
te_0038955,0
te_0038956,0
te_0038957,0
te_0038958,0
te_0038959,0
te_0038960,0
te_0038961,0
te_0038962,0
te_0038963,0
te_0038964,0
te_0038965,0
te_0038966,0
te_0038967,0
te_0038968,0
te_0038969,0
te_0038970,0
te_0038971,0
te_0038972,0
te_0038973,0
te_0038974,0
te_0038975,0
te_0038976,0
te_0038977,0
te_0038978,0
te_0038979,0
te_0038980,0
te_0038981,0
te_0038982,0
te_0038983,0
te_0038984,0
te_0038985,0
te_0038986,0
te_0038987,0
te_0038988,0
te_0038989,0
te_0038990,0
te_0038991,0
te_0038992,0
te_0038993,0
te_0038994,0
te_0038995,0
te_0038996,0
te_0038997,0
te_0038998,0
te_0038999,0
te_0039000,0
te_0039001,0
te_0039002,0
te_0039003,0
te_0039004,0
te_0039005,0
te_0039006,0
te_0039007,0
te_0039008,0
te_0039009,0
te_0039010,0
te_0039011,0
te_0039012,0
te_0039013,0
te_0039014,0
te_0039015,0
te_0039016,0
te_0039017,0
te_0039018,0
te_0039019,0
te_0039020,0
te_0039021,0
te_0039022,0
te_0039023,0
te_0039024,0
te_0039025,0
te_0039026,0
te_0039027,0
te_0039028,0
te_0039029,0
te_0039030,0
te_0039031,0
te_0039032,0
te_0039033,0
te_0039034,0
te_0039035,0
te_0039036,0
te_0039037,0
te_0039038,0
te_0039039,0
te_0039040,0
te_0039041,0
te_0039042,0
te_0039043,0
te_0039044,0
te_0039045,0
te_0039046,0
te_0039047,0
te_0039048,0
te_0039049,0
te_0039050,0
te_0039051,0
te_0039052,0
te_0039053,0
te_0039054,0
te_0039055,0
te_0039056,0
te_0039057,0
te_0039058,0
te_0039059,0
te_0039060,0
te_0039061,0
te_0039062,0
te_0039063,0
te_0039064,0
te_0039065,0
te_0039066,0
te_0039067,0
te_0039068,0
te_0039069,0
te_0039070,0
te_0039071,0
te_0039072,0
te_0039073,0
te_0039074,0
te_0039075,0
te_0039076,0
te_0039077,0
te_0039078,0
te_0039079,0
te_0039080,0
te_0039081,0
te_0039082,0
te_0039083,0
te_0039084,0
te_0039085,0
te_0039086,0
te_0039087,0
te_0039088,0
te_0039089,0
te_0039090,0
te_0039091,0
te_0039092,0
te_0039093,0
te_0039094,0
te_0039095,0
te_0039096,0
te_0039097,0
te_0039098,0
te_0039099,0
te_0039100,0
te_0039101,0
te_0039102,0
te_0039103,0
te_0039104,0
te_0039105,0
te_0039106,0
te_0039107,0
te_0039108,0
te_0039109,0
te_0039110,0
te_0039111,0
te_0039112,0
te_0039113,0
te_0039114,0
te_0039115,0
te_0039116,0
te_0039117,0
te_0039118,0
te_0039119,0
te_0039120,0
te_0039121,0
te_0039122,0
te_0039123,0
te_0039124,0
te_0039125,0
te_0039126,0
te_0039127,0
te_0039128,0
te_0039129,0
te_0039130,0
te_0039131,0
te_0039132,0
te_0039133,0
te_0039134,0
te_0039135,0
te_0039136,0
te_0039137,0
te_0039138,0
te_0039139,0
te_0039140,0
te_0039141,0
te_0039142,0
te_0039143,0
te_0039144,0
te_0039145,0
te_0039146,0
te_0039147,0
te_0039148,0
te_0039149,0
te_0039150,0
te_0039151,0
te_0039152,0
te_0039153,0
te_0039154,0
te_0039155,0
te_0039156,0
te_0039157,0
te_0039158,0
te_0039159,0
te_0039160,0
te_0039161,0
te_0039162,0
te_0039163,0
te_0039164,0
te_0039165,0
te_0039166,0
te_0039167,0
te_0039168,0
te_0039169,0
te_0039170,0
te_0039171,0
te_0039172,0
te_0039173,0
te_0039174,0
te_0039175,0
te_0039176,0
te_0039177,0
te_0039178,0
te_0039179,0
te_0039180,0
te_0039181,0
te_0039182,0
te_0039183,0
te_0039184,0
te_0039185,0
te_0039186,0
te_0039187,0
te_0039188,0
te_0039189,0
te_0039190,0
te_0039191,0
te_0039192,0
te_0039193,0
te_0039194,0
te_0039195,0
te_0039196,0
te_0039197,0
te_0039198,0
te_0039199,0
te_0039200,0
te_0039201,0
te_0039202,0
te_0039203,0
te_0039204,0
te_0039205,0
te_0039206,0
te_0039207,0
te_0039208,0
te_0039209,0
te_0039210,0
te_0039211,0
te_0039212,0
te_0039213,0
te_0039214,0
te_0039215,0
te_0039216,0
te_0039217,0
te_0039218,0
te_0039219,0
te_0039220,0
te_0039221,0
te_0039222,0
te_0039223,0
te_0039224,0
te_0039225,0
te_0039226,0
te_0039227,0
te_0039228,0
te_0039229,0
te_0039230,0
te_0039231,0
te_0039232,0
te_0039233,0
te_0039234,0
te_0039235,0
te_0039236,0
te_0039237,0
te_0039238,0
te_0039239,0
te_0039240,0
te_0039241,0
te_0039242,0
te_0039243,0
te_0039244,0
te_0039245,0
te_0039246,0
te_0039247,0
te_0039248,0
te_0039249,0
te_0039250,0
te_0039251,0
te_0039252,0
te_0039253,0
te_0039254,0
te_0039255,0
te_0039256,0
te_0039257,0
te_0039258,0
te_0039259,0
te_0039260,0
te_0039261,0
te_0039262,0
te_0039263,0
te_0039264,0
te_0039265,0
te_0039266,0
te_0039267,0
te_0039268,0
te_0039269,0
te_0039270,0
te_0039271,0
te_0039272,0
te_0039273,0
te_0039274,0
te_0039275,0
te_0039276,0
te_0039277,0
te_0039278,0
te_0039279,0
te_0039280,0
te_0039281,0
te_0039282,0
te_0039283,0
te_0039284,0
te_0039285,0
te_0039286,0
te_0039287,0
te_0039288,0
te_0039289,0
te_0039290,0
te_0039291,0
te_0039292,0
te_0039293,0
te_0039294,0
te_0039295,0
te_0039296,0
te_0039297,0
te_0039298,0
te_0039299,0
te_0039300,0
te_0039301,0
te_0039302,0
te_0039303,0
te_0039304,0
te_0039305,0
te_0039306,0
te_0039307,0
te_0039308,0
te_0039309,0
te_0039310,0
te_0039311,0
te_0039312,0
te_0039313,0
te_0039314,0
te_0039315,0
te_0039316,0
te_0039317,0
te_0039318,0
te_0039319,0
te_0039320,0
te_0039321,0
te_0039322,0
te_0039323,0
te_0039324,0
te_0039325,0
te_0039326,0
te_0039327,0
te_0039328,0
te_0039329,0
te_0039330,0
te_0039331,0
te_0039332,0
te_0039333,0
te_0039334,0
te_0039335,0
te_0039336,0
te_0039337,0
te_0039338,0
te_0039339,0
te_0039340,0
te_0039341,0
te_0039342,0
te_0039343,0
te_0039344,0
te_0039345,0
te_0039346,0
te_0039347,0
te_0039348,0
te_0039349,0
te_0039350,0
te_0039351,0
te_0039352,0
te_0039353,0
te_0039354,0
te_0039355,0
te_0039356,0
te_0039357,0
te_0039358,0
te_0039359,0
te_0039360,0
te_0039361,0
te_0039362,0
te_0039363,0
te_0039364,0
te_0039365,0
te_0039366,0
te_0039367,0
te_0039368,0
te_0039369,0
te_0039370,0
te_0039371,0
te_0039372,0
te_0039373,0
te_0039374,0
te_0039375,0
te_0039376,0
te_0039377,0
te_0039378,0
te_0039379,0
te_0039380,0
te_0039381,0
te_0039382,0
te_0039383,0
te_0039384,0
te_0039385,0
te_0039386,0
te_0039387,0
te_0039388,0
te_0039389,0
te_0039390,0
te_0039391,0
te_0039392,0
te_0039393,0
te_0039394,0
te_0039395,0
te_0039396,0
te_0039397,0
te_0039398,0
te_0039399,0
te_0039400,0
te_0039401,0
te_0039402,0
te_0039403,0
te_0039404,0
te_0039405,0
te_0039406,0
te_0039407,0
te_0039408,0
te_0039409,0
te_0039410,0
te_0039411,0
te_0039412,0
te_0039413,0
te_0039414,0
te_0039415,0
te_0039416,0
te_0039417,0
te_0039418,0
te_0039419,0
te_0039420,0
te_0039421,0
te_0039422,0
te_0039423,0
te_0039424,0
te_0039425,0
te_0039426,0
te_0039427,0
te_0039428,0
te_0039429,0
te_0039430,0
te_0039431,0
te_0039432,0
te_0039433,0
te_0039434,0
te_0039435,0
te_0039436,0
te_0039437,0
te_0039438,0
te_0039439,0
te_0039440,0
te_0039441,0
te_0039442,0
te_0039443,0
te_0039444,0
te_0039445,0
te_0039446,0
te_0039447,0
te_0039448,0
te_0039449,0
te_0039450,0
te_0039451,0
te_0039452,0
te_0039453,0
te_0039454,0
te_0039455,0
te_0039456,0
te_0039457,0
te_0039458,0
te_0039459,0
te_0039460,0
te_0039461,0
te_0039462,0
te_0039463,0
te_0039464,0
te_0039465,0
te_0039466,0
te_0039467,0
te_0039468,0
te_0039469,0
te_0039470,0
te_0039471,0
te_0039472,0
te_0039473,0
te_0039474,0
te_0039475,0
te_0039476,0
te_0039477,0
te_0039478,0
te_0039479,0
te_0039480,0
te_0039481,0
te_0039482,0
te_0039483,0
te_0039484,0
te_0039485,0
te_0039486,0
te_0039487,0
te_0039488,0
te_0039489,0
te_0039490,0
te_0039491,0
te_0039492,0
te_0039493,0
te_0039494,0
te_0039495,0
te_0039496,0
te_0039497,0
te_0039498,0
te_0039499,0
te_0039500,0
te_0039501,0
te_0039502,0
te_0039503,0
te_0039504,0
te_0039505,0
te_0039506,0
te_0039507,0
te_0039508,0
te_0039509,0
te_0039510,0
te_0039511,0
te_0039512,0
te_0039513,0
te_0039514,0
te_0039515,0
te_0039516,0
te_0039517,0
te_0039518,0
te_0039519,0
te_0039520,0
te_0039521,0
te_0039522,0
te_0039523,0
te_0039524,0
te_0039525,0
te_0039526,0
te_0039527,0
te_0039528,0
te_0039529,0
te_0039530,0
te_0039531,0
te_0039532,0
te_0039533,0
te_0039534,0
te_0039535,0
te_0039536,0
te_0039537,0
te_0039538,0
te_0039539,0
te_0039540,0
te_0039541,0
te_0039542,0
te_0039543,0
te_0039544,0
te_0039545,0
te_0039546,0
te_0039547,0
te_0039548,0
te_0039549,0
te_0039550,0
te_0039551,0
te_0039552,0
te_0039553,0
te_0039554,0
te_0039555,0
te_0039556,0
te_0039557,0
te_0039558,0
te_0039559,0
te_0039560,0
te_0039561,0
te_0039562,0
te_0039563,0
te_0039564,0
te_0039565,0
te_0039566,0
te_0039567,0
te_0039568,0
te_0039569,0
te_0039570,0
te_0039571,0
te_0039572,0
te_0039573,0
te_0039574,0
te_0039575,0
te_0039576,0
te_0039577,0
te_0039578,0
te_0039579,0
te_0039580,0
te_0039581,0
te_0039582,0
te_0039583,0
te_0039584,0
te_0039585,0
te_0039586,0
te_0039587,0
te_0039588,0
te_0039589,0
te_0039590,0
te_0039591,0
te_0039592,0
te_0039593,0
te_0039594,0
te_0039595,0
te_0039596,0
te_0039597,0
te_0039598,0
te_0039599,0
te_0039600,0
te_0039601,0
te_0039602,0
te_0039603,0
te_0039604,0
te_0039605,0
te_0039606,0
te_0039607,0
te_0039608,0
te_0039609,0
te_0039610,0
te_0039611,0
te_0039612,0
te_0039613,0
te_0039614,0
te_0039615,0
te_0039616,0
te_0039617,0
te_0039618,0
te_0039619,0
te_0039620,0
te_0039621,0
te_0039622,0
te_0039623,0
te_0039624,0
te_0039625,0
te_0039626,0
te_0039627,0
te_0039628,0
te_0039629,0
te_0039630,0
te_0039631,0
te_0039632,0
te_0039633,0
te_0039634,0
te_0039635,0
te_0039636,0
te_0039637,0
te_0039638,0
te_0039639,0
te_0039640,0
te_0039641,0
te_0039642,0
te_0039643,0
te_0039644,0
te_0039645,0
te_0039646,0
te_0039647,0
te_0039648,0
te_0039649,0
te_0039650,0
te_0039651,0
te_0039652,0
te_0039653,0
te_0039654,0
te_0039655,0
te_0039656,0
te_0039657,0
te_0039658,0
te_0039659,0
te_0039660,0
te_0039661,0
te_0039662,0
te_0039663,0
te_0039664,0
te_0039665,0
te_0039666,0
te_0039667,0
te_0039668,0
te_0039669,0
te_0039670,0
te_0039671,0
te_0039672,0
te_0039673,0
te_0039674,0
te_0039675,0
te_0039676,0
te_0039677,0
te_0039678,0
te_0039679,0
te_0039680,0
te_0039681,0
te_0039682,0
te_0039683,0
te_0039684,0
te_0039685,0
te_0039686,0
te_0039687,0
te_0039688,0
te_0039689,0
te_0039690,0
te_0039691,0
te_0039692,0
te_0039693,0
te_0039694,0
te_0039695,0
te_0039696,0
te_0039697,0
te_0039698,0
te_0039699,0
te_0039700,0
te_0039701,0
te_0039702,0
te_0039703,0
te_0039704,0
te_0039705,0
te_0039706,0
te_0039707,0
te_0039708,0
te_0039709,0
te_0039710,0
te_0039711,0
te_0039712,0
te_0039713,0
te_0039714,0
te_0039715,0
te_0039716,0
te_0039717,0
te_0039718,0
te_0039719,0
te_0039720,0
te_0039721,0
te_0039722,0
te_0039723,0
te_0039724,0
te_0039725,0
te_0039726,0
te_0039727,0
te_0039728,0
te_0039729,0
te_0039730,0
te_0039731,0
te_0039732,0
te_0039733,0
te_0039734,0
te_0039735,0
te_0039736,0
te_0039737,0
te_0039738,0
te_0039739,0
te_0039740,0
te_0039741,0
te_0039742,0
te_0039743,0
te_0039744,0
te_0039745,0
te_0039746,0
te_0039747,0
te_0039748,0
te_0039749,0
te_0039750,0
te_0039751,0
te_0039752,0
te_0039753,0
te_0039754,0
te_0039755,0
te_0039756,0
te_0039757,0
te_0039758,0
te_0039759,0
te_0039760,0
te_0039761,0
te_0039762,0
te_0039763,0
te_0039764,0
te_0039765,0
te_0039766,0
te_0039767,0
te_0039768,0
te_0039769,0
te_0039770,0
te_0039771,0
te_0039772,0
te_0039773,0
te_0039774,0
te_0039775,0
te_0039776,0
te_0039777,0
te_0039778,0
te_0039779,0
te_0039780,0
te_0039781,0
te_0039782,0
te_0039783,0
te_0039784,0
te_0039785,0
te_0039786,0
te_0039787,0
te_0039788,0
te_0039789,0
te_0039790,0
te_0039791,0
te_0039792,0
te_0039793,0
te_0039794,0
te_0039795,0
te_0039796,0
te_0039797,0
te_0039798,0
te_0039799,0
te_0039800,0
te_0039801,0
te_0039802,0
te_0039803,0
te_0039804,0
te_0039805,0
te_0039806,0
te_0039807,0
te_0039808,0
te_0039809,0
te_0039810,0
te_0039811,0
te_0039812,0
te_0039813,0
te_0039814,0
te_0039815,0
te_0039816,0
te_0039817,0
te_0039818,0
te_0039819,0
te_0039820,0
te_0039821,0
te_0039822,0
te_0039823,0
te_0039824,0
te_0039825,0
te_0039826,0
te_0039827,0
te_0039828,0
te_0039829,0
te_0039830,0
te_0039831,0
te_0039832,0
te_0039833,0
te_0039834,0
te_0039835,0
te_0039836,0
te_0039837,0
te_0039838,0
te_0039839,0
te_0039840,0
te_0039841,0
te_0039842,0
te_0039843,0
te_0039844,0
te_0039845,0
te_0039846,0
te_0039847,0
te_0039848,0
te_0039849,0
te_0039850,0
te_0039851,0
te_0039852,0
te_0039853,0
te_0039854,0
te_0039855,0
te_0039856,0
te_0039857,0
te_0039858,0
te_0039859,0
te_0039860,0
te_0039861,0
te_0039862,0
te_0039863,0
te_0039864,0
te_0039865,0
te_0039866,0
te_0039867,0
te_0039868,0
te_0039869,0
te_0039870,0
te_0039871,0
te_0039872,0
te_0039873,0
te_0039874,0
te_0039875,0
te_0039876,0
te_0039877,0
te_0039878,0
te_0039879,0
te_0039880,0
te_0039881,0
te_0039882,0
te_0039883,0
te_0039884,0
te_0039885,0
te_0039886,0
te_0039887,0
te_0039888,0
te_0039889,0
te_0039890,0
te_0039891,0
te_0039892,0
te_0039893,0
te_0039894,0
te_0039895,0
te_0039896,0
te_0039897,0
te_0039898,0
te_0039899,0
te_0039900,0
te_0039901,0
te_0039902,0
te_0039903,0
te_0039904,0
te_0039905,0
te_0039906,0
te_0039907,0
te_0039908,0
te_0039909,0
te_0039910,0
te_0039911,0
te_0039912,0
te_0039913,0
te_0039914,0
te_0039915,0
te_0039916,0
te_0039917,0
te_0039918,0
te_0039919,0
te_0039920,0
te_0039921,0
te_0039922,0
te_0039923,0
te_0039924,0
te_0039925,0
te_0039926,0
te_0039927,0
te_0039928,0
te_0039929,0
te_0039930,0
te_0039931,0
te_0039932,0
te_0039933,0
te_0039934,0
te_0039935,0
te_0039936,0
te_0039937,0
te_0039938,0
te_0039939,0
te_0039940,0
te_0039941,0
te_0039942,0
te_0039943,0
te_0039944,0
te_0039945,0
te_0039946,0
te_0039947,0
te_0039948,0
te_0039949,0
te_0039950,0
te_0039951,0
te_0039952,0
te_0039953,0
te_0039954,0
te_0039955,0
te_0039956,0
te_0039957,0
te_0039958,0
te_0039959,0
te_0039960,0
te_0039961,0
te_0039962,0
te_0039963,0
te_0039964,0
te_0039965,0
te_0039966,0
te_0039967,0
te_0039968,0
te_0039969,0
te_0039970,0
te_0039971,0
te_0039972,0
te_0039973,0
te_0039974,0
te_0039975,0
te_0039976,0
te_0039977,0
te_0039978,0
te_0039979,0
te_0039980,0
te_0039981,0
te_0039982,0
te_0039983,0
te_0039984,0
te_0039985,0
te_0039986,0
te_0039987,0
te_0039988,0
te_0039989,0
te_0039990,0
te_0039991,0
te_0039992,0
te_0039993,0
te_0039994,0
te_0039995,0
te_0039996,0
te_0039997,0
te_0039998,0
te_0039999,0
te_0040000,0
te_0040001,0
te_0040002,0
te_0040003,0
te_0040004,0
te_0040005,0
te_0040006,0
te_0040007,0
te_0040008,0
te_0040009,0
te_0040010,0
te_0040011,0
te_0040012,0
te_0040013,0
te_0040014,0
te_0040015,0
te_0040016,0
te_0040017,0
te_0040018,0
te_0040019,0
te_0040020,0
te_0040021,0
te_0040022,0
te_0040023,0
te_0040024,0
te_0040025,0
te_0040026,0
te_0040027,0
te_0040028,0
te_0040029,0
te_0040030,0
te_0040031,0
te_0040032,0
te_0040033,0
te_0040034,0
te_0040035,0
te_0040036,0
te_0040037,0
te_0040038,0
te_0040039,0
te_0040040,0
te_0040041,0
te_0040042,0
te_0040043,0
te_0040044,0
te_0040045,0
te_0040046,0
te_0040047,0
te_0040048,0
te_0040049,0
te_0040050,0
te_0040051,0
te_0040052,0
te_0040053,0
te_0040054,0
te_0040055,0
te_0040056,0
te_0040057,0
te_0040058,0
te_0040059,0
te_0040060,0
te_0040061,0
te_0040062,0
te_0040063,0
te_0040064,0
te_0040065,0
te_0040066,0
te_0040067,0
te_0040068,0
te_0040069,0
te_0040070,0
te_0040071,0
te_0040072,0
te_0040073,0
te_0040074,0
te_0040075,0
te_0040076,0
te_0040077,0
te_0040078,0
te_0040079,0
te_0040080,0
te_0040081,0
te_0040082,0
te_0040083,0
te_0040084,0
te_0040085,0
te_0040086,0
te_0040087,0
te_0040088,0
te_0040089,0
te_0040090,0
te_0040091,0
te_0040092,0
te_0040093,0
te_0040094,0
te_0040095,0
te_0040096,0
te_0040097,0
te_0040098,0
te_0040099,0
te_0040100,0
te_0040101,0
te_0040102,0
te_0040103,0
te_0040104,0
te_0040105,0
te_0040106,0
te_0040107,0
te_0040108,0
te_0040109,0
te_0040110,0
te_0040111,0
te_0040112,0
te_0040113,0
te_0040114,0
te_0040115,0
te_0040116,0
te_0040117,0
te_0040118,0
te_0040119,0
te_0040120,0
te_0040121,0
te_0040122,0
te_0040123,0
te_0040124,0
te_0040125,0
te_0040126,0
te_0040127,0
te_0040128,0
te_0040129,0
te_0040130,0
te_0040131,0
te_0040132,0
te_0040133,0
te_0040134,0
te_0040135,0
te_0040136,0
te_0040137,0
te_0040138,0
te_0040139,0
te_0040140,0
te_0040141,0
te_0040142,0
te_0040143,0
te_0040144,0
te_0040145,0
te_0040146,0
te_0040147,0
te_0040148,0
te_0040149,0
te_0040150,0
te_0040151,0
te_0040152,0
te_0040153,0
te_0040154,0
te_0040155,0
te_0040156,0
te_0040157,0
te_0040158,0
te_0040159,0
te_0040160,0
te_0040161,0
te_0040162,0
te_0040163,0
te_0040164,0
te_0040165,0
te_0040166,0
te_0040167,0
te_0040168,0
te_0040169,0
te_0040170,0
te_0040171,0
te_0040172,0
te_0040173,0
te_0040174,0
te_0040175,0
te_0040176,0
te_0040177,0
te_0040178,0
te_0040179,0
te_0040180,0
te_0040181,0
te_0040182,0
te_0040183,0
te_0040184,0
te_0040185,0
te_0040186,0
te_0040187,0
te_0040188,0
te_0040189,0
te_0040190,0
te_0040191,0
te_0040192,0
te_0040193,0
te_0040194,0
te_0040195,0
te_0040196,0
te_0040197,0
te_0040198,0
te_0040199,0
te_0040200,0
te_0040201,0
te_0040202,0
te_0040203,0
te_0040204,0
te_0040205,0
te_0040206,0
te_0040207,0
te_0040208,0
te_0040209,0
te_0040210,0
te_0040211,0
te_0040212,0
te_0040213,0
te_0040214,0
te_0040215,0
te_0040216,0
te_0040217,0
te_0040218,0
te_0040219,0
te_0040220,0
te_0040221,0
te_0040222,0
te_0040223,0
te_0040224,0
te_0040225,0
te_0040226,0
te_0040227,0
te_0040228,0
te_0040229,0
te_0040230,0
te_0040231,0
te_0040232,0
te_0040233,0
te_0040234,0
te_0040235,0
te_0040236,0
te_0040237,0
te_0040238,0
te_0040239,0
te_0040240,0
te_0040241,0
te_0040242,0
te_0040243,0
te_0040244,0
te_0040245,0
te_0040246,0
te_0040247,0
te_0040248,0
te_0040249,0
te_0040250,0
te_0040251,0
te_0040252,0
te_0040253,0
te_0040254,0
te_0040255,0
te_0040256,0
te_0040257,0
te_0040258,0
te_0040259,0
te_0040260,0
te_0040261,0
te_0040262,0
te_0040263,0
te_0040264,0
te_0040265,0
te_0040266,0
te_0040267,0
te_0040268,0
te_0040269,0
te_0040270,0
te_0040271,0
te_0040272,0
te_0040273,0
te_0040274,0
te_0040275,0
te_0040276,0
te_0040277,0
te_0040278,0
te_0040279,0
te_0040280,0
te_0040281,0
te_0040282,0
te_0040283,0
te_0040284,0
te_0040285,0
te_0040286,0
te_0040287,0
te_0040288,0
te_0040289,0
te_0040290,0
te_0040291,0
te_0040292,0
te_0040293,0
te_0040294,0
te_0040295,0
te_0040296,0
te_0040297,0
te_0040298,0
te_0040299,0
te_0040300,0
te_0040301,0
te_0040302,0
te_0040303,0
te_0040304,0
te_0040305,0
te_0040306,0
te_0040307,0
te_0040308,0
te_0040309,0
te_0040310,0
te_0040311,0
te_0040312,0
te_0040313,0
te_0040314,0
te_0040315,0
te_0040316,0
te_0040317,0
te_0040318,0
te_0040319,0
te_0040320,0
te_0040321,0
te_0040322,0
te_0040323,0
te_0040324,0
te_0040325,0
te_0040326,0
te_0040327,0
te_0040328,0
te_0040329,0
te_0040330,0
te_0040331,0
te_0040332,0
te_0040333,0
te_0040334,0
te_0040335,0
te_0040336,0
te_0040337,0
te_0040338,0
te_0040339,0
te_0040340,0
te_0040341,0
te_0040342,0
te_0040343,0
te_0040344,0
te_0040345,0
te_0040346,0
te_0040347,0
te_0040348,0
te_0040349,0
te_0040350,0
te_0040351,0
te_0040352,0
te_0040353,0
te_0040354,0
te_0040355,0
te_0040356,0
te_0040357,0
te_0040358,0
te_0040359,0
te_0040360,0
te_0040361,0
te_0040362,0
te_0040363,0
te_0040364,0
te_0040365,0
te_0040366,0
te_0040367,0
te_0040368,0
te_0040369,0
te_0040370,0
te_0040371,0
te_0040372,0
te_0040373,0
te_0040374,0
te_0040375,0
te_0040376,0
te_0040377,0
te_0040378,0
te_0040379,0
te_0040380,0
te_0040381,0
te_0040382,0
te_0040383,0
te_0040384,0
te_0040385,0
te_0040386,0
te_0040387,0
te_0040388,0
te_0040389,0
te_0040390,0
te_0040391,0
te_0040392,0
te_0040393,0
te_0040394,0
te_0040395,0
te_0040396,0
te_0040397,0
te_0040398,0
te_0040399,0
te_0040400,0
te_0040401,0
te_0040402,0
te_0040403,0
te_0040404,0
te_0040405,0
te_0040406,0
te_0040407,0
te_0040408,0
te_0040409,0
te_0040410,0
te_0040411,0
te_0040412,0
te_0040413,0
te_0040414,0
te_0040415,0
te_0040416,0
te_0040417,0
te_0040418,0
te_0040419,0
te_0040420,0
te_0040421,0
te_0040422,0
te_0040423,0
te_0040424,0
te_0040425,0
te_0040426,0
te_0040427,0
te_0040428,0
te_0040429,0
te_0040430,0
te_0040431,0
te_0040432,0
te_0040433,0
te_0040434,0
te_0040435,0
te_0040436,0
te_0040437,0
te_0040438,0
te_0040439,0
te_0040440,0
te_0040441,0
te_0040442,0
te_0040443,0
te_0040444,0
te_0040445,0
te_0040446,0
te_0040447,0
te_0040448,0
te_0040449,0
te_0040450,0
te_0040451,0
te_0040452,0
te_0040453,0
te_0040454,0
te_0040455,0
te_0040456,0
te_0040457,0
te_0040458,0
te_0040459,0
te_0040460,0
te_0040461,0
te_0040462,0
te_0040463,0
te_0040464,0
te_0040465,0
te_0040466,0
te_0040467,0
te_0040468,0
te_0040469,0
te_0040470,0
te_0040471,0
te_0040472,0
te_0040473,0
te_0040474,0
te_0040475,0
te_0040476,0
te_0040477,0
te_0040478,0
te_0040479,0
te_0040480,0
te_0040481,0
te_0040482,0
te_0040483,0
te_0040484,0
te_0040485,0
te_0040486,0
te_0040487,0
te_0040488,0
te_0040489,0
te_0040490,0
te_0040491,0
te_0040492,0
te_0040493,0
te_0040494,0
te_0040495,0
te_0040496,0
te_0040497,0
te_0040498,0
te_0040499,0
te_0040500,0
te_0040501,0
te_0040502,0
te_0040503,0
te_0040504,0
te_0040505,0
te_0040506,0
te_0040507,0
te_0040508,0
te_0040509,0
te_0040510,0
te_0040511,0
te_0040512,0
te_0040513,0
te_0040514,0
te_0040515,0
te_0040516,0
te_0040517,0
te_0040518,0
te_0040519,0
te_0040520,0
te_0040521,0
te_0040522,0
te_0040523,0
te_0040524,0
te_0040525,0
te_0040526,0
te_0040527,0
te_0040528,0
te_0040529,0
te_0040530,0
te_0040531,0
te_0040532,0
te_0040533,0
te_0040534,0
te_0040535,0
te_0040536,0
te_0040537,0
te_0040538,0
te_0040539,0
te_0040540,0
te_0040541,0
te_0040542,0
te_0040543,0
te_0040544,0
te_0040545,0
te_0040546,0
te_0040547,0
te_0040548,0
te_0040549,0
te_0040550,0
te_0040551,0
te_0040552,0
te_0040553,0
te_0040554,0
te_0040555,0
te_0040556,0
te_0040557,0
te_0040558,0
te_0040559,0
te_0040560,0
te_0040561,0
te_0040562,0
te_0040563,0
te_0040564,0
te_0040565,0
te_0040566,0
te_0040567,0
te_0040568,0
te_0040569,0
te_0040570,0
te_0040571,0
te_0040572,0
te_0040573,0
te_0040574,0
te_0040575,0
te_0040576,0
te_0040577,0
te_0040578,0
te_0040579,0
te_0040580,0
te_0040581,0
te_0040582,0
te_0040583,0
te_0040584,0
te_0040585,0
te_0040586,0
te_0040587,0
te_0040588,0
te_0040589,0
te_0040590,0
te_0040591,0
te_0040592,0
te_0040593,0
te_0040594,0
te_0040595,0
te_0040596,0
te_0040597,0
te_0040598,0
te_0040599,0
te_0040600,0
te_0040601,0
te_0040602,0
te_0040603,0
te_0040604,0
te_0040605,0
te_0040606,0
te_0040607,0
te_0040608,0
te_0040609,0
te_0040610,0
te_0040611,0
te_0040612,0
te_0040613,0
te_0040614,0
te_0040615,0
te_0040616,0
te_0040617,0
te_0040618,0
te_0040619,0
te_0040620,0
te_0040621,0
te_0040622,0
te_0040623,0
te_0040624,0
te_0040625,0
te_0040626,0
te_0040627,0
te_0040628,0
te_0040629,0
te_0040630,0
te_0040631,0
te_0040632,0
te_0040633,0
te_0040634,0
te_0040635,0
te_0040636,0
te_0040637,0
te_0040638,0
te_0040639,0
te_0040640,0
te_0040641,0
te_0040642,0
te_0040643,0
te_0040644,0
te_0040645,0
te_0040646,0
te_0040647,0
te_0040648,0
te_0040649,0
te_0040650,0
te_0040651,0
te_0040652,0
te_0040653,0
te_0040654,0
te_0040655,0
te_0040656,0
te_0040657,0
te_0040658,0
te_0040659,0
te_0040660,0
te_0040661,0
te_0040662,0
te_0040663,0
te_0040664,0
te_0040665,0
te_0040666,0
te_0040667,0
te_0040668,0
te_0040669,0
te_0040670,0
te_0040671,0
te_0040672,0
te_0040673,0
te_0040674,0
te_0040675,0
te_0040676,0
te_0040677,0
te_0040678,0
te_0040679,0
te_0040680,0
te_0040681,0
te_0040682,0
te_0040683,0
te_0040684,0
te_0040685,0
te_0040686,0
te_0040687,0
te_0040688,0
te_0040689,0
te_0040690,0
te_0040691,0
te_0040692,0
te_0040693,0
te_0040694,0
te_0040695,0
te_0040696,0
te_0040697,0
te_0040698,0
te_0040699,0
te_0040700,0
te_0040701,0
te_0040702,0
te_0040703,0
te_0040704,0
te_0040705,0
te_0040706,0
te_0040707,0
te_0040708,0
te_0040709,0
te_0040710,0
te_0040711,0
te_0040712,0
te_0040713,0
te_0040714,0
te_0040715,0
te_0040716,0
te_0040717,0
te_0040718,0
te_0040719,0
te_0040720,0
te_0040721,0
te_0040722,0
te_0040723,0
te_0040724,0
te_0040725,0
te_0040726,0
te_0040727,0
te_0040728,0
te_0040729,0
te_0040730,0
te_0040731,0
te_0040732,0
te_0040733,0
te_0040734,0
te_0040735,0
te_0040736,0
te_0040737,0
te_0040738,0
te_0040739,0
te_0040740,0
te_0040741,0
te_0040742,0
te_0040743,0
te_0040744,0
te_0040745,0
te_0040746,0
te_0040747,0
te_0040748,0
te_0040749,0
te_0040750,0
te_0040751,0
te_0040752,0
te_0040753,0
te_0040754,0
te_0040755,0
te_0040756,0
te_0040757,0
te_0040758,0
te_0040759,0
te_0040760,0
te_0040761,0
te_0040762,0
te_0040763,0
te_0040764,0
te_0040765,0
te_0040766,0
te_0040767,0
te_0040768,0
te_0040769,0
te_0040770,0
te_0040771,0
te_0040772,0
te_0040773,0
te_0040774,0
te_0040775,0
te_0040776,0
te_0040777,0
te_0040778,0
te_0040779,0
te_0040780,0
te_0040781,0
te_0040782,0
te_0040783,0
te_0040784,0
te_0040785,0
te_0040786,0
te_0040787,0
te_0040788,0
te_0040789,0
te_0040790,0
te_0040791,0
te_0040792,0
te_0040793,0
te_0040794,0
te_0040795,0
te_0040796,0
te_0040797,0
te_0040798,0
te_0040799,0
te_0040800,0
te_0040801,0
te_0040802,0
te_0040803,0
te_0040804,0
te_0040805,0
te_0040806,0
te_0040807,0
te_0040808,0
te_0040809,0
te_0040810,0
te_0040811,0
te_0040812,0
te_0040813,0
te_0040814,0
te_0040815,0
te_0040816,0
te_0040817,0
te_0040818,0
te_0040819,0
te_0040820,0
te_0040821,0
te_0040822,0
te_0040823,0
te_0040824,0
te_0040825,0
te_0040826,0
te_0040827,0
te_0040828,0
te_0040829,0
te_0040830,0
te_0040831,0
te_0040832,0
te_0040833,0
te_0040834,0
te_0040835,0
te_0040836,0
te_0040837,0
te_0040838,0
te_0040839,0
te_0040840,0
te_0040841,0
te_0040842,0
te_0040843,0
te_0040844,0
te_0040845,0
te_0040846,0
te_0040847,0
te_0040848,0
te_0040849,0
te_0040850,0
te_0040851,0
te_0040852,0
te_0040853,0
te_0040854,0
te_0040855,0
te_0040856,0
te_0040857,0
te_0040858,0
te_0040859,0
te_0040860,0
te_0040861,0
te_0040862,0
te_0040863,0
te_0040864,0
te_0040865,0
te_0040866,0
te_0040867,0
te_0040868,0
te_0040869,0
te_0040870,0
te_0040871,0
te_0040872,0
te_0040873,0
te_0040874,0
te_0040875,0
te_0040876,0
te_0040877,0
te_0040878,0
te_0040879,0
te_0040880,0
te_0040881,0
te_0040882,0
te_0040883,0
te_0040884,0
te_0040885,0
te_0040886,0
te_0040887,0
te_0040888,0
te_0040889,0
te_0040890,0
te_0040891,0
te_0040892,0
te_0040893,0
te_0040894,0
te_0040895,0
te_0040896,0
te_0040897,0
te_0040898,0
te_0040899,0
te_0040900,0
te_0040901,0
te_0040902,0
te_0040903,0
te_0040904,0
te_0040905,0
te_0040906,0
te_0040907,0
te_0040908,0
te_0040909,0
te_0040910,0
te_0040911,0
te_0040912,0
te_0040913,0
te_0040914,0
te_0040915,0
te_0040916,0
te_0040917,0
te_0040918,0
te_0040919,0
te_0040920,0
te_0040921,0
te_0040922,0
te_0040923,0
te_0040924,0
te_0040925,0
te_0040926,0
te_0040927,0
te_0040928,0
te_0040929,0
te_0040930,0
te_0040931,0
te_0040932,0
te_0040933,0
te_0040934,0
te_0040935,0
te_0040936,0
te_0040937,0
te_0040938,0
te_0040939,0
te_0040940,0
te_0040941,0
te_0040942,0
te_0040943,0
te_0040944,0
te_0040945,0
te_0040946,0
te_0040947,0
te_0040948,0
te_0040949,0
te_0040950,0
te_0040951,0
te_0040952,0
te_0040953,0
te_0040954,0
te_0040955,0
te_0040956,0
te_0040957,0
te_0040958,0
te_0040959,0
te_0040960,0
te_0040961,0
te_0040962,0
te_0040963,0
te_0040964,0
te_0040965,0
te_0040966,0
te_0040967,0
te_0040968,0
te_0040969,0
te_0040970,0
te_0040971,0
te_0040972,0
te_0040973,0
te_0040974,0
te_0040975,0
te_0040976,0
te_0040977,0
te_0040978,0
te_0040979,0
te_0040980,0
te_0040981,0
te_0040982,0
te_0040983,0
te_0040984,0
te_0040985,0
te_0040986,0
te_0040987,0
te_0040988,0
te_0040989,0
te_0040990,0
te_0040991,0
te_0040992,0
te_0040993,0
te_0040994,0
te_0040995,0
te_0040996,0
te_0040997,0
te_0040998,0
te_0040999,0
te_0041000,0
te_0041001,0
te_0041002,0
te_0041003,0
te_0041004,0
te_0041005,0
te_0041006,0
te_0041007,0
te_0041008,0
te_0041009,0
te_0041010,0
te_0041011,0
te_0041012,0
te_0041013,0
te_0041014,0
te_0041015,0
te_0041016,0
te_0041017,0
te_0041018,0
te_0041019,0
te_0041020,0
te_0041021,0
te_0041022,0
te_0041023,0
te_0041024,0
te_0041025,0
te_0041026,0
te_0041027,0
te_0041028,0
te_0041029,0
te_0041030,0
te_0041031,0
te_0041032,0
te_0041033,0
te_0041034,0
te_0041035,0
te_0041036,0
te_0041037,0
te_0041038,0
te_0041039,0
te_0041040,0
te_0041041,0
te_0041042,0
te_0041043,0
te_0041044,0
te_0041045,0
te_0041046,0
te_0041047,0
te_0041048,0
te_0041049,0
te_0041050,0
te_0041051,0
te_0041052,0
te_0041053,0
te_0041054,0
te_0041055,0
te_0041056,0
te_0041057,0
te_0041058,0
te_0041059,0
te_0041060,0
te_0041061,0
te_0041062,0
te_0041063,0
te_0041064,0
te_0041065,0
te_0041066,0
te_0041067,0
te_0041068,0
te_0041069,0
te_0041070,0
te_0041071,0
te_0041072,0
te_0041073,0
te_0041074,0
te_0041075,0
te_0041076,0
te_0041077,0
te_0041078,0
te_0041079,0
te_0041080,0
te_0041081,0
te_0041082,0
te_0041083,0
te_0041084,0
te_0041085,0
te_0041086,0
te_0041087,0
te_0041088,0
te_0041089,0
te_0041090,0
te_0041091,0
te_0041092,0
te_0041093,0
te_0041094,0
te_0041095,0
te_0041096,0
te_0041097,0
te_0041098,0
te_0041099,0
te_0041100,0
te_0041101,0
te_0041102,0
te_0041103,0
te_0041104,0
te_0041105,0
te_0041106,0
te_0041107,0
te_0041108,0
te_0041109,0
te_0041110,0
te_0041111,0
te_0041112,0
te_0041113,0
te_0041114,0
te_0041115,0
te_0041116,0
te_0041117,0
te_0041118,0
te_0041119,0
te_0041120,0
te_0041121,0
te_0041122,0
te_0041123,0
te_0041124,0
te_0041125,0
te_0041126,0
te_0041127,0
te_0041128,0
te_0041129,0
te_0041130,0
te_0041131,0
te_0041132,0
te_0041133,0
te_0041134,0
te_0041135,0
te_0041136,0
te_0041137,0
te_0041138,0
te_0041139,0
te_0041140,0
te_0041141,0
te_0041142,0
te_0041143,0
te_0041144,0
te_0041145,0
te_0041146,0
te_0041147,0
te_0041148,0
te_0041149,0
te_0041150,0
te_0041151,0
te_0041152,0
te_0041153,0
te_0041154,0
te_0041155,0
te_0041156,0
te_0041157,0
te_0041158,0
te_0041159,0
te_0041160,0
te_0041161,0
te_0041162,0
te_0041163,0
te_0041164,0
te_0041165,0
te_0041166,0
te_0041167,0
te_0041168,0
te_0041169,0
te_0041170,0
te_0041171,0
te_0041172,0
te_0041173,0
te_0041174,0
te_0041175,0
te_0041176,0
te_0041177,0
te_0041178,0
te_0041179,0
te_0041180,0
te_0041181,0
te_0041182,0
te_0041183,0
te_0041184,0
te_0041185,0
te_0041186,0
te_0041187,0
te_0041188,0
te_0041189,0
te_0041190,0
te_0041191,0
te_0041192,0
te_0041193,0
te_0041194,0
te_0041195,0
te_0041196,0
te_0041197,0
te_0041198,0
te_0041199,0
te_0041200,0
te_0041201,0
te_0041202,0
te_0041203,0
te_0041204,0
te_0041205,0
te_0041206,0
te_0041207,0
te_0041208,0
te_0041209,0
te_0041210,0
te_0041211,0
te_0041212,0
te_0041213,0
te_0041214,0
te_0041215,0
te_0041216,0
te_0041217,0
te_0041218,0
te_0041219,0
te_0041220,0
te_0041221,0
te_0041222,0
te_0041223,0
te_0041224,0
te_0041225,0
te_0041226,0
te_0041227,0
te_0041228,0
te_0041229,0
te_0041230,0
te_0041231,0
te_0041232,0
te_0041233,0
te_0041234,0
te_0041235,0
te_0041236,0
te_0041237,0
te_0041238,0
te_0041239,0
te_0041240,0
te_0041241,0
te_0041242,0
te_0041243,0
te_0041244,0
te_0041245,0
te_0041246,0
te_0041247,0
te_0041248,0
te_0041249,0
te_0041250,0
te_0041251,0
te_0041252,0
te_0041253,0
te_0041254,0
te_0041255,0
te_0041256,0
te_0041257,0
te_0041258,0
te_0041259,0
te_0041260,0
te_0041261,0
te_0041262,0
te_0041263,0
te_0041264,0
te_0041265,0
te_0041266,0
te_0041267,0
te_0041268,0
te_0041269,0
te_0041270,0
te_0041271,0
te_0041272,0
te_0041273,0
te_0041274,0
te_0041275,0
te_0041276,0
te_0041277,0
te_0041278,0
te_0041279,0
te_0041280,0
te_0041281,0
te_0041282,0
te_0041283,0
te_0041284,0
te_0041285,0
te_0041286,0
te_0041287,0
te_0041288,0
te_0041289,0
te_0041290,0
te_0041291,0
te_0041292,0
te_0041293,0
te_0041294,0
te_0041295,0
te_0041296,0
te_0041297,0
te_0041298,0
te_0041299,0
te_0041300,0
te_0041301,0
te_0041302,0
te_0041303,0
te_0041304,0
te_0041305,0
te_0041306,0
te_0041307,0
te_0041308,0
te_0041309,0
te_0041310,0
te_0041311,0
te_0041312,0
te_0041313,0
te_0041314,0
te_0041315,0
te_0041316,0
te_0041317,0
te_0041318,0
te_0041319,0
te_0041320,0
te_0041321,0
te_0041322,0
te_0041323,0
te_0041324,0
te_0041325,0
te_0041326,0
te_0041327,0
te_0041328,0
te_0041329,0
te_0041330,0
te_0041331,0
te_0041332,0
te_0041333,0
te_0041334,0
te_0041335,0
te_0041336,0
te_0041337,0
te_0041338,0
te_0041339,0
te_0041340,0
te_0041341,0
te_0041342,0
te_0041343,0
te_0041344,0
te_0041345,0
te_0041346,0
te_0041347,0
te_0041348,0
te_0041349,0
te_0041350,0
te_0041351,0
te_0041352,0
te_0041353,0
te_0041354,0
te_0041355,0
te_0041356,0
te_0041357,0
te_0041358,0
te_0041359,0
te_0041360,0
te_0041361,0
te_0041362,0
te_0041363,0
te_0041364,0
te_0041365,0
te_0041366,0
te_0041367,0
te_0041368,0
te_0041369,0
te_0041370,0
te_0041371,0
te_0041372,0
te_0041373,0
te_0041374,0
te_0041375,0
te_0041376,0
te_0041377,0
te_0041378,0
te_0041379,0
te_0041380,0
te_0041381,0
te_0041382,0
te_0041383,0
te_0041384,0
te_0041385,0
te_0041386,0
te_0041387,0
te_0041388,0
te_0041389,0
te_0041390,0
te_0041391,0
te_0041392,0
te_0041393,0
te_0041394,0
te_0041395,0
te_0041396,0
te_0041397,0
te_0041398,0
te_0041399,0
te_0041400,0
te_0041401,0
te_0041402,0
te_0041403,0
te_0041404,0
te_0041405,0
te_0041406,0
te_0041407,0
te_0041408,0
te_0041409,0
te_0041410,0
te_0041411,0
te_0041412,0
te_0041413,0
te_0041414,0
te_0041415,0
te_0041416,0
te_0041417,0
te_0041418,0
te_0041419,0
te_0041420,0
te_0041421,0
te_0041422,0
te_0041423,0
te_0041424,0
te_0041425,0
te_0041426,0
te_0041427,0
te_0041428,0
te_0041429,0
te_0041430,0
te_0041431,0
te_0041432,0
te_0041433,0
te_0041434,0
te_0041435,0
te_0041436,0
te_0041437,0
te_0041438,0
te_0041439,0
te_0041440,0
te_0041441,0
te_0041442,0
te_0041443,0
te_0041444,0
te_0041445,0
te_0041446,0
te_0041447,0
te_0041448,0
te_0041449,0
te_0041450,0
te_0041451,0
te_0041452,0
te_0041453,0
te_0041454,0
te_0041455,0
te_0041456,0
te_0041457,0
te_0041458,0
te_0041459,0
te_0041460,0
te_0041461,0
te_0041462,0
te_0041463,0
te_0041464,0
te_0041465,0
te_0041466,0
te_0041467,0
te_0041468,0
te_0041469,0
te_0041470,0
te_0041471,0
te_0041472,0
te_0041473,0
te_0041474,0
te_0041475,0
te_0041476,0
te_0041477,0
te_0041478,0
te_0041479,0
te_0041480,0
te_0041481,0
te_0041482,0
te_0041483,0
te_0041484,0
te_0041485,0
te_0041486,0
te_0041487,0
te_0041488,0
te_0041489,0
te_0041490,0
te_0041491,0
te_0041492,0
te_0041493,0
te_0041494,0
te_0041495,0
te_0041496,0
te_0041497,0
te_0041498,0
te_0041499,0
te_0041500,0
te_0041501,0
te_0041502,0
te_0041503,0
te_0041504,0
te_0041505,0
te_0041506,0
te_0041507,0
te_0041508,0
te_0041509,0
te_0041510,0
te_0041511,0
te_0041512,0
te_0041513,0
te_0041514,0
te_0041515,0
te_0041516,0
te_0041517,0
te_0041518,0
te_0041519,0
te_0041520,0
te_0041521,0
te_0041522,0
te_0041523,0
te_0041524,0
te_0041525,0
te_0041526,0
te_0041527,0
te_0041528,0
te_0041529,0
te_0041530,0
te_0041531,0
te_0041532,0
te_0041533,0
te_0041534,0
te_0041535,0
te_0041536,0
te_0041537,0
te_0041538,0
te_0041539,0
te_0041540,0
te_0041541,0
te_0041542,0
te_0041543,0
te_0041544,0
te_0041545,0
te_0041546,0
te_0041547,0
te_0041548,0
te_0041549,0
te_0041550,0
te_0041551,0
te_0041552,0
te_0041553,0
te_0041554,0
te_0041555,0
te_0041556,0
te_0041557,0
te_0041558,0
te_0041559,0
te_0041560,0
te_0041561,0
te_0041562,0
te_0041563,0
te_0041564,0
te_0041565,0
te_0041566,0
te_0041567,0
te_0041568,0
te_0041569,0
te_0041570,0
te_0041571,0
te_0041572,0
te_0041573,0
te_0041574,0
te_0041575,0
te_0041576,0
te_0041577,0
te_0041578,0
te_0041579,0
te_0041580,0
te_0041581,0
te_0041582,0
te_0041583,0
te_0041584,0
te_0041585,0
te_0041586,0
te_0041587,0
te_0041588,0
te_0041589,0
te_0041590,0
te_0041591,0
te_0041592,0
te_0041593,0
te_0041594,0
te_0041595,0
te_0041596,0
te_0041597,0
te_0041598,0
te_0041599,0
te_0041600,0
te_0041601,0
te_0041602,0
te_0041603,0
te_0041604,0
te_0041605,0
te_0041606,0
te_0041607,0
te_0041608,0
te_0041609,0
te_0041610,0
te_0041611,0
te_0041612,0
te_0041613,0
te_0041614,0
te_0041615,0
te_0041616,0
te_0041617,0
te_0041618,0
te_0041619,0
te_0041620,0
te_0041621,0
te_0041622,0
te_0041623,0
te_0041624,0
te_0041625,0
te_0041626,0
te_0041627,0
te_0041628,0
te_0041629,0
te_0041630,0
te_0041631,0
te_0041632,0
te_0041633,0
te_0041634,0
te_0041635,0
te_0041636,0
te_0041637,0
te_0041638,0
te_0041639,0
te_0041640,0
te_0041641,0
te_0041642,0
te_0041643,0
te_0041644,0
te_0041645,0
te_0041646,0
te_0041647,0
te_0041648,0
te_0041649,0
te_0041650,0
te_0041651,0
te_0041652,0
te_0041653,0
te_0041654,0
te_0041655,0
te_0041656,0
te_0041657,0
te_0041658,0
te_0041659,0
te_0041660,0
te_0041661,0
te_0041662,0
te_0041663,0
te_0041664,0
te_0041665,0
te_0041666,0
te_0041667,0
te_0041668,0
te_0041669,0
te_0041670,0
te_0041671,0
te_0041672,0
te_0041673,0
te_0041674,0
te_0041675,0
te_0041676,0
te_0041677,0
te_0041678,0
te_0041679,0
te_0041680,0
te_0041681,0
te_0041682,0
te_0041683,0
te_0041684,0
te_0041685,0
te_0041686,0
te_0041687,0
te_0041688,0
te_0041689,0
te_0041690,0
te_0041691,0
te_0041692,0
te_0041693,0
te_0041694,0
te_0041695,0
te_0041696,0
te_0041697,0
te_0041698,0
te_0041699,0
te_0041700,0
te_0041701,0
te_0041702,0
te_0041703,0
te_0041704,0
te_0041705,0
te_0041706,0
te_0041707,0
te_0041708,0
te_0041709,0
te_0041710,0
te_0041711,0
te_0041712,0
te_0041713,0
te_0041714,0
te_0041715,0
te_0041716,0
te_0041717,0
te_0041718,0
te_0041719,0
te_0041720,0
te_0041721,0
te_0041722,0
te_0041723,0
te_0041724,0
te_0041725,0
te_0041726,0
te_0041727,0
te_0041728,0
te_0041729,0
te_0041730,0
te_0041731,0
te_0041732,0
te_0041733,0
te_0041734,0
te_0041735,0
te_0041736,0
te_0041737,0
te_0041738,0
te_0041739,0
te_0041740,0
te_0041741,0
te_0041742,0
te_0041743,0
te_0041744,0
te_0041745,0
te_0041746,0
te_0041747,0
te_0041748,0
te_0041749,0
te_0041750,0
te_0041751,0
te_0041752,0
te_0041753,0
te_0041754,0
te_0041755,0
te_0041756,0
te_0041757,0
te_0041758,0
te_0041759,0
te_0041760,0
te_0041761,0
te_0041762,0
te_0041763,0
te_0041764,0
te_0041765,0
te_0041766,0
te_0041767,0
te_0041768,0
te_0041769,0
te_0041770,0
te_0041771,0
te_0041772,0
te_0041773,0
te_0041774,0
te_0041775,0
te_0041776,0
te_0041777,0
te_0041778,0
te_0041779,0
te_0041780,0
te_0041781,0
te_0041782,0
te_0041783,0
te_0041784,0
te_0041785,0
te_0041786,0
te_0041787,0
te_0041788,0
te_0041789,0
te_0041790,0
te_0041791,0
te_0041792,0
te_0041793,0
te_0041794,0
te_0041795,0
te_0041796,0
te_0041797,0
te_0041798,0
te_0041799,0
te_0041800,0
te_0041801,0
te_0041802,0
te_0041803,0
te_0041804,0
te_0041805,0
te_0041806,0
te_0041807,0
te_0041808,0
te_0041809,0
te_0041810,0
te_0041811,0
te_0041812,0
te_0041813,0
te_0041814,0
te_0041815,0
te_0041816,0
te_0041817,0
te_0041818,0
te_0041819,0
te_0041820,0
te_0041821,0
te_0041822,0
te_0041823,0
te_0041824,0
te_0041825,0
te_0041826,0
te_0041827,0
te_0041828,0
te_0041829,0
te_0041830,0
te_0041831,0
te_0041832,0
te_0041833,0
te_0041834,0
te_0041835,0
te_0041836,0
te_0041837,0
te_0041838,0
te_0041839,0
te_0041840,0
te_0041841,0
te_0041842,0
te_0041843,0
te_0041844,0
te_0041845,0
te_0041846,0
te_0041847,0
te_0041848,0
te_0041849,0
te_0041850,0
te_0041851,0
te_0041852,0
te_0041853,0
te_0041854,0
te_0041855,0
te_0041856,0
te_0041857,0
te_0041858,0
te_0041859,0
te_0041860,0
te_0041861,0
te_0041862,0
te_0041863,0
te_0041864,0
te_0041865,0
te_0041866,0
te_0041867,0
te_0041868,0
te_0041869,0
te_0041870,0
te_0041871,0
te_0041872,0
te_0041873,0
te_0041874,0
te_0041875,0
te_0041876,0
te_0041877,0
te_0041878,0
te_0041879,0
te_0041880,0
te_0041881,0
te_0041882,0
te_0041883,0
te_0041884,0
te_0041885,0
te_0041886,0
te_0041887,0
te_0041888,0
te_0041889,0
te_0041890,0
te_0041891,0
te_0041892,0
te_0041893,0
te_0041894,0
te_0041895,0
te_0041896,0
te_0041897,0
te_0041898,0
te_0041899,0
te_0041900,0
te_0041901,0
te_0041902,0
te_0041903,0
te_0041904,0
te_0041905,0
te_0041906,0
te_0041907,0
te_0041908,0
te_0041909,0
te_0041910,0
te_0041911,0
te_0041912,0
te_0041913,0
te_0041914,0
te_0041915,0
te_0041916,0
te_0041917,0
te_0041918,0
te_0041919,0
te_0041920,0
te_0041921,0
te_0041922,0
te_0041923,0
te_0041924,0
te_0041925,0
te_0041926,0
te_0041927,0
te_0041928,0
te_0041929,0
te_0041930,0
te_0041931,0
te_0041932,0
te_0041933,0
te_0041934,0
te_0041935,0
te_0041936,0
te_0041937,0
te_0041938,0
te_0041939,0
te_0041940,0
te_0041941,0
te_0041942,0
te_0041943,0
te_0041944,0
te_0041945,0
te_0041946,0
te_0041947,0
te_0041948,0
te_0041949,0
te_0041950,0
te_0041951,0
te_0041952,0
te_0041953,0
te_0041954,0
te_0041955,0
te_0041956,0
te_0041957,0
te_0041958,0
te_0041959,0
te_0041960,0
te_0041961,0
te_0041962,0
te_0041963,0
te_0041964,0
te_0041965,0
te_0041966,0
te_0041967,0
te_0041968,0
te_0041969,0
te_0041970,0
te_0041971,0
te_0041972,0
te_0041973,0
te_0041974,0
te_0041975,0
te_0041976,0
te_0041977,0
te_0041978,0
te_0041979,0
te_0041980,0
te_0041981,0
te_0041982,0
te_0041983,0
te_0041984,0
te_0041985,0
te_0041986,0
te_0041987,0
te_0041988,0
te_0041989,0
te_0041990,0
te_0041991,0
te_0041992,0
te_0041993,0
te_0041994,0
te_0041995,0
te_0041996,0
te_0041997,0
te_0041998,0
te_0041999,0
te_0042000,0
te_0042001,0
te_0042002,0
te_0042003,0
te_0042004,0
te_0042005,0
te_0042006,0
te_0042007,0
te_0042008,0
te_0042009,0
te_0042010,0
te_0042011,0
te_0042012,0
te_0042013,0
te_0042014,0
te_0042015,0
te_0042016,0
te_0042017,0
te_0042018,0
te_0042019,0
te_0042020,0
te_0042021,0
te_0042022,0
te_0042023,0
te_0042024,0
te_0042025,0
te_0042026,0
te_0042027,0
te_0042028,0
te_0042029,0
te_0042030,0
te_0042031,0
te_0042032,0
te_0042033,0
te_0042034,0
te_0042035,0
te_0042036,0
te_0042037,0
te_0042038,0
te_0042039,0
te_0042040,0
te_0042041,0
te_0042042,0
te_0042043,0
te_0042044,0
te_0042045,0
te_0042046,0
te_0042047,0
te_0042048,0
te_0042049,0
te_0042050,0
te_0042051,0
te_0042052,0
te_0042053,0
te_0042054,0
te_0042055,0
te_0042056,0
te_0042057,0
te_0042058,0
te_0042059,0
te_0042060,0
te_0042061,0
te_0042062,0
te_0042063,0
te_0042064,0
te_0042065,0
te_0042066,0
te_0042067,0
te_0042068,0
te_0042069,0
te_0042070,0
te_0042071,0
te_0042072,0
te_0042073,0
te_0042074,0
te_0042075,0
te_0042076,0
te_0042077,0
te_0042078,0
te_0042079,0
te_0042080,0
te_0042081,0
te_0042082,0
te_0042083,0
te_0042084,0
te_0042085,0
te_0042086,0
te_0042087,0
te_0042088,0
te_0042089,0
te_0042090,0
te_0042091,0
te_0042092,0
te_0042093,0
te_0042094,0
te_0042095,0
te_0042096,0
te_0042097,0
te_0042098,0
te_0042099,0
te_0042100,0
te_0042101,0
te_0042102,0
te_0042103,0
te_0042104,0
te_0042105,0
te_0042106,0
te_0042107,0
te_0042108,0
te_0042109,0
te_0042110,0
te_0042111,0
te_0042112,0
te_0042113,0
te_0042114,0
te_0042115,0
te_0042116,0
te_0042117,0
te_0042118,0
te_0042119,0
te_0042120,0
te_0042121,0
te_0042122,0
te_0042123,0
te_0042124,0
te_0042125,0
te_0042126,0
te_0042127,0
te_0042128,0
te_0042129,0
te_0042130,0
te_0042131,0
te_0042132,0
te_0042133,0
te_0042134,0
te_0042135,0
te_0042136,0
te_0042137,0
te_0042138,0
te_0042139,0
te_0042140,0
te_0042141,0
te_0042142,0
te_0042143,0
te_0042144,0
te_0042145,0
te_0042146,0
te_0042147,0
te_0042148,0
te_0042149,0
te_0042150,0
te_0042151,0
te_0042152,0
te_0042153,0
te_0042154,0
te_0042155,0
te_0042156,0
te_0042157,0
te_0042158,0
te_0042159,0
te_0042160,0
te_0042161,0
te_0042162,0
te_0042163,0
te_0042164,0
te_0042165,0
te_0042166,0
te_0042167,0
te_0042168,0
te_0042169,0
te_0042170,0
te_0042171,0
te_0042172,0
te_0042173,0
te_0042174,0
te_0042175,0
te_0042176,0
te_0042177,0
te_0042178,0
te_0042179,0
te_0042180,0
te_0042181,0
te_0042182,0
te_0042183,0
te_0042184,0
te_0042185,0
te_0042186,0
te_0042187,0
te_0042188,0
te_0042189,0
te_0042190,0
te_0042191,0
te_0042192,0
te_0042193,0
te_0042194,0
te_0042195,0
te_0042196,0
te_0042197,0
te_0042198,0
te_0042199,0
te_0042200,0
te_0042201,0
te_0042202,0
te_0042203,0
te_0042204,0
te_0042205,0
te_0042206,0
te_0042207,0
te_0042208,0
te_0042209,0
te_0042210,0
te_0042211,0
te_0042212,0
te_0042213,0
te_0042214,0
te_0042215,0
te_0042216,0
te_0042217,0
te_0042218,0
te_0042219,0
te_0042220,0
te_0042221,0
te_0042222,0
te_0042223,0
te_0042224,0
te_0042225,0
te_0042226,0
te_0042227,0
te_0042228,0
te_0042229,0
te_0042230,0
te_0042231,0
te_0042232,0
te_0042233,0
te_0042234,0
te_0042235,0
te_0042236,0
te_0042237,0
te_0042238,0
te_0042239,0
te_0042240,0
te_0042241,0
te_0042242,0
te_0042243,0
te_0042244,0
te_0042245,0
te_0042246,0
te_0042247,0
te_0042248,0
te_0042249,0
te_0042250,0
te_0042251,0
te_0042252,0
te_0042253,0
te_0042254,0
te_0042255,0
te_0042256,0
te_0042257,0
te_0042258,0
te_0042259,0
te_0042260,0
te_0042261,0
te_0042262,0
te_0042263,0
te_0042264,0
te_0042265,0
te_0042266,0
te_0042267,0
te_0042268,0
te_0042269,0
te_0042270,0
te_0042271,0
te_0042272,0
te_0042273,0
te_0042274,0
te_0042275,0
te_0042276,0
te_0042277,0
te_0042278,0
te_0042279,0
te_0042280,0
te_0042281,0
te_0042282,0
te_0042283,0
te_0042284,0
te_0042285,0
te_0042286,0
te_0042287,0
te_0042288,0
te_0042289,0
te_0042290,0
te_0042291,0
te_0042292,0
te_0042293,0
te_0042294,0
te_0042295,0
te_0042296,0
te_0042297,0
te_0042298,0
te_0042299,0
te_0042300,0
te_0042301,0
te_0042302,0
te_0042303,0
te_0042304,0
te_0042305,0
te_0042306,0
te_0042307,0
te_0042308,0
te_0042309,0
te_0042310,0
te_0042311,0
te_0042312,0
te_0042313,0
te_0042314,0
te_0042315,0
te_0042316,0
te_0042317,0
te_0042318,0
te_0042319,0
te_0042320,0
te_0042321,0
te_0042322,0
te_0042323,0
te_0042324,0
te_0042325,0
te_0042326,0
te_0042327,0
te_0042328,0
te_0042329,0
te_0042330,0
te_0042331,0
te_0042332,0
te_0042333,0
te_0042334,0
te_0042335,0
te_0042336,0
te_0042337,0
te_0042338,0
te_0042339,0
te_0042340,0
te_0042341,0
te_0042342,0
te_0042343,0
te_0042344,0
te_0042345,0
te_0042346,0
te_0042347,0
te_0042348,0
te_0042349,0
te_0042350,0
te_0042351,0
te_0042352,0
te_0042353,0
te_0042354,0
te_0042355,0
te_0042356,0
te_0042357,0
te_0042358,0
te_0042359,0
te_0042360,0
te_0042361,0
te_0042362,0
te_0042363,0
te_0042364,0
te_0042365,0
te_0042366,0
te_0042367,0
te_0042368,0
te_0042369,0
te_0042370,0
te_0042371,0
te_0042372,0
te_0042373,0
te_0042374,0
te_0042375,0
te_0042376,0
te_0042377,0
te_0042378,0
te_0042379,0
te_0042380,0
te_0042381,0
te_0042382,0
te_0042383,0
te_0042384,0
te_0042385,0
te_0042386,0
te_0042387,0
te_0042388,0
te_0042389,0
te_0042390,0
te_0042391,0
te_0042392,0
te_0042393,0
te_0042394,0
te_0042395,0
te_0042396,0
te_0042397,0
te_0042398,0
te_0042399,0
te_0042400,0
te_0042401,0
te_0042402,0
te_0042403,0
te_0042404,0
te_0042405,0
te_0042406,0
te_0042407,0
te_0042408,0
te_0042409,0
te_0042410,0
te_0042411,0
te_0042412,0
te_0042413,0
te_0042414,0
te_0042415,0
te_0042416,0
te_0042417,0
te_0042418,0
te_0042419,0
te_0042420,0
te_0042421,0
te_0042422,0
te_0042423,0
te_0042424,0
te_0042425,0
te_0042426,0
te_0042427,0
te_0042428,0
te_0042429,0
te_0042430,0
te_0042431,0
te_0042432,0
te_0042433,0
te_0042434,0
te_0042435,0
te_0042436,0
te_0042437,0
te_0042438,0
te_0042439,0
te_0042440,0
te_0042441,0
te_0042442,0
te_0042443,0
te_0042444,0
te_0042445,0
te_0042446,0
te_0042447,0
te_0042448,0
te_0042449,0
te_0042450,0
te_0042451,0
te_0042452,0
te_0042453,0
te_0042454,0
te_0042455,0
te_0042456,0
te_0042457,0
te_0042458,0
te_0042459,0
te_0042460,0
te_0042461,0
te_0042462,0
te_0042463,0
te_0042464,0
te_0042465,0
te_0042466,0
te_0042467,0
te_0042468,0
te_0042469,0
te_0042470,0
te_0042471,0
te_0042472,0
te_0042473,0
te_0042474,0
te_0042475,0
te_0042476,0
te_0042477,0
te_0042478,0
te_0042479,0
te_0042480,0
te_0042481,0
te_0042482,0
te_0042483,0
te_0042484,0
te_0042485,0
te_0042486,0
te_0042487,0
te_0042488,0
te_0042489,0
te_0042490,0
te_0042491,0
te_0042492,0
te_0042493,0
te_0042494,0
te_0042495,0
te_0042496,0
te_0042497,0
te_0042498,0
te_0042499,0
te_0042500,0
te_0042501,0
te_0042502,0
te_0042503,0
te_0042504,0
te_0042505,0
te_0042506,0
te_0042507,0
te_0042508,0
te_0042509,0
te_0042510,0
te_0042511,0
te_0042512,0
te_0042513,0
te_0042514,0
te_0042515,0
te_0042516,0
te_0042517,0
te_0042518,0
te_0042519,0
te_0042520,0
te_0042521,0
te_0042522,0
te_0042523,0
te_0042524,0
te_0042525,0
te_0042526,0
te_0042527,0
te_0042528,0
te_0042529,0
te_0042530,0
te_0042531,0
te_0042532,0
te_0042533,0
te_0042534,0
te_0042535,0
te_0042536,0
te_0042537,0
te_0042538,0
te_0042539,0
te_0042540,0
te_0042541,0
te_0042542,0
te_0042543,0
te_0042544,0
te_0042545,0
te_0042546,0
te_0042547,0
te_0042548,0
te_0042549,0
te_0042550,0
te_0042551,0
te_0042552,0
te_0042553,0
te_0042554,0
te_0042555,0
te_0042556,0
te_0042557,0
te_0042558,0
te_0042559,0
te_0042560,0
te_0042561,0
te_0042562,0
te_0042563,0
te_0042564,0
te_0042565,0
te_0042566,0
te_0042567,0
te_0042568,0
te_0042569,0
te_0042570,0
te_0042571,0
te_0042572,0
te_0042573,0
te_0042574,0
te_0042575,0
te_0042576,0
te_0042577,0
te_0042578,0
te_0042579,0
te_0042580,0
te_0042581,0
te_0042582,0
te_0042583,0
te_0042584,0
te_0042585,0
te_0042586,0
te_0042587,0
te_0042588,0
te_0042589,0
te_0042590,0
te_0042591,0
te_0042592,0
te_0042593,0
te_0042594,0
te_0042595,0
te_0042596,0
te_0042597,0
te_0042598,0
te_0042599,0
te_0042600,0
te_0042601,0
te_0042602,0
te_0042603,0
te_0042604,0
te_0042605,0
te_0042606,0
te_0042607,0
te_0042608,0
te_0042609,0
te_0042610,0
te_0042611,0
te_0042612,0
te_0042613,0
te_0042614,0
te_0042615,0
te_0042616,0
te_0042617,0
te_0042618,0
te_0042619,0
te_0042620,0
te_0042621,0
te_0042622,0
te_0042623,0
te_0042624,0
te_0042625,0
te_0042626,0
te_0042627,0
te_0042628,0
te_0042629,0
te_0042630,0
te_0042631,0
te_0042632,0
te_0042633,0
te_0042634,0
te_0042635,0
te_0042636,0
te_0042637,0
te_0042638,0
te_0042639,0
te_0042640,0
te_0042641,0
te_0042642,0
te_0042643,0
te_0042644,0
te_0042645,0
te_0042646,0
te_0042647,0
te_0042648,0
te_0042649,0
te_0042650,0
te_0042651,0
te_0042652,0
te_0042653,0
te_0042654,0
te_0042655,0
te_0042656,0
te_0042657,0
te_0042658,0
te_0042659,0
te_0042660,0
te_0042661,0
te_0042662,0
te_0042663,0
te_0042664,0
te_0042665,0
te_0042666,0
te_0042667,0
te_0042668,0
te_0042669,0
te_0042670,0
te_0042671,0
te_0042672,0
te_0042673,0
te_0042674,0
te_0042675,0
te_0042676,0
te_0042677,0
te_0042678,0
te_0042679,0
te_0042680,0
te_0042681,0
te_0042682,0
te_0042683,0
te_0042684,0
te_0042685,0
te_0042686,0
te_0042687,0
te_0042688,0
te_0042689,0
te_0042690,0
te_0042691,0
te_0042692,0
te_0042693,0
te_0042694,0
te_0042695,0
te_0042696,0
te_0042697,0
te_0042698,0
te_0042699,0
te_0042700,0
te_0042701,0
te_0042702,0
te_0042703,0
te_0042704,0
te_0042705,0
te_0042706,0
te_0042707,0
te_0042708,0
te_0042709,0
te_0042710,0
te_0042711,0
te_0042712,0
te_0042713,0
te_0042714,0
te_0042715,0
te_0042716,0
te_0042717,0
te_0042718,0
te_0042719,0
te_0042720,0
te_0042721,0
te_0042722,0
te_0042723,0
te_0042724,0
te_0042725,0
te_0042726,0
te_0042727,0
te_0042728,0
te_0042729,0
te_0042730,0
te_0042731,0
te_0042732,0
te_0042733,0
te_0042734,0
te_0042735,0
te_0042736,0
te_0042737,0
te_0042738,0
te_0042739,0
te_0042740,0
te_0042741,0
te_0042742,0
te_0042743,0
te_0042744,0
te_0042745,0
te_0042746,0
te_0042747,0
te_0042748,0
te_0042749,0
te_0042750,0
te_0042751,0
te_0042752,0
te_0042753,0
te_0042754,0
te_0042755,0
te_0042756,0
te_0042757,0
te_0042758,0
te_0042759,0
te_0042760,0
te_0042761,0
te_0042762,0
te_0042763,0
te_0042764,0
te_0042765,0
te_0042766,0
te_0042767,0
te_0042768,0
te_0042769,0
te_0042770,0
te_0042771,0
te_0042772,0
te_0042773,0
te_0042774,0
te_0042775,0
te_0042776,0
te_0042777,0
te_0042778,0
te_0042779,0
te_0042780,0
te_0042781,0
te_0042782,0
te_0042783,0
te_0042784,0
te_0042785,0
te_0042786,0
te_0042787,0
te_0042788,0
te_0042789,0
te_0042790,0
te_0042791,0
te_0042792,0
te_0042793,0
te_0042794,0
te_0042795,0
te_0042796,0
te_0042797,0
te_0042798,0
te_0042799,0
te_0042800,0
te_0042801,0
te_0042802,0
te_0042803,0
te_0042804,0
te_0042805,0
te_0042806,0
te_0042807,0
te_0042808,0
te_0042809,0
te_0042810,0
te_0042811,0
te_0042812,0
te_0042813,0
te_0042814,0
te_0042815,0
te_0042816,0
te_0042817,0
te_0042818,0
te_0042819,0
te_0042820,0
te_0042821,0
te_0042822,0
te_0042823,0
te_0042824,0
te_0042825,0
te_0042826,0
te_0042827,0
te_0042828,0
te_0042829,0
te_0042830,0
te_0042831,0
te_0042832,0
te_0042833,0
te_0042834,0
te_0042835,0
te_0042836,0
te_0042837,0
te_0042838,0
te_0042839,0
te_0042840,0
te_0042841,0
te_0042842,0
te_0042843,0
te_0042844,0
te_0042845,0
te_0042846,0
te_0042847,0
te_0042848,0
te_0042849,0
te_0042850,0
te_0042851,0
te_0042852,0
te_0042853,0
te_0042854,0
te_0042855,0
te_0042856,0
te_0042857,0
te_0042858,0
te_0042859,0
te_0042860,0
te_0042861,0
te_0042862,0
te_0042863,0
te_0042864,0
te_0042865,0
te_0042866,0
te_0042867,0
te_0042868,0
te_0042869,0
te_0042870,0
te_0042871,0
te_0042872,0
te_0042873,0
te_0042874,0
te_0042875,0
te_0042876,0
te_0042877,0
te_0042878,0
te_0042879,0
te_0042880,0
te_0042881,0
te_0042882,0
te_0042883,0
te_0042884,0
te_0042885,0
te_0042886,0
te_0042887,0
te_0042888,0
te_0042889,0
te_0042890,0
te_0042891,0
te_0042892,0
te_0042893,0
te_0042894,0
te_0042895,0
te_0042896,0
te_0042897,0
te_0042898,0
te_0042899,0
te_0042900,0
te_0042901,0
te_0042902,0
te_0042903,0
te_0042904,0
te_0042905,0
te_0042906,0
te_0042907,0
te_0042908,0
te_0042909,0
te_0042910,0
te_0042911,0
te_0042912,0
te_0042913,0
te_0042914,0
te_0042915,0
te_0042916,0
te_0042917,0
te_0042918,0
te_0042919,0
te_0042920,0
te_0042921,0
te_0042922,0
te_0042923,0
te_0042924,0
te_0042925,0
te_0042926,0
te_0042927,0
te_0042928,0
te_0042929,0
te_0042930,0
te_0042931,0
te_0042932,0
te_0042933,0
te_0042934,0
te_0042935,0
te_0042936,0
te_0042937,0
te_0042938,0
te_0042939,0
te_0042940,0
te_0042941,0
te_0042942,0
te_0042943,0
te_0042944,0
te_0042945,0
te_0042946,0
te_0042947,0
te_0042948,0
te_0042949,0
te_0042950,0
te_0042951,0
te_0042952,0
te_0042953,0
te_0042954,0
te_0042955,0
te_0042956,0
te_0042957,0
te_0042958,0
te_0042959,0
te_0042960,0
te_0042961,0
te_0042962,0
te_0042963,0
te_0042964,0
te_0042965,0
te_0042966,0
te_0042967,0
te_0042968,0
te_0042969,0
te_0042970,0
te_0042971,0
te_0042972,0
te_0042973,0
te_0042974,0
te_0042975,0
te_0042976,0
te_0042977,0
te_0042978,0
te_0042979,0
te_0042980,0
te_0042981,0
te_0042982,0
te_0042983,0
te_0042984,0
te_0042985,0
te_0042986,0
te_0042987,0
te_0042988,0
te_0042989,0
te_0042990,0
te_0042991,0
te_0042992,0
te_0042993,0
te_0042994,0
te_0042995,0
te_0042996,0
te_0042997,0
te_0042998,0
te_0042999,0
te_0043000,0
te_0043001,0
te_0043002,0
te_0043003,0
te_0043004,0
te_0043005,0
te_0043006,0
te_0043007,0
te_0043008,0
te_0043009,0
te_0043010,0
te_0043011,0
te_0043012,0
te_0043013,0
te_0043014,0
te_0043015,0
te_0043016,0
te_0043017,0
te_0043018,0
te_0043019,0
te_0043020,0
te_0043021,0
te_0043022,0
te_0043023,0
te_0043024,0
te_0043025,0
te_0043026,0
te_0043027,0
te_0043028,0
te_0043029,0
te_0043030,0
te_0043031,0
te_0043032,0
te_0043033,0
te_0043034,0
te_0043035,0
te_0043036,0
te_0043037,0
te_0043038,0
te_0043039,0
te_0043040,0
te_0043041,0
te_0043042,0
te_0043043,0
te_0043044,0
te_0043045,0
te_0043046,0
te_0043047,0
te_0043048,0
te_0043049,0
te_0043050,0
te_0043051,0
te_0043052,0
te_0043053,0
te_0043054,0
te_0043055,0
te_0043056,0
te_0043057,0
te_0043058,0
te_0043059,0
te_0043060,0
te_0043061,0
te_0043062,0
te_0043063,0
te_0043064,0
te_0043065,0
te_0043066,0
te_0043067,0
te_0043068,0
te_0043069,0
te_0043070,0
te_0043071,0
te_0043072,0
te_0043073,0
te_0043074,0
te_0043075,0
te_0043076,0
te_0043077,0
te_0043078,0
te_0043079,0
te_0043080,0
te_0043081,0
te_0043082,0
te_0043083,0
te_0043084,0
te_0043085,0
te_0043086,0
te_0043087,0
te_0043088,0
te_0043089,0
te_0043090,0
te_0043091,0
te_0043092,0
te_0043093,0
te_0043094,0
te_0043095,0
te_0043096,0
te_0043097,0
te_0043098,0
te_0043099,0
te_0043100,0
te_0043101,0
te_0043102,0
te_0043103,0
te_0043104,0
te_0043105,0
te_0043106,0
te_0043107,0
te_0043108,0
te_0043109,0
te_0043110,0
te_0043111,0
te_0043112,0
te_0043113,0
te_0043114,0
te_0043115,0
te_0043116,0
te_0043117,0
te_0043118,0
te_0043119,0
te_0043120,0
te_0043121,0
te_0043122,0
te_0043123,0
te_0043124,0
te_0043125,0
te_0043126,0
te_0043127,0
te_0043128,0
te_0043129,0
te_0043130,0
te_0043131,0
te_0043132,0
te_0043133,0
te_0043134,0
te_0043135,0
te_0043136,0
te_0043137,0
te_0043138,0
te_0043139,0
te_0043140,0
te_0043141,0
te_0043142,0
te_0043143,0
te_0043144,0
te_0043145,0
te_0043146,0
te_0043147,0
te_0043148,0
te_0043149,0
te_0043150,0
te_0043151,0
te_0043152,0
te_0043153,0
te_0043154,0
te_0043155,0
te_0043156,0
te_0043157,0
te_0043158,0
te_0043159,0
te_0043160,0
te_0043161,0
te_0043162,0
te_0043163,0
te_0043164,0
te_0043165,0
te_0043166,0
te_0043167,0
te_0043168,0
te_0043169,0
te_0043170,0
te_0043171,0
te_0043172,0
te_0043173,0
te_0043174,0
te_0043175,0
te_0043176,0
te_0043177,0
te_0043178,0
te_0043179,0
te_0043180,0
te_0043181,0
te_0043182,0
te_0043183,0
te_0043184,0
te_0043185,0
te_0043186,0
te_0043187,0
te_0043188,0
te_0043189,0
te_0043190,0
te_0043191,0
te_0043192,0
te_0043193,0
te_0043194,0
te_0043195,0
te_0043196,0
te_0043197,0
te_0043198,0
te_0043199,0
te_0043200,0
te_0043201,0
te_0043202,0
te_0043203,0
te_0043204,0
te_0043205,0
te_0043206,0
te_0043207,0
te_0043208,0
te_0043209,0
te_0043210,0
te_0043211,0
te_0043212,0
te_0043213,0
te_0043214,0
te_0043215,0
te_0043216,0
te_0043217,0
te_0043218,0
te_0043219,0
te_0043220,0
te_0043221,0
te_0043222,0
te_0043223,0
te_0043224,0
te_0043225,0
te_0043226,0
te_0043227,0
te_0043228,0
te_0043229,0
te_0043230,0
te_0043231,0
te_0043232,0
te_0043233,0
te_0043234,0
te_0043235,0
te_0043236,0
te_0043237,0
te_0043238,0
te_0043239,0
te_0043240,0
te_0043241,0
te_0043242,0
te_0043243,0
te_0043244,0
te_0043245,0
te_0043246,0
te_0043247,0
te_0043248,0
te_0043249,0
te_0043250,0
te_0043251,0
te_0043252,0
te_0043253,0
te_0043254,0
te_0043255,0
te_0043256,0
te_0043257,0
te_0043258,0
te_0043259,0
te_0043260,0
te_0043261,0
te_0043262,0
te_0043263,0
te_0043264,0
te_0043265,0
te_0043266,0
te_0043267,0
te_0043268,0
te_0043269,0
te_0043270,0
te_0043271,0
te_0043272,0
te_0043273,0
te_0043274,0
te_0043275,0
te_0043276,0
te_0043277,0
te_0043278,0
te_0043279,0
te_0043280,0
te_0043281,0
te_0043282,0
te_0043283,0
te_0043284,0
te_0043285,0
te_0043286,0
te_0043287,0
te_0043288,0
te_0043289,0
te_0043290,0
te_0043291,0
te_0043292,0
te_0043293,0
te_0043294,0
te_0043295,0
te_0043296,0
te_0043297,0
te_0043298,0
te_0043299,0
te_0043300,0
te_0043301,0
te_0043302,0
te_0043303,0
te_0043304,0
te_0043305,0
te_0043306,0
te_0043307,0
te_0043308,0
te_0043309,0
te_0043310,0
te_0043311,0
te_0043312,0
te_0043313,0
te_0043314,0
te_0043315,0
te_0043316,0
te_0043317,0
te_0043318,0
te_0043319,0
te_0043320,0
te_0043321,0
te_0043322,0
te_0043323,0
te_0043324,0
te_0043325,0
te_0043326,0
te_0043327,0
te_0043328,0
te_0043329,0
te_0043330,0
te_0043331,0
te_0043332,0
te_0043333,0
te_0043334,0
te_0043335,0
te_0043336,0
te_0043337,0
te_0043338,0
te_0043339,0
te_0043340,0
te_0043341,0
te_0043342,0
te_0043343,0
te_0043344,0
te_0043345,0
te_0043346,0
te_0043347,0
te_0043348,0
te_0043349,0
te_0043350,0
te_0043351,0
te_0043352,0
te_0043353,0
te_0043354,0
te_0043355,0
te_0043356,0
te_0043357,0
te_0043358,0
te_0043359,0
te_0043360,0
te_0043361,0
te_0043362,0
te_0043363,0
te_0043364,0
te_0043365,0
te_0043366,0
te_0043367,0
te_0043368,0
te_0043369,0
te_0043370,0
te_0043371,0
te_0043372,0
te_0043373,0
te_0043374,0
te_0043375,0
te_0043376,0
te_0043377,0
te_0043378,0
te_0043379,0
te_0043380,0
te_0043381,0
te_0043382,0
te_0043383,0
te_0043384,0
te_0043385,0
te_0043386,0
te_0043387,0
te_0043388,0
te_0043389,0
te_0043390,0
te_0043391,0
te_0043392,0
te_0043393,0
te_0043394,0
te_0043395,0
te_0043396,0
te_0043397,0
te_0043398,0
te_0043399,0
te_0043400,0
te_0043401,0
te_0043402,0
te_0043403,0
te_0043404,0
te_0043405,0
te_0043406,0
te_0043407,0
te_0043408,0
te_0043409,0
te_0043410,0
te_0043411,0
te_0043412,0
te_0043413,0
te_0043414,0
te_0043415,0
te_0043416,0
te_0043417,0
te_0043418,0
te_0043419,0
te_0043420,0
te_0043421,0
te_0043422,0
te_0043423,0
te_0043424,0
te_0043425,0
te_0043426,0
te_0043427,0
te_0043428,0
te_0043429,0
te_0043430,0
te_0043431,0
te_0043432,0
te_0043433,0
te_0043434,0
te_0043435,0
te_0043436,0
te_0043437,0
te_0043438,0
te_0043439,0
te_0043440,0
te_0043441,0
te_0043442,0
te_0043443,0
te_0043444,0
te_0043445,0
te_0043446,0
te_0043447,0
te_0043448,0
te_0043449,0
te_0043450,0
te_0043451,0
te_0043452,0
te_0043453,0
te_0043454,0
te_0043455,0
te_0043456,0
te_0043457,0
te_0043458,0
te_0043459,0
te_0043460,0
te_0043461,0
te_0043462,0
te_0043463,0
te_0043464,0
te_0043465,0
te_0043466,0
te_0043467,0
te_0043468,0
te_0043469,0
te_0043470,0
te_0043471,0
te_0043472,0
te_0043473,0
te_0043474,0
te_0043475,0
te_0043476,0
te_0043477,0
te_0043478,0
te_0043479,0
te_0043480,0
te_0043481,0
te_0043482,0
te_0043483,0
te_0043484,0
te_0043485,0
te_0043486,0
te_0043487,0
te_0043488,0
te_0043489,0
te_0043490,0
te_0043491,0
te_0043492,0
te_0043493,0
te_0043494,0
te_0043495,0
te_0043496,0
te_0043497,0
te_0043498,0
te_0043499,0
te_0043500,0
te_0043501,0
te_0043502,0
te_0043503,0
te_0043504,0
te_0043505,0
te_0043506,0
te_0043507,0
te_0043508,0
te_0043509,0
te_0043510,0
te_0043511,0
te_0043512,0
te_0043513,0
te_0043514,0
te_0043515,0
te_0043516,0
te_0043517,0
te_0043518,0
te_0043519,0
te_0043520,0
te_0043521,0
te_0043522,0
te_0043523,0
te_0043524,0
te_0043525,0
te_0043526,0
te_0043527,0
te_0043528,0
te_0043529,0
te_0043530,0
te_0043531,0
te_0043532,0
te_0043533,0
te_0043534,0
te_0043535,0
te_0043536,0
te_0043537,0
te_0043538,0
te_0043539,0
te_0043540,0
te_0043541,0
te_0043542,0
te_0043543,0
te_0043544,0
te_0043545,0
te_0043546,0
te_0043547,0
te_0043548,0
te_0043549,0
te_0043550,0
te_0043551,0
te_0043552,0
te_0043553,0
te_0043554,0
te_0043555,0
te_0043556,0
te_0043557,0
te_0043558,0
te_0043559,0
te_0043560,0
te_0043561,0
te_0043562,0
te_0043563,0
te_0043564,0
te_0043565,0
te_0043566,0
te_0043567,0
te_0043568,0
te_0043569,0
te_0043570,0
te_0043571,0
te_0043572,0
te_0043573,0
te_0043574,0
te_0043575,0
te_0043576,0
te_0043577,0
te_0043578,0
te_0043579,0
te_0043580,0
te_0043581,0
te_0043582,0
te_0043583,0
te_0043584,0
te_0043585,0
te_0043586,0
te_0043587,0
te_0043588,0
te_0043589,0
te_0043590,0
te_0043591,0
te_0043592,0
te_0043593,0
te_0043594,0
te_0043595,0
te_0043596,0
te_0043597,0
te_0043598,0
te_0043599,0
te_0043600,0
te_0043601,0
te_0043602,0
te_0043603,0
te_0043604,0
te_0043605,0
te_0043606,0
te_0043607,0
te_0043608,0
te_0043609,0
te_0043610,0
te_0043611,0
te_0043612,0
te_0043613,0
te_0043614,0
te_0043615,0
te_0043616,0
te_0043617,0
te_0043618,0
te_0043619,0
te_0043620,0
te_0043621,0
te_0043622,0
te_0043623,0
te_0043624,0
te_0043625,0
te_0043626,0
te_0043627,0
te_0043628,0
te_0043629,0
te_0043630,0
te_0043631,0
te_0043632,0
te_0043633,0
te_0043634,0
te_0043635,0
te_0043636,0
te_0043637,0
te_0043638,0
te_0043639,0
te_0043640,0
te_0043641,0
te_0043642,0
te_0043643,0
te_0043644,0
te_0043645,0
te_0043646,0
te_0043647,0
te_0043648,0
te_0043649,0
te_0043650,0
te_0043651,0
te_0043652,0
te_0043653,0
te_0043654,0
te_0043655,0
te_0043656,0
te_0043657,0
te_0043658,0
te_0043659,0
te_0043660,0
te_0043661,0
te_0043662,0
te_0043663,0
te_0043664,0
te_0043665,0
te_0043666,0
te_0043667,0
te_0043668,0
te_0043669,0
te_0043670,0
te_0043671,0
te_0043672,0
te_0043673,0
te_0043674,0
te_0043675,0
te_0043676,0
te_0043677,0
te_0043678,0
te_0043679,0
te_0043680,0
te_0043681,0
te_0043682,0
te_0043683,0
te_0043684,0
te_0043685,0
te_0043686,0
te_0043687,0
te_0043688,0
te_0043689,0
te_0043690,0
te_0043691,0
te_0043692,0
te_0043693,0
te_0043694,0
te_0043695,0
te_0043696,0
te_0043697,0
te_0043698,0
te_0043699,0
te_0043700,0
te_0043701,0
te_0043702,0
te_0043703,0
te_0043704,0
te_0043705,0
te_0043706,0
te_0043707,0
te_0043708,0
te_0043709,0
te_0043710,0
te_0043711,0
te_0043712,0
te_0043713,0
te_0043714,0
te_0043715,0
te_0043716,0
te_0043717,0
te_0043718,0
te_0043719,0
te_0043720,0
te_0043721,0
te_0043722,0
te_0043723,0
te_0043724,0
te_0043725,0
te_0043726,0
te_0043727,0
te_0043728,0
te_0043729,0
te_0043730,0
te_0043731,0
te_0043732,0
te_0043733,0
te_0043734,0
te_0043735,0
te_0043736,0
te_0043737,0
te_0043738,0
te_0043739,0
te_0043740,0
te_0043741,0
te_0043742,0
te_0043743,0
te_0043744,0
te_0043745,0
te_0043746,0
te_0043747,0
te_0043748,0
te_0043749,0
te_0043750,0
te_0043751,0
te_0043752,0
te_0043753,0
te_0043754,0
te_0043755,0
te_0043756,0
te_0043757,0
te_0043758,0
te_0043759,0
te_0043760,0
te_0043761,0
te_0043762,0
te_0043763,0
te_0043764,0
te_0043765,0
te_0043766,0
te_0043767,0
te_0043768,0
te_0043769,0
te_0043770,0
te_0043771,0
te_0043772,0
te_0043773,0
te_0043774,0
te_0043775,0
te_0043776,0
te_0043777,0
te_0043778,0
te_0043779,0
te_0043780,0
te_0043781,0
te_0043782,0
te_0043783,0
te_0043784,0
te_0043785,0
te_0043786,0
te_0043787,0
te_0043788,0
te_0043789,0
te_0043790,0
te_0043791,0
te_0043792,0
te_0043793,0
te_0043794,0
te_0043795,0
te_0043796,0
te_0043797,0
te_0043798,0
te_0043799,0
te_0043800,0
te_0043801,0
te_0043802,0
te_0043803,0
te_0043804,0
te_0043805,0
te_0043806,0
te_0043807,0
te_0043808,0
te_0043809,0
te_0043810,0
te_0043811,0
te_0043812,0
te_0043813,0
te_0043814,0
te_0043815,0
te_0043816,0
te_0043817,0
te_0043818,0
te_0043819,0
te_0043820,0
te_0043821,0
te_0043822,0
te_0043823,0
te_0043824,0
te_0043825,0
te_0043826,0
te_0043827,0
te_0043828,0
te_0043829,0
te_0043830,0
te_0043831,0
te_0043832,0
te_0043833,0
te_0043834,0
te_0043835,0
te_0043836,0
te_0043837,0
te_0043838,0
te_0043839,0
te_0043840,0
te_0043841,0
te_0043842,0
te_0043843,0
te_0043844,0
te_0043845,0
te_0043846,0
te_0043847,0
te_0043848,0
te_0043849,0
te_0043850,0
te_0043851,0
te_0043852,0
te_0043853,0
te_0043854,0
te_0043855,0
te_0043856,0
te_0043857,0
te_0043858,0
te_0043859,0
te_0043860,0
te_0043861,0
te_0043862,0
te_0043863,0
te_0043864,0
te_0043865,0
te_0043866,0
te_0043867,0
te_0043868,0
te_0043869,0
te_0043870,0
te_0043871,0
te_0043872,0
te_0043873,0
te_0043874,0
te_0043875,0
te_0043876,0
te_0043877,0
te_0043878,0
te_0043879,0
te_0043880,0
te_0043881,0
te_0043882,0
te_0043883,0
te_0043884,0
te_0043885,0
te_0043886,0
te_0043887,0
te_0043888,0
te_0043889,0
te_0043890,0
te_0043891,0
te_0043892,0
te_0043893,0
te_0043894,0
te_0043895,0
te_0043896,0
te_0043897,0
te_0043898,0
te_0043899,0
te_0043900,0
te_0043901,0
te_0043902,0
te_0043903,0
te_0043904,0
te_0043905,0
te_0043906,0
te_0043907,0
te_0043908,0
te_0043909,0
te_0043910,0
te_0043911,0
te_0043912,0
te_0043913,0
te_0043914,0
te_0043915,0
te_0043916,0
te_0043917,0
te_0043918,0
te_0043919,0
te_0043920,0
te_0043921,0
te_0043922,0
te_0043923,0
te_0043924,0
te_0043925,0
te_0043926,0
te_0043927,0
te_0043928,0
te_0043929,0
te_0043930,0
te_0043931,0
te_0043932,0
te_0043933,0
te_0043934,0
te_0043935,0
te_0043936,0
te_0043937,0
te_0043938,0
te_0043939,0
te_0043940,0
te_0043941,0
te_0043942,0
te_0043943,0
te_0043944,0
te_0043945,0
te_0043946,0
te_0043947,0
te_0043948,0
te_0043949,0
te_0043950,0
te_0043951,0
te_0043952,0
te_0043953,0
te_0043954,0
te_0043955,0
te_0043956,0
te_0043957,0
te_0043958,0
te_0043959,0
te_0043960,0
te_0043961,0
te_0043962,0
te_0043963,0
te_0043964,0
te_0043965,0
te_0043966,0
te_0043967,0
te_0043968,0
te_0043969,0
te_0043970,0
te_0043971,0
te_0043972,0
te_0043973,0
te_0043974,0
te_0043975,0
te_0043976,0
te_0043977,0
te_0043978,0
te_0043979,0
te_0043980,0
te_0043981,0
te_0043982,0
te_0043983,0
te_0043984,0
te_0043985,0
te_0043986,0
te_0043987,0
te_0043988,0
te_0043989,0
te_0043990,0
te_0043991,0
te_0043992,0
te_0043993,0
te_0043994,0
te_0043995,0
te_0043996,0
te_0043997,0
te_0043998,0
te_0043999,0
te_0044000,0
te_0044001,0
te_0044002,0
te_0044003,0
te_0044004,0
te_0044005,0
te_0044006,0
te_0044007,0
te_0044008,0
te_0044009,0
te_0044010,0
te_0044011,0
te_0044012,0
te_0044013,0
te_0044014,0
te_0044015,0
te_0044016,0
te_0044017,0
te_0044018,0
te_0044019,0
te_0044020,0
te_0044021,0
te_0044022,0
te_0044023,0
te_0044024,0
te_0044025,0
te_0044026,0
te_0044027,0
te_0044028,0
te_0044029,0
te_0044030,0
te_0044031,0
te_0044032,0
te_0044033,0
te_0044034,0
te_0044035,0
te_0044036,0
te_0044037,0
te_0044038,0
te_0044039,0
te_0044040,0
te_0044041,0
te_0044042,0
te_0044043,0
te_0044044,0
te_0044045,0
te_0044046,0
te_0044047,0
te_0044048,0
te_0044049,0
te_0044050,0
te_0044051,0
te_0044052,0
te_0044053,0
te_0044054,0
te_0044055,0
te_0044056,0
te_0044057,0
te_0044058,0
te_0044059,0
te_0044060,0
te_0044061,0
te_0044062,0
te_0044063,0
te_0044064,0
te_0044065,0
te_0044066,0
te_0044067,0
te_0044068,0
te_0044069,0
te_0044070,0
te_0044071,0
te_0044072,0
te_0044073,0
te_0044074,0
te_0044075,0
te_0044076,0
te_0044077,0
te_0044078,0
te_0044079,0
te_0044080,0
te_0044081,0
te_0044082,0
te_0044083,0
te_0044084,0
te_0044085,0
te_0044086,0
te_0044087,0
te_0044088,0
te_0044089,0
te_0044090,0
te_0044091,0
te_0044092,0
te_0044093,0
te_0044094,0
te_0044095,0
te_0044096,0
te_0044097,0
te_0044098,0
te_0044099,0
te_0044100,0
te_0044101,0
te_0044102,0
te_0044103,0
te_0044104,0
te_0044105,0
te_0044106,0
te_0044107,0
te_0044108,0
te_0044109,0
te_0044110,0
te_0044111,0
te_0044112,0
te_0044113,0
te_0044114,0
te_0044115,0
te_0044116,0
te_0044117,0
te_0044118,0
te_0044119,0
te_0044120,0
te_0044121,0
te_0044122,0
te_0044123,0
te_0044124,0
te_0044125,0
te_0044126,0
te_0044127,0
te_0044128,0
te_0044129,0
te_0044130,0
te_0044131,0
te_0044132,0
te_0044133,0
te_0044134,0
te_0044135,0
te_0044136,0
te_0044137,0
te_0044138,0
te_0044139,0
te_0044140,0
te_0044141,0
te_0044142,0
te_0044143,0
te_0044144,0
te_0044145,0
te_0044146,0
te_0044147,0
te_0044148,0
te_0044149,0
te_0044150,0
te_0044151,0
te_0044152,0
te_0044153,0
te_0044154,0
te_0044155,0
te_0044156,0
te_0044157,0
te_0044158,0
te_0044159,0
te_0044160,0
te_0044161,0
te_0044162,0
te_0044163,0
te_0044164,0
te_0044165,0
te_0044166,0
te_0044167,0
te_0044168,0
te_0044169,0
te_0044170,0
te_0044171,0
te_0044172,0
te_0044173,0
te_0044174,0
te_0044175,0
te_0044176,0
te_0044177,0
te_0044178,0
te_0044179,0
te_0044180,0
te_0044181,0
te_0044182,0
te_0044183,0
te_0044184,0
te_0044185,0
te_0044186,0
te_0044187,0
te_0044188,0
te_0044189,0
te_0044190,0
te_0044191,0
te_0044192,0
te_0044193,0
te_0044194,0
te_0044195,0
te_0044196,0
te_0044197,0
te_0044198,0
te_0044199,0
te_0044200,0
te_0044201,0
te_0044202,0
te_0044203,0
te_0044204,0
te_0044205,0
te_0044206,0
te_0044207,0
te_0044208,0
te_0044209,0
te_0044210,0
te_0044211,0
te_0044212,0
te_0044213,0
te_0044214,0
te_0044215,0
te_0044216,0
te_0044217,0
te_0044218,0
te_0044219,0
te_0044220,0
te_0044221,0
te_0044222,0
te_0044223,0
te_0044224,0
te_0044225,0
te_0044226,0
te_0044227,0
te_0044228,0
te_0044229,0
te_0044230,0
te_0044231,0
te_0044232,0
te_0044233,0
te_0044234,0
te_0044235,0
te_0044236,0
te_0044237,0
te_0044238,0
te_0044239,0
te_0044240,0
te_0044241,0
te_0044242,0
te_0044243,0
te_0044244,0
te_0044245,0
te_0044246,0
te_0044247,0
te_0044248,0
te_0044249,0
te_0044250,0
te_0044251,0
te_0044252,0
te_0044253,0
te_0044254,0
te_0044255,0
te_0044256,0
te_0044257,0
te_0044258,0
te_0044259,0
te_0044260,0
te_0044261,0
te_0044262,0
te_0044263,0
te_0044264,0
te_0044265,0
te_0044266,0
te_0044267,0
te_0044268,0
te_0044269,0
te_0044270,0
te_0044271,0
te_0044272,0
te_0044273,0
te_0044274,0
te_0044275,0
te_0044276,0
te_0044277,0
te_0044278,0
te_0044279,0
te_0044280,0
te_0044281,0
te_0044282,0
te_0044283,0
te_0044284,0
te_0044285,0
te_0044286,0
te_0044287,0
te_0044288,0
te_0044289,0
te_0044290,0
te_0044291,0
te_0044292,0
te_0044293,0
te_0044294,0
te_0044295,0
te_0044296,0
te_0044297,0
te_0044298,0
te_0044299,0
te_0044300,0
te_0044301,0
te_0044302,0
te_0044303,0
te_0044304,0
te_0044305,0
te_0044306,0
te_0044307,0
te_0044308,0
te_0044309,0
te_0044310,0
te_0044311,0
te_0044312,0
te_0044313,0
te_0044314,0
te_0044315,0
te_0044316,0
te_0044317,0
te_0044318,0
te_0044319,0
te_0044320,0
te_0044321,0
te_0044322,0
te_0044323,0
te_0044324,0
te_0044325,0
te_0044326,0
te_0044327,0
te_0044328,0
te_0044329,0
te_0044330,0
te_0044331,0
te_0044332,0
te_0044333,0
te_0044334,0
te_0044335,0
te_0044336,0
te_0044337,0
te_0044338,0
te_0044339,0
te_0044340,0
te_0044341,0
te_0044342,0
te_0044343,0
te_0044344,0
te_0044345,0
te_0044346,0
te_0044347,0
te_0044348,0
te_0044349,0
te_0044350,0
te_0044351,0
te_0044352,0
te_0044353,0
te_0044354,0
te_0044355,0
te_0044356,0
te_0044357,0
te_0044358,0
te_0044359,0
te_0044360,0
te_0044361,0
te_0044362,0
te_0044363,0
te_0044364,0
te_0044365,0
te_0044366,0
te_0044367,0
te_0044368,0
te_0044369,0
te_0044370,0
te_0044371,0
te_0044372,0
te_0044373,0
te_0044374,0
te_0044375,0
te_0044376,0
te_0044377,0
te_0044378,0
te_0044379,0
te_0044380,0
te_0044381,0
te_0044382,0
te_0044383,0
te_0044384,0
te_0044385,0
te_0044386,0
te_0044387,0
te_0044388,0
te_0044389,0
te_0044390,0
te_0044391,0
te_0044392,0
te_0044393,0
te_0044394,0
te_0044395,0
te_0044396,0
te_0044397,0
te_0044398,0
te_0044399,0
te_0044400,0
te_0044401,0
te_0044402,0
te_0044403,0
te_0044404,0
te_0044405,0
te_0044406,0
te_0044407,0
te_0044408,0
te_0044409,0
te_0044410,0
te_0044411,0
te_0044412,0
te_0044413,0
te_0044414,0
te_0044415,0
te_0044416,0
te_0044417,0
te_0044418,0
te_0044419,0
te_0044420,0
te_0044421,0
te_0044422,0
te_0044423,0
te_0044424,0
te_0044425,0
te_0044426,0
te_0044427,0
te_0044428,0
te_0044429,0
te_0044430,0
te_0044431,0
te_0044432,0
te_0044433,0
te_0044434,0
te_0044435,0
te_0044436,0
te_0044437,0
te_0044438,0
te_0044439,0
te_0044440,0
te_0044441,0
te_0044442,0
te_0044443,0
te_0044444,0
te_0044445,0
te_0044446,0
te_0044447,0
te_0044448,0
te_0044449,0
te_0044450,0
te_0044451,0
te_0044452,0
te_0044453,0
te_0044454,0
te_0044455,0
te_0044456,0
te_0044457,0
te_0044458,0
te_0044459,0
te_0044460,0
te_0044461,0
te_0044462,0
te_0044463,0
te_0044464,0
te_0044465,0
te_0044466,0
te_0044467,0
te_0044468,0
te_0044469,0
te_0044470,0
te_0044471,0
te_0044472,0
te_0044473,0
te_0044474,0
te_0044475,0
te_0044476,0
te_0044477,0
te_0044478,0
te_0044479,0
te_0044480,0
te_0044481,0
te_0044482,0
te_0044483,0
te_0044484,0
te_0044485,0
te_0044486,0
te_0044487,0
te_0044488,0
te_0044489,0
te_0044490,0
te_0044491,0
te_0044492,0
te_0044493,0
te_0044494,0
te_0044495,0
te_0044496,0
te_0044497,0
te_0044498,0
te_0044499,0
te_0044500,0
te_0044501,0
te_0044502,0
te_0044503,0
te_0044504,0
te_0044505,0
te_0044506,0
te_0044507,0
te_0044508,0
te_0044509,0
te_0044510,0
te_0044511,0
te_0044512,0
te_0044513,0
te_0044514,0
te_0044515,0
te_0044516,0
te_0044517,0
te_0044518,0
te_0044519,0
te_0044520,0
te_0044521,0
te_0044522,0
te_0044523,0
te_0044524,0
te_0044525,0
te_0044526,0
te_0044527,0
te_0044528,0
te_0044529,0
te_0044530,0
te_0044531,0
te_0044532,0
te_0044533,0
te_0044534,0
te_0044535,0
te_0044536,0
te_0044537,0
te_0044538,0
te_0044539,0
te_0044540,0
te_0044541,0
te_0044542,0
te_0044543,0
te_0044544,0
te_0044545,0
te_0044546,0
te_0044547,0
te_0044548,0
te_0044549,0
te_0044550,0
te_0044551,0
te_0044552,0
te_0044553,0
te_0044554,0
te_0044555,0
te_0044556,0
te_0044557,0
te_0044558,0
te_0044559,0
te_0044560,0
te_0044561,0
te_0044562,0
te_0044563,0
te_0044564,0
te_0044565,0
te_0044566,0
te_0044567,0
te_0044568,0
te_0044569,0
te_0044570,0
te_0044571,0
te_0044572,0
te_0044573,0
te_0044574,0
te_0044575,0
te_0044576,0
te_0044577,0
te_0044578,0
te_0044579,0
te_0044580,0
te_0044581,0
te_0044582,0
te_0044583,0
te_0044584,0
te_0044585,0
te_0044586,0
te_0044587,0
te_0044588,0
te_0044589,0
te_0044590,0
te_0044591,0
te_0044592,0
te_0044593,0
te_0044594,0
te_0044595,0
te_0044596,0
te_0044597,0
te_0044598,0
te_0044599,0
te_0044600,0
te_0044601,0
te_0044602,0
te_0044603,0
te_0044604,0
te_0044605,0
te_0044606,0
te_0044607,0
te_0044608,0
te_0044609,0
te_0044610,0
te_0044611,0
te_0044612,0
te_0044613,0
te_0044614,0
te_0044615,0
te_0044616,0
te_0044617,0
te_0044618,0
te_0044619,0
te_0044620,0
te_0044621,0
te_0044622,0
te_0044623,0
te_0044624,0
te_0044625,0
te_0044626,0
te_0044627,0
te_0044628,0
te_0044629,0
te_0044630,0
te_0044631,0
te_0044632,0
te_0044633,0
te_0044634,0
te_0044635,0
te_0044636,0
te_0044637,0
te_0044638,0
te_0044639,0
te_0044640,0
te_0044641,0
te_0044642,0
te_0044643,0
te_0044644,0
te_0044645,0
te_0044646,0
te_0044647,0
te_0044648,0
te_0044649,0
te_0044650,0
te_0044651,0
te_0044652,0
te_0044653,0
te_0044654,0
te_0044655,0
te_0044656,0
te_0044657,0
te_0044658,0
te_0044659,0
te_0044660,0
te_0044661,0
te_0044662,0
te_0044663,0
te_0044664,0
te_0044665,0
te_0044666,0
te_0044667,0
te_0044668,0
te_0044669,0
te_0044670,0
te_0044671,0
te_0044672,0
te_0044673,0
te_0044674,0
te_0044675,0
te_0044676,0
te_0044677,0
te_0044678,0
te_0044679,0
te_0044680,0
te_0044681,0
te_0044682,0
te_0044683,0
te_0044684,0
te_0044685,0
te_0044686,0
te_0044687,0
te_0044688,0
te_0044689,0
te_0044690,0
te_0044691,0
te_0044692,0
te_0044693,0
te_0044694,0
te_0044695,0
te_0044696,0
te_0044697,0
te_0044698,0
te_0044699,0
te_0044700,0
te_0044701,0
te_0044702,0
te_0044703,0
te_0044704,0
te_0044705,0
te_0044706,0
te_0044707,0
te_0044708,0
te_0044709,0
te_0044710,0
te_0044711,0
te_0044712,0
te_0044713,0
te_0044714,0
te_0044715,0
te_0044716,0
te_0044717,0
te_0044718,0
te_0044719,0
te_0044720,0
te_0044721,0
te_0044722,0
te_0044723,0
te_0044724,0
te_0044725,0
te_0044726,0
te_0044727,0
te_0044728,0
te_0044729,0
te_0044730,0
te_0044731,0
te_0044732,0
te_0044733,0
te_0044734,0
te_0044735,0
te_0044736,0
te_0044737,0
te_0044738,0
te_0044739,0
te_0044740,0
te_0044741,0
te_0044742,0
te_0044743,0
te_0044744,0
te_0044745,0
te_0044746,0
te_0044747,0
te_0044748,0
te_0044749,0
te_0044750,0
te_0044751,0
te_0044752,0
te_0044753,0
te_0044754,0
te_0044755,0
te_0044756,0
te_0044757,0
te_0044758,0
te_0044759,0
te_0044760,0
te_0044761,0
te_0044762,0
te_0044763,0
te_0044764,0
te_0044765,0
te_0044766,0
te_0044767,0
te_0044768,0
te_0044769,0
te_0044770,0
te_0044771,0
te_0044772,0
te_0044773,0
te_0044774,0
te_0044775,0
te_0044776,0
te_0044777,0
te_0044778,0
te_0044779,0
te_0044780,0
te_0044781,0
te_0044782,0
te_0044783,0
te_0044784,0
te_0044785,0
te_0044786,0
te_0044787,0
te_0044788,0
te_0044789,0
te_0044790,0
te_0044791,0
te_0044792,0
te_0044793,0
te_0044794,0
te_0044795,0
te_0044796,0
te_0044797,0
te_0044798,0
te_0044799,0
te_0044800,0
te_0044801,0
te_0044802,0
te_0044803,0
te_0044804,0
te_0044805,0
te_0044806,0
te_0044807,0
te_0044808,0
te_0044809,0
te_0044810,0
te_0044811,0
te_0044812,0
te_0044813,0
te_0044814,0
te_0044815,0
te_0044816,0
te_0044817,0
te_0044818,0
te_0044819,0
te_0044820,0
te_0044821,0
te_0044822,0
te_0044823,0
te_0044824,0
te_0044825,0
te_0044826,0
te_0044827,0
te_0044828,0
te_0044829,0
te_0044830,0
te_0044831,0
te_0044832,0
te_0044833,0
te_0044834,0
te_0044835,0
te_0044836,0
te_0044837,0
te_0044838,0
te_0044839,0
te_0044840,0
te_0044841,0
te_0044842,0
te_0044843,0
te_0044844,0
te_0044845,0
te_0044846,0
te_0044847,0
te_0044848,0
te_0044849,0
te_0044850,0
te_0044851,0
te_0044852,0
te_0044853,0
te_0044854,0
te_0044855,0
te_0044856,0
te_0044857,0
te_0044858,0
te_0044859,0
te_0044860,0
te_0044861,0
te_0044862,0
te_0044863,0
te_0044864,0
te_0044865,0
te_0044866,0
te_0044867,0
te_0044868,0
te_0044869,0
te_0044870,0
te_0044871,0
te_0044872,0
te_0044873,0
te_0044874,0
te_0044875,0
te_0044876,0
te_0044877,0
te_0044878,0
te_0044879,0
te_0044880,0
te_0044881,0
te_0044882,0
te_0044883,0
te_0044884,0
te_0044885,0
te_0044886,0
te_0044887,0
te_0044888,0
te_0044889,0
te_0044890,0
te_0044891,0
te_0044892,0
te_0044893,0
te_0044894,0
te_0044895,0
te_0044896,0
te_0044897,0
te_0044898,0
te_0044899,0
te_0044900,0
te_0044901,0
te_0044902,0
te_0044903,0
te_0044904,0
te_0044905,0
te_0044906,0
te_0044907,0
te_0044908,0
te_0044909,0
te_0044910,0
te_0044911,0
te_0044912,0
te_0044913,0
te_0044914,0
te_0044915,0
te_0044916,0
te_0044917,0
te_0044918,0
te_0044919,0
te_0044920,0
te_0044921,0
te_0044922,0
te_0044923,0
te_0044924,0
te_0044925,0
te_0044926,0
te_0044927,0
te_0044928,0
te_0044929,0
te_0044930,0
te_0044931,0
te_0044932,0
te_0044933,0
te_0044934,0
te_0044935,0
te_0044936,0
te_0044937,0
te_0044938,0
te_0044939,0
te_0044940,0
te_0044941,0
te_0044942,0
te_0044943,0
te_0044944,0
te_0044945,0
te_0044946,0
te_0044947,0
te_0044948,0
te_0044949,0
te_0044950,0
te_0044951,0
te_0044952,0
te_0044953,0
te_0044954,0
te_0044955,0
te_0044956,0
te_0044957,0
te_0044958,0
te_0044959,0
te_0044960,0
te_0044961,0
te_0044962,0
te_0044963,0
te_0044964,0
te_0044965,0
te_0044966,0
te_0044967,0
te_0044968,0
te_0044969,0
te_0044970,0
te_0044971,0
te_0044972,0
te_0044973,0
te_0044974,0
te_0044975,0
te_0044976,0
te_0044977,0
te_0044978,0
te_0044979,0
te_0044980,0
te_0044981,0
te_0044982,0
te_0044983,0
te_0044984,0
te_0044985,0
te_0044986,0
te_0044987,0
te_0044988,0
te_0044989,0
te_0044990,0
te_0044991,0
te_0044992,0
te_0044993,0
te_0044994,0
te_0044995,0
te_0044996,0
te_0044997,0
te_0044998,0
te_0044999,0
te_0045000,0
te_0045001,0
te_0045002,0
te_0045003,0
te_0045004,0
te_0045005,0
te_0045006,0
te_0045007,0
te_0045008,0
te_0045009,0
te_0045010,0
te_0045011,0
te_0045012,0
te_0045013,0
te_0045014,0
te_0045015,0
te_0045016,0
te_0045017,0
te_0045018,0
te_0045019,0
te_0045020,0
te_0045021,0
te_0045022,0
te_0045023,0
te_0045024,0
te_0045025,0
te_0045026,0
te_0045027,0
te_0045028,0
te_0045029,0
te_0045030,0
te_0045031,0
te_0045032,0
te_0045033,0
te_0045034,0
te_0045035,0
te_0045036,0
te_0045037,0
te_0045038,0
te_0045039,0
te_0045040,0
te_0045041,0
te_0045042,0
te_0045043,0
te_0045044,0
te_0045045,0
te_0045046,0
te_0045047,0
te_0045048,0
te_0045049,0
te_0045050,0
te_0045051,0
te_0045052,0
te_0045053,0
te_0045054,0
te_0045055,0
te_0045056,0
te_0045057,0
te_0045058,0
te_0045059,0
te_0045060,0
te_0045061,0
te_0045062,0
te_0045063,0
te_0045064,0
te_0045065,0
te_0045066,0
te_0045067,0
te_0045068,0
te_0045069,0
te_0045070,0
te_0045071,0
te_0045072,0
te_0045073,0
te_0045074,0
te_0045075,0
te_0045076,0
te_0045077,0
te_0045078,0
te_0045079,0
te_0045080,0
te_0045081,0
te_0045082,0
te_0045083,0
te_0045084,0
te_0045085,0
te_0045086,0
te_0045087,0
te_0045088,0
te_0045089,0
te_0045090,0
te_0045091,0
te_0045092,0
te_0045093,0
te_0045094,0
te_0045095,0
te_0045096,0
te_0045097,0
te_0045098,0
te_0045099,0
te_0045100,0
te_0045101,0
te_0045102,0
te_0045103,0
te_0045104,0
te_0045105,0
te_0045106,0
te_0045107,0
te_0045108,0
te_0045109,0
te_0045110,0
te_0045111,0
te_0045112,0
te_0045113,0
te_0045114,0
te_0045115,0
te_0045116,0
te_0045117,0
te_0045118,0
te_0045119,0
te_0045120,0
te_0045121,0
te_0045122,0
te_0045123,0
te_0045124,0
te_0045125,0
te_0045126,0
te_0045127,0
te_0045128,0
te_0045129,0
te_0045130,0
te_0045131,0
te_0045132,0
te_0045133,0
te_0045134,0
te_0045135,0
te_0045136,0
te_0045137,0
te_0045138,0
te_0045139,0
te_0045140,0
te_0045141,0
te_0045142,0
te_0045143,0
te_0045144,0
te_0045145,0
te_0045146,0
te_0045147,0
te_0045148,0
te_0045149,0
te_0045150,0
te_0045151,0
te_0045152,0
te_0045153,0
te_0045154,0
te_0045155,0
te_0045156,0
te_0045157,0
te_0045158,0
te_0045159,0
te_0045160,0
te_0045161,0
te_0045162,0
te_0045163,0
te_0045164,0
te_0045165,0
te_0045166,0
te_0045167,0
te_0045168,0
te_0045169,0
te_0045170,0
te_0045171,0
te_0045172,0
te_0045173,0
te_0045174,0
te_0045175,0
te_0045176,0
te_0045177,0
te_0045178,0
te_0045179,0
te_0045180,0
te_0045181,0
te_0045182,0
te_0045183,0
te_0045184,0
te_0045185,0
te_0045186,0
te_0045187,0
te_0045188,0
te_0045189,0
te_0045190,0
te_0045191,0
te_0045192,0
te_0045193,0
te_0045194,0
te_0045195,0
te_0045196,0
te_0045197,0
te_0045198,0
te_0045199,0
te_0045200,0
te_0045201,0
te_0045202,0
te_0045203,0
te_0045204,0
te_0045205,0
te_0045206,0
te_0045207,0
te_0045208,0
te_0045209,0
te_0045210,0
te_0045211,0
te_0045212,0
te_0045213,0
te_0045214,0
te_0045215,0
te_0045216,0
te_0045217,0
te_0045218,0
te_0045219,0
te_0045220,0
te_0045221,0
te_0045222,0
te_0045223,0
te_0045224,0
te_0045225,0
te_0045226,0
te_0045227,0
te_0045228,0
te_0045229,0
te_0045230,0
te_0045231,0
te_0045232,0
te_0045233,0
te_0045234,0
te_0045235,0
te_0045236,0
te_0045237,0
te_0045238,0
te_0045239,0
te_0045240,0
te_0045241,0
te_0045242,0
te_0045243,0
te_0045244,0
te_0045245,0
te_0045246,0
te_0045247,0
te_0045248,0
te_0045249,0
te_0045250,0
te_0045251,0
te_0045252,0
te_0045253,0
te_0045254,0
te_0045255,0
te_0045256,0
te_0045257,0
te_0045258,0
te_0045259,0
te_0045260,0
te_0045261,0
te_0045262,0
te_0045263,0
te_0045264,0
te_0045265,0
te_0045266,0
te_0045267,0
te_0045268,0
te_0045269,0
te_0045270,0
te_0045271,0
te_0045272,0
te_0045273,0
te_0045274,0
te_0045275,0
te_0045276,0
te_0045277,0
te_0045278,0
te_0045279,0
te_0045280,0
te_0045281,0
te_0045282,0
te_0045283,0
te_0045284,0
te_0045285,0
te_0045286,0
te_0045287,0
te_0045288,0
te_0045289,0
te_0045290,0
te_0045291,0
te_0045292,0
te_0045293,0
te_0045294,0
te_0045295,0
te_0045296,0
te_0045297,0
te_0045298,0
te_0045299,0
te_0045300,0
te_0045301,0
te_0045302,0
te_0045303,0
te_0045304,0
te_0045305,0
te_0045306,0
te_0045307,0
te_0045308,0
te_0045309,0
te_0045310,0
te_0045311,0
te_0045312,0
te_0045313,0
te_0045314,0
te_0045315,0
te_0045316,0
te_0045317,0
te_0045318,0
te_0045319,0
te_0045320,0
te_0045321,0
te_0045322,0
te_0045323,0
te_0045324,0
te_0045325,0
te_0045326,0
te_0045327,0
te_0045328,0
te_0045329,0
te_0045330,0
te_0045331,0
te_0045332,0
te_0045333,0
te_0045334,0
te_0045335,0
te_0045336,0
te_0045337,0
te_0045338,0
te_0045339,0
te_0045340,0
te_0045341,0
te_0045342,0
te_0045343,0
te_0045344,0
te_0045345,0
te_0045346,0
te_0045347,0
te_0045348,0
te_0045349,0
te_0045350,0
te_0045351,0
te_0045352,0
te_0045353,0
te_0045354,0
te_0045355,0
te_0045356,0
te_0045357,0
te_0045358,0
te_0045359,0
te_0045360,0
te_0045361,0
te_0045362,0
te_0045363,0
te_0045364,0
te_0045365,0
te_0045366,0
te_0045367,0
te_0045368,0
te_0045369,0
te_0045370,0
te_0045371,0
te_0045372,0
te_0045373,0
te_0045374,0
te_0045375,0
te_0045376,0
te_0045377,0
te_0045378,0
te_0045379,0
te_0045380,0
te_0045381,0
te_0045382,0
te_0045383,0
te_0045384,0
te_0045385,0
te_0045386,0
te_0045387,0
te_0045388,0
te_0045389,0
te_0045390,0
te_0045391,0
te_0045392,0
te_0045393,0
te_0045394,0
te_0045395,0
te_0045396,0
te_0045397,0
te_0045398,0
te_0045399,0
te_0045400,0
te_0045401,0
te_0045402,0
te_0045403,0
te_0045404,0
te_0045405,0
te_0045406,0
te_0045407,0
te_0045408,0
te_0045409,0
te_0045410,0
te_0045411,0
te_0045412,0
te_0045413,0
te_0045414,0
te_0045415,0
te_0045416,0
te_0045417,0
te_0045418,0
te_0045419,0
te_0045420,0
te_0045421,0
te_0045422,0
te_0045423,0
te_0045424,0
te_0045425,0
te_0045426,0
te_0045427,0
te_0045428,0
te_0045429,0
te_0045430,0
te_0045431,0
te_0045432,0
te_0045433,0
te_0045434,0
te_0045435,0
te_0045436,0
te_0045437,0
te_0045438,0
te_0045439,0
te_0045440,0
te_0045441,0
te_0045442,0
te_0045443,0
te_0045444,0
te_0045445,0
te_0045446,0
te_0045447,0
te_0045448,0
te_0045449,0
te_0045450,0
te_0045451,0
te_0045452,0
te_0045453,0
te_0045454,0
te_0045455,0
te_0045456,0
te_0045457,0
te_0045458,0
te_0045459,0
te_0045460,0
te_0045461,0
te_0045462,0
te_0045463,0
te_0045464,0
te_0045465,0
te_0045466,0
te_0045467,0
te_0045468,0
te_0045469,0
te_0045470,0
te_0045471,0
te_0045472,0
te_0045473,0
te_0045474,0
te_0045475,0
te_0045476,0
te_0045477,0
te_0045478,0
te_0045479,0
te_0045480,0
te_0045481,0
te_0045482,0
te_0045483,0
te_0045484,0
te_0045485,0
te_0045486,0
te_0045487,0
te_0045488,0
te_0045489,0
te_0045490,0
te_0045491,0
te_0045492,0
te_0045493,0
te_0045494,0
te_0045495,0
te_0045496,0
te_0045497,0
te_0045498,0
te_0045499,0
te_0045500,0
te_0045501,0
te_0045502,0
te_0045503,0
te_0045504,0
te_0045505,0
te_0045506,0
te_0045507,0
te_0045508,0
te_0045509,0
te_0045510,0
te_0045511,0
te_0045512,0
te_0045513,0
te_0045514,0
te_0045515,0
te_0045516,0
te_0045517,0
te_0045518,0
te_0045519,0
te_0045520,0
te_0045521,0
te_0045522,0
te_0045523,0
te_0045524,0
te_0045525,0
te_0045526,0
te_0045527,0
te_0045528,0
te_0045529,0
te_0045530,0
te_0045531,0
te_0045532,0
te_0045533,0
te_0045534,0
te_0045535,0
te_0045536,0
te_0045537,0
te_0045538,0
te_0045539,0
te_0045540,0
te_0045541,0
te_0045542,0
te_0045543,0
te_0045544,0
te_0045545,0
te_0045546,0
te_0045547,0
te_0045548,0
te_0045549,0
te_0045550,0
te_0045551,0
te_0045552,0
te_0045553,0
te_0045554,0
te_0045555,0
te_0045556,0
te_0045557,0
te_0045558,0
te_0045559,0
te_0045560,0
te_0045561,0
te_0045562,0
te_0045563,0
te_0045564,0
te_0045565,0
te_0045566,0
te_0045567,0
te_0045568,0
te_0045569,0
te_0045570,0
te_0045571,0
te_0045572,0
te_0045573,0
te_0045574,0
te_0045575,0
te_0045576,0
te_0045577,0
te_0045578,0
te_0045579,0
te_0045580,0
te_0045581,0
te_0045582,0
te_0045583,0
te_0045584,0
te_0045585,0
te_0045586,0
te_0045587,0
te_0045588,0
te_0045589,0
te_0045590,0
te_0045591,0
te_0045592,0
te_0045593,0
te_0045594,0
te_0045595,0
te_0045596,0
te_0045597,0
te_0045598,0
te_0045599,0
te_0045600,0
te_0045601,0
te_0045602,0
te_0045603,0
te_0045604,0
te_0045605,0
te_0045606,0
te_0045607,0
te_0045608,0
te_0045609,0
te_0045610,0
te_0045611,0
te_0045612,0
te_0045613,0
te_0045614,0
te_0045615,0
te_0045616,0
te_0045617,0
te_0045618,0
te_0045619,0
te_0045620,0
te_0045621,0
te_0045622,0
te_0045623,0
te_0045624,0
te_0045625,0
te_0045626,0
te_0045627,0
te_0045628,0
te_0045629,0
te_0045630,0
te_0045631,0
te_0045632,0
te_0045633,0
te_0045634,0
te_0045635,0
te_0045636,0
te_0045637,0
te_0045638,0
te_0045639,0
te_0045640,0
te_0045641,0
te_0045642,0
te_0045643,0
te_0045644,0
te_0045645,0
te_0045646,0
te_0045647,0
te_0045648,0
te_0045649,0
te_0045650,0
te_0045651,0
te_0045652,0
te_0045653,0
te_0045654,0
te_0045655,0
te_0045656,0
te_0045657,0
te_0045658,0
te_0045659,0
te_0045660,0
te_0045661,0
te_0045662,0
te_0045663,0
te_0045664,0
te_0045665,0
te_0045666,0
te_0045667,0
te_0045668,0
te_0045669,0
te_0045670,0
te_0045671,0
te_0045672,0
te_0045673,0
te_0045674,0
te_0045675,0
te_0045676,0
te_0045677,0
te_0045678,0
te_0045679,0
te_0045680,0
te_0045681,0
te_0045682,0
te_0045683,0
te_0045684,0
te_0045685,0
te_0045686,0
te_0045687,0
te_0045688,0
te_0045689,0
te_0045690,0
te_0045691,0
te_0045692,0
te_0045693,0
te_0045694,0
te_0045695,0
te_0045696,0
te_0045697,0
te_0045698,0
te_0045699,0
te_0045700,0
te_0045701,0
te_0045702,0
te_0045703,0
te_0045704,0
te_0045705,0
te_0045706,0
te_0045707,0
te_0045708,0
te_0045709,0
te_0045710,0
te_0045711,0
te_0045712,0
te_0045713,0
te_0045714,0
te_0045715,0
te_0045716,0
te_0045717,0
te_0045718,0
te_0045719,0
te_0045720,0
te_0045721,0
te_0045722,0
te_0045723,0
te_0045724,0
te_0045725,0
te_0045726,0
te_0045727,0
te_0045728,0
te_0045729,0
te_0045730,0
te_0045731,0
te_0045732,0
te_0045733,0
te_0045734,0
te_0045735,0
te_0045736,0
te_0045737,0
te_0045738,0
te_0045739,0
te_0045740,0
te_0045741,0
te_0045742,0
te_0045743,0
te_0045744,0
te_0045745,0
te_0045746,0
te_0045747,0
te_0045748,0
te_0045749,0
te_0045750,0
te_0045751,0
te_0045752,0
te_0045753,0
te_0045754,0
te_0045755,0
te_0045756,0
te_0045757,0
te_0045758,0
te_0045759,0
te_0045760,0
te_0045761,0
te_0045762,0
te_0045763,0
te_0045764,0
te_0045765,0
te_0045766,0
te_0045767,0
te_0045768,0
te_0045769,0
te_0045770,0
te_0045771,0
te_0045772,0
te_0045773,0
te_0045774,0
te_0045775,0
te_0045776,0
te_0045777,0
te_0045778,0
te_0045779,0
te_0045780,0
te_0045781,0
te_0045782,0
te_0045783,0
te_0045784,0
te_0045785,0
te_0045786,0
te_0045787,0
te_0045788,0
te_0045789,0
te_0045790,0
te_0045791,0
te_0045792,0
te_0045793,0
te_0045794,0
te_0045795,0
te_0045796,0
te_0045797,0
te_0045798,0
te_0045799,0
te_0045800,0
te_0045801,0
te_0045802,0
te_0045803,0
te_0045804,0
te_0045805,0
te_0045806,0
te_0045807,0
te_0045808,0
te_0045809,0
te_0045810,0
te_0045811,0
te_0045812,0
te_0045813,0
te_0045814,0
te_0045815,0
te_0045816,0
te_0045817,0
te_0045818,0
te_0045819,0
te_0045820,0
te_0045821,0
te_0045822,0
te_0045823,0
te_0045824,0
te_0045825,0
te_0045826,0
te_0045827,0
te_0045828,0
te_0045829,0
te_0045830,0
te_0045831,0
te_0045832,0
te_0045833,0
te_0045834,0
te_0045835,0
te_0045836,0
te_0045837,0
te_0045838,0
te_0045839,0
te_0045840,0
te_0045841,0
te_0045842,0
te_0045843,0
te_0045844,0
te_0045845,0
te_0045846,0
te_0045847,0
te_0045848,0
te_0045849,0
te_0045850,0
te_0045851,0
te_0045852,0
te_0045853,0
te_0045854,0
te_0045855,0
te_0045856,0
te_0045857,0
te_0045858,0
te_0045859,0
te_0045860,0
te_0045861,0
te_0045862,0
te_0045863,0
te_0045864,0
te_0045865,0
te_0045866,0
te_0045867,0
te_0045868,0
te_0045869,0
te_0045870,0
te_0045871,0
te_0045872,0
te_0045873,0
te_0045874,0
te_0045875,0
te_0045876,0
te_0045877,0
te_0045878,0
te_0045879,0
te_0045880,0
te_0045881,0
te_0045882,0
te_0045883,0
te_0045884,0
te_0045885,0
te_0045886,0
te_0045887,0
te_0045888,0
te_0045889,0
te_0045890,0
te_0045891,0
te_0045892,0
te_0045893,0
te_0045894,0
te_0045895,0
te_0045896,0
te_0045897,0
te_0045898,0
te_0045899,0
te_0045900,0
te_0045901,0
te_0045902,0
te_0045903,0
te_0045904,0
te_0045905,0
te_0045906,0
te_0045907,0
te_0045908,0
te_0045909,0
te_0045910,0
te_0045911,0
te_0045912,0
te_0045913,0
te_0045914,0
te_0045915,0
te_0045916,0
te_0045917,0
te_0045918,0
te_0045919,0
te_0045920,0
te_0045921,0
te_0045922,0
te_0045923,0
te_0045924,0
te_0045925,0
te_0045926,0
te_0045927,0
te_0045928,0
te_0045929,0
te_0045930,0
te_0045931,0
te_0045932,0
te_0045933,0
te_0045934,0
te_0045935,0
te_0045936,0
te_0045937,0
te_0045938,0
te_0045939,0
te_0045940,0
te_0045941,0
te_0045942,0
te_0045943,0
te_0045944,0
te_0045945,0
te_0045946,0
te_0045947,0
te_0045948,0
te_0045949,0
te_0045950,0
te_0045951,0
te_0045952,0
te_0045953,0
te_0045954,0
te_0045955,0
te_0045956,0
te_0045957,0
te_0045958,0
te_0045959,0
te_0045960,0
te_0045961,0
te_0045962,0
te_0045963,0
te_0045964,0
te_0045965,0
te_0045966,0
te_0045967,0
te_0045968,0
te_0045969,0
te_0045970,0
te_0045971,0
te_0045972,0
te_0045973,0
te_0045974,0
te_0045975,0
te_0045976,0
te_0045977,0
te_0045978,0
te_0045979,0
te_0045980,0
te_0045981,0
te_0045982,0
te_0045983,0
te_0045984,0
te_0045985,0
te_0045986,0
te_0045987,0
te_0045988,0
te_0045989,0
te_0045990,0
te_0045991,0
te_0045992,0
te_0045993,0
te_0045994,0
te_0045995,0
te_0045996,0
te_0045997,0
te_0045998,0
te_0045999,0
te_0046000,0
te_0046001,0
te_0046002,0
te_0046003,0
te_0046004,0
te_0046005,0
te_0046006,0
te_0046007,0
te_0046008,0
te_0046009,0
te_0046010,0
te_0046011,0
te_0046012,0
te_0046013,0
te_0046014,0
te_0046015,0
te_0046016,0
te_0046017,0
te_0046018,0
te_0046019,0
te_0046020,0
te_0046021,0
te_0046022,0
te_0046023,0
te_0046024,0
te_0046025,0
te_0046026,0
te_0046027,0
te_0046028,0
te_0046029,0
te_0046030,0
te_0046031,0
te_0046032,0
te_0046033,0
te_0046034,0
te_0046035,0
te_0046036,0
te_0046037,0
te_0046038,0
te_0046039,0
te_0046040,0
te_0046041,0
te_0046042,0
te_0046043,0
te_0046044,0
te_0046045,0
te_0046046,0
te_0046047,0
te_0046048,0
te_0046049,0
te_0046050,0
te_0046051,0
te_0046052,0
te_0046053,0
te_0046054,0
te_0046055,0
te_0046056,0
te_0046057,0
te_0046058,0
te_0046059,0
te_0046060,0
te_0046061,0
te_0046062,0
te_0046063,0
te_0046064,0
te_0046065,0
te_0046066,0
te_0046067,0
te_0046068,0
te_0046069,0
te_0046070,0
te_0046071,0
te_0046072,0
te_0046073,0
te_0046074,0
te_0046075,0
te_0046076,0
te_0046077,0
te_0046078,0
te_0046079,0
te_0046080,0
te_0046081,0
te_0046082,0
te_0046083,0
te_0046084,0
te_0046085,0
te_0046086,0
te_0046087,0
te_0046088,0
te_0046089,0
te_0046090,0
te_0046091,0
te_0046092,0
te_0046093,0
te_0046094,0
te_0046095,0
te_0046096,0
te_0046097,0
te_0046098,0
te_0046099,0
te_0046100,0
te_0046101,0
te_0046102,0
te_0046103,0
te_0046104,0
te_0046105,0
te_0046106,0
te_0046107,0
te_0046108,0
te_0046109,0
te_0046110,0
te_0046111,0
te_0046112,0
te_0046113,0
te_0046114,0
te_0046115,0
te_0046116,0
te_0046117,0
te_0046118,0
te_0046119,0
te_0046120,0
te_0046121,0
te_0046122,0
te_0046123,0
te_0046124,0
te_0046125,0
te_0046126,0
te_0046127,0
te_0046128,0
te_0046129,0
te_0046130,0
te_0046131,0
te_0046132,0
te_0046133,0
te_0046134,0
te_0046135,0
te_0046136,0
te_0046137,0
te_0046138,0
te_0046139,0
te_0046140,0
te_0046141,0
te_0046142,0
te_0046143,0
te_0046144,0
te_0046145,0
te_0046146,0
te_0046147,0
te_0046148,0
te_0046149,0
te_0046150,0
te_0046151,0
te_0046152,0
te_0046153,0
te_0046154,0
te_0046155,0
te_0046156,0
te_0046157,0
te_0046158,0
te_0046159,0
te_0046160,0
te_0046161,0
te_0046162,0
te_0046163,0
te_0046164,0
te_0046165,0
te_0046166,0
te_0046167,0
te_0046168,0
te_0046169,0
te_0046170,0
te_0046171,0
te_0046172,0
te_0046173,0
te_0046174,0
te_0046175,0
te_0046176,0
te_0046177,0
te_0046178,0
te_0046179,0
te_0046180,0
te_0046181,0
te_0046182,0
te_0046183,0
te_0046184,0
te_0046185,0
te_0046186,0
te_0046187,0
te_0046188,0
te_0046189,0
te_0046190,0
te_0046191,0
te_0046192,0
te_0046193,0
te_0046194,0
te_0046195,0
te_0046196,0
te_0046197,0
te_0046198,0
te_0046199,0
te_0046200,0
te_0046201,0
te_0046202,0
te_0046203,0
te_0046204,0
te_0046205,0
te_0046206,0
te_0046207,0
te_0046208,0
te_0046209,0
te_0046210,0
te_0046211,0
te_0046212,0
te_0046213,0
te_0046214,0
te_0046215,0
te_0046216,0
te_0046217,0
te_0046218,0
te_0046219,0
te_0046220,0
te_0046221,0
te_0046222,0
te_0046223,0
te_0046224,0
te_0046225,0
te_0046226,0
te_0046227,0
te_0046228,0
te_0046229,0
te_0046230,0
te_0046231,0
te_0046232,0
te_0046233,0
te_0046234,0
te_0046235,0
te_0046236,0
te_0046237,0
te_0046238,0
te_0046239,0
te_0046240,0
te_0046241,0
te_0046242,0
te_0046243,0
te_0046244,0
te_0046245,0
te_0046246,0
te_0046247,0
te_0046248,0
te_0046249,0
te_0046250,0
te_0046251,0
te_0046252,0
te_0046253,0
te_0046254,0
te_0046255,0
te_0046256,0
te_0046257,0
te_0046258,0
te_0046259,0
te_0046260,0
te_0046261,0
te_0046262,0
te_0046263,0
te_0046264,0
te_0046265,0
te_0046266,0
te_0046267,0
te_0046268,0
te_0046269,0
te_0046270,0
te_0046271,0
te_0046272,0
te_0046273,0
te_0046274,0
te_0046275,0
te_0046276,0
te_0046277,0
te_0046278,0
te_0046279,0
te_0046280,0
te_0046281,0
te_0046282,0
te_0046283,0
te_0046284,0
te_0046285,0
te_0046286,0
te_0046287,0
te_0046288,0
te_0046289,0
te_0046290,0
te_0046291,0
te_0046292,0
te_0046293,0
te_0046294,0
te_0046295,0
te_0046296,0
te_0046297,0
te_0046298,0
te_0046299,0
te_0046300,0
te_0046301,0
te_0046302,0
te_0046303,0
te_0046304,0
te_0046305,0
te_0046306,0
te_0046307,0
te_0046308,0
te_0046309,0
te_0046310,0
te_0046311,0
te_0046312,0
te_0046313,0
te_0046314,0
te_0046315,0
te_0046316,0
te_0046317,0
te_0046318,0
te_0046319,0
te_0046320,0
te_0046321,0
te_0046322,0
te_0046323,0
te_0046324,0
te_0046325,0
te_0046326,0
te_0046327,0
te_0046328,0
te_0046329,0
te_0046330,0
te_0046331,0
te_0046332,0
te_0046333,0
te_0046334,0
te_0046335,0
te_0046336,0
te_0046337,0
te_0046338,0
te_0046339,0
te_0046340,0
te_0046341,0
te_0046342,0
te_0046343,0
te_0046344,0
te_0046345,0
te_0046346,0
te_0046347,0
te_0046348,0
te_0046349,0
te_0046350,0
te_0046351,0
te_0046352,0
te_0046353,0
te_0046354,0
te_0046355,0
te_0046356,0
te_0046357,0
te_0046358,0
te_0046359,0
te_0046360,0
te_0046361,0
te_0046362,0
te_0046363,0
te_0046364,0
te_0046365,0
te_0046366,0
te_0046367,0
te_0046368,0
te_0046369,0
te_0046370,0
te_0046371,0
te_0046372,0
te_0046373,0
te_0046374,0
te_0046375,0
te_0046376,0
te_0046377,0
te_0046378,0
te_0046379,0
te_0046380,0
te_0046381,0
te_0046382,0
te_0046383,0
te_0046384,0
te_0046385,0
te_0046386,0
te_0046387,0
te_0046388,0
te_0046389,0
te_0046390,0
te_0046391,0
te_0046392,0
te_0046393,0
te_0046394,0
te_0046395,0
te_0046396,0
te_0046397,0
te_0046398,0
te_0046399,0
te_0046400,0
te_0046401,0
te_0046402,0
te_0046403,0
te_0046404,0
te_0046405,0
te_0046406,0
te_0046407,0
te_0046408,0
te_0046409,0
te_0046410,0
te_0046411,0
te_0046412,0
te_0046413,0
te_0046414,0
te_0046415,0
te_0046416,0
te_0046417,0
te_0046418,0
te_0046419,0
te_0046420,0
te_0046421,0
te_0046422,0
te_0046423,0
te_0046424,0
te_0046425,0
te_0046426,0
te_0046427,0
te_0046428,0
te_0046429,0
te_0046430,0
te_0046431,0
te_0046432,0
te_0046433,0
te_0046434,0
te_0046435,0
te_0046436,0
te_0046437,0
te_0046438,0
te_0046439,0
te_0046440,0
te_0046441,0
te_0046442,0
te_0046443,0
te_0046444,0
te_0046445,0
te_0046446,0
te_0046447,0
te_0046448,0
te_0046449,0
te_0046450,0
te_0046451,0
te_0046452,0
te_0046453,0
te_0046454,0
te_0046455,0
te_0046456,0
te_0046457,0
te_0046458,0
te_0046459,0
te_0046460,0
te_0046461,0
te_0046462,0
te_0046463,0
te_0046464,0
te_0046465,0
te_0046466,0
te_0046467,0
te_0046468,0
te_0046469,0
te_0046470,0
te_0046471,0
te_0046472,0
te_0046473,0
te_0046474,0
te_0046475,0
te_0046476,0
te_0046477,0
te_0046478,0
te_0046479,0
te_0046480,0
te_0046481,0
te_0046482,0
te_0046483,0
te_0046484,0
te_0046485,0
te_0046486,0
te_0046487,0
te_0046488,0
te_0046489,0
te_0046490,0
te_0046491,0
te_0046492,0
te_0046493,0
te_0046494,0
te_0046495,0
te_0046496,0
te_0046497,0
te_0046498,0
te_0046499,0
te_0046500,0
te_0046501,0
te_0046502,0
te_0046503,0
te_0046504,0
te_0046505,0
te_0046506,0
te_0046507,0
te_0046508,0
te_0046509,0
te_0046510,0
te_0046511,0
te_0046512,0
te_0046513,0
te_0046514,0
te_0046515,0
te_0046516,0
te_0046517,0
te_0046518,0
te_0046519,0
te_0046520,0
te_0046521,0
te_0046522,0
te_0046523,0
te_0046524,0
te_0046525,0
te_0046526,0
te_0046527,0
te_0046528,0
te_0046529,0
te_0046530,0
te_0046531,0
te_0046532,0
te_0046533,0
te_0046534,0
te_0046535,0
te_0046536,0
te_0046537,0
te_0046538,0
te_0046539,0
te_0046540,0
te_0046541,0
te_0046542,0
te_0046543,0
te_0046544,0
te_0046545,0
te_0046546,0
te_0046547,0
te_0046548,0
te_0046549,0
te_0046550,0
te_0046551,0
te_0046552,0
te_0046553,0
te_0046554,0
te_0046555,0
te_0046556,0
te_0046557,0
te_0046558,0
te_0046559,0
te_0046560,0
te_0046561,0
te_0046562,0
te_0046563,0
te_0046564,0
te_0046565,0
te_0046566,0
te_0046567,0
te_0046568,0
te_0046569,0
te_0046570,0
te_0046571,0
te_0046572,0
te_0046573,0
te_0046574,0
te_0046575,0
te_0046576,0
te_0046577,0
te_0046578,0
te_0046579,0
te_0046580,0
te_0046581,0
te_0046582,0
te_0046583,0
te_0046584,0
te_0046585,0
te_0046586,0
te_0046587,0
te_0046588,0
te_0046589,0
te_0046590,0
te_0046591,0
te_0046592,0
te_0046593,0
te_0046594,0
te_0046595,0
te_0046596,0
te_0046597,0
te_0046598,0
te_0046599,0
te_0046600,0
te_0046601,0
te_0046602,0
te_0046603,0
te_0046604,0
te_0046605,0
te_0046606,0
te_0046607,0
te_0046608,0
te_0046609,0
te_0046610,0
te_0046611,0
te_0046612,0
te_0046613,0
te_0046614,0
te_0046615,0
te_0046616,0
te_0046617,0
te_0046618,0
te_0046619,0
te_0046620,0
te_0046621,0
te_0046622,0
te_0046623,0
te_0046624,0
te_0046625,0
te_0046626,0
te_0046627,0
te_0046628,0
te_0046629,0
te_0046630,0
te_0046631,0
te_0046632,0
te_0046633,0
te_0046634,0
te_0046635,0
te_0046636,0
te_0046637,0
te_0046638,0
te_0046639,0
te_0046640,0
te_0046641,0
te_0046642,0
te_0046643,0
te_0046644,0
te_0046645,0
te_0046646,0
te_0046647,0
te_0046648,0
te_0046649,0
te_0046650,0
te_0046651,0
te_0046652,0
te_0046653,0
te_0046654,0
te_0046655,0
te_0046656,0
te_0046657,0
te_0046658,0
te_0046659,0
te_0046660,0
te_0046661,0
te_0046662,0
te_0046663,0
te_0046664,0
te_0046665,0
te_0046666,0
te_0046667,0
te_0046668,0
te_0046669,0
te_0046670,0
te_0046671,0
te_0046672,0
te_0046673,0
te_0046674,0
te_0046675,0
te_0046676,0
te_0046677,0
te_0046678,0
te_0046679,0
te_0046680,0
te_0046681,0
te_0046682,0
te_0046683,0
te_0046684,0
te_0046685,0
te_0046686,0
te_0046687,0
te_0046688,0
te_0046689,0
te_0046690,0
te_0046691,0
te_0046692,0
te_0046693,0
te_0046694,0
te_0046695,0
te_0046696,0
te_0046697,0
te_0046698,0
te_0046699,0
te_0046700,0
te_0046701,0
te_0046702,0
te_0046703,0
te_0046704,0
te_0046705,0
te_0046706,0
te_0046707,0
te_0046708,0
te_0046709,0
te_0046710,0
te_0046711,0
te_0046712,0
te_0046713,0
te_0046714,0
te_0046715,0
te_0046716,0
te_0046717,0
te_0046718,0
te_0046719,0
te_0046720,0
te_0046721,0
te_0046722,0
te_0046723,0
te_0046724,0
te_0046725,0
te_0046726,0
te_0046727,0
te_0046728,0
te_0046729,0
te_0046730,0
te_0046731,0
te_0046732,0
te_0046733,0
te_0046734,0
te_0046735,0
te_0046736,0
te_0046737,0
te_0046738,0
te_0046739,0
te_0046740,0
te_0046741,0
te_0046742,0
te_0046743,0
te_0046744,0
te_0046745,0
te_0046746,0
te_0046747,0
te_0046748,0
te_0046749,0
te_0046750,0
te_0046751,0
te_0046752,0
te_0046753,0
te_0046754,0
te_0046755,0
te_0046756,0
te_0046757,0
te_0046758,0
te_0046759,0
te_0046760,0
te_0046761,0
te_0046762,0
te_0046763,0
te_0046764,0
te_0046765,0
te_0046766,0
te_0046767,0
te_0046768,0
te_0046769,0
te_0046770,0
te_0046771,0
te_0046772,0
te_0046773,0
te_0046774,0
te_0046775,0
te_0046776,0
te_0046777,0
te_0046778,0
te_0046779,0
te_0046780,0
te_0046781,0
te_0046782,0
te_0046783,0
te_0046784,0
te_0046785,0
te_0046786,0
te_0046787,0
te_0046788,0
te_0046789,0
te_0046790,0
te_0046791,0
te_0046792,0
te_0046793,0
te_0046794,0
te_0046795,0
te_0046796,0
te_0046797,0
te_0046798,0
te_0046799,0
te_0046800,0
te_0046801,0
te_0046802,0
te_0046803,0
te_0046804,0
te_0046805,0
te_0046806,0
te_0046807,0
te_0046808,0
te_0046809,0
te_0046810,0
te_0046811,0
te_0046812,0
te_0046813,0
te_0046814,0
te_0046815,0
te_0046816,0
te_0046817,0
te_0046818,0
te_0046819,0
te_0046820,0
te_0046821,0
te_0046822,0
te_0046823,0
te_0046824,0
te_0046825,0
te_0046826,0
te_0046827,0
te_0046828,0
te_0046829,0
te_0046830,0
te_0046831,0
te_0046832,0
te_0046833,0
te_0046834,0
te_0046835,0
te_0046836,0
te_0046837,0
te_0046838,0
te_0046839,0
te_0046840,0
te_0046841,0
te_0046842,0
te_0046843,0
te_0046844,0
te_0046845,0
te_0046846,0
te_0046847,0
te_0046848,0
te_0046849,0
te_0046850,0
te_0046851,0
te_0046852,0
te_0046853,0
te_0046854,0
te_0046855,0
te_0046856,0
te_0046857,0
te_0046858,0
te_0046859,0
te_0046860,0
te_0046861,0
te_0046862,0
te_0046863,0
te_0046864,0
te_0046865,0
te_0046866,0
te_0046867,0
te_0046868,0
te_0046869,0
te_0046870,0
te_0046871,0
te_0046872,0
te_0046873,0
te_0046874,0
te_0046875,0
te_0046876,0
te_0046877,0
te_0046878,0
te_0046879,0
te_0046880,0
te_0046881,0
te_0046882,0
te_0046883,0
te_0046884,0
te_0046885,0
te_0046886,0
te_0046887,0
te_0046888,0
te_0046889,0
te_0046890,0
te_0046891,0
te_0046892,0
te_0046893,0
te_0046894,0
te_0046895,0
te_0046896,0
te_0046897,0
te_0046898,0
te_0046899,0
te_0046900,0
te_0046901,0
te_0046902,0
te_0046903,0
te_0046904,0
te_0046905,0
te_0046906,0
te_0046907,0
te_0046908,0
te_0046909,0
te_0046910,0
te_0046911,0
te_0046912,0
te_0046913,0
te_0046914,0
te_0046915,0
te_0046916,0
te_0046917,0
te_0046918,0
te_0046919,0
te_0046920,0
te_0046921,0
te_0046922,0
te_0046923,0
te_0046924,0
te_0046925,0
te_0046926,0
te_0046927,0
te_0046928,0
te_0046929,0
te_0046930,0
te_0046931,0
te_0046932,0
te_0046933,0
te_0046934,0
te_0046935,0
te_0046936,0
te_0046937,0
te_0046938,0
te_0046939,0
te_0046940,0
te_0046941,0
te_0046942,0
te_0046943,0
te_0046944,0
te_0046945,0
te_0046946,0
te_0046947,0
te_0046948,0
te_0046949,0
te_0046950,0
te_0046951,0
te_0046952,0
te_0046953,0
te_0046954,0
te_0046955,0
te_0046956,0
te_0046957,0
te_0046958,0
te_0046959,0
te_0046960,0
te_0046961,0
te_0046962,0
te_0046963,0
te_0046964,0
te_0046965,0
te_0046966,0
te_0046967,0
te_0046968,0
te_0046969,0
te_0046970,0
te_0046971,0
te_0046972,0
te_0046973,0
te_0046974,0
te_0046975,0
te_0046976,0
te_0046977,0
te_0046978,0
te_0046979,0
te_0046980,0
te_0046981,0
te_0046982,0
te_0046983,0
te_0046984,0
te_0046985,0
te_0046986,0
te_0046987,0
te_0046988,0
te_0046989,0
te_0046990,0
te_0046991,0
te_0046992,0
te_0046993,0
te_0046994,0
te_0046995,0
te_0046996,0
te_0046997,0
te_0046998,0
te_0046999,0
te_0047000,0
te_0047001,0
te_0047002,0
te_0047003,0
te_0047004,0
te_0047005,0
te_0047006,0
te_0047007,0
te_0047008,0
te_0047009,0
te_0047010,0
te_0047011,0
te_0047012,0
te_0047013,0
te_0047014,0
te_0047015,0
te_0047016,0
te_0047017,0
te_0047018,0
te_0047019,0
te_0047020,0
te_0047021,0
te_0047022,0
te_0047023,0
te_0047024,0
te_0047025,0
te_0047026,0
te_0047027,0
te_0047028,0
te_0047029,0
te_0047030,0
te_0047031,0
te_0047032,0
te_0047033,0
te_0047034,0
te_0047035,0
te_0047036,0
te_0047037,0
te_0047038,0
te_0047039,0
te_0047040,0
te_0047041,0
te_0047042,0
te_0047043,0
te_0047044,0
te_0047045,0
te_0047046,0
te_0047047,0
te_0047048,0
te_0047049,0
te_0047050,0
te_0047051,0
te_0047052,0
te_0047053,0
te_0047054,0
te_0047055,0
te_0047056,0
te_0047057,0
te_0047058,0
te_0047059,0
te_0047060,0
te_0047061,0
te_0047062,0
te_0047063,0
te_0047064,0
te_0047065,0
te_0047066,0
te_0047067,0
te_0047068,0
te_0047069,0
te_0047070,0
te_0047071,0
te_0047072,0
te_0047073,0
te_0047074,0
te_0047075,0
te_0047076,0
te_0047077,0
te_0047078,0
te_0047079,0
te_0047080,0
te_0047081,0
te_0047082,0
te_0047083,0
te_0047084,0
te_0047085,0
te_0047086,0
te_0047087,0
te_0047088,0
te_0047089,0
te_0047090,0
te_0047091,0
te_0047092,0
te_0047093,0
te_0047094,0
te_0047095,0
te_0047096,0
te_0047097,0
te_0047098,0
te_0047099,0
te_0047100,0
te_0047101,0
te_0047102,0
te_0047103,0
te_0047104,0
te_0047105,0
te_0047106,0
te_0047107,0
te_0047108,0
te_0047109,0
te_0047110,0
te_0047111,0
te_0047112,0
te_0047113,0
te_0047114,0
te_0047115,0
te_0047116,0
te_0047117,0
te_0047118,0
te_0047119,0
te_0047120,0
te_0047121,0
te_0047122,0
te_0047123,0
te_0047124,0
te_0047125,0
te_0047126,0
te_0047127,0
te_0047128,0
te_0047129,0
te_0047130,0
te_0047131,0
te_0047132,0
te_0047133,0
te_0047134,0
te_0047135,0
te_0047136,0
te_0047137,0
te_0047138,0
te_0047139,0
te_0047140,0
te_0047141,0
te_0047142,0
te_0047143,0
te_0047144,0
te_0047145,0
te_0047146,0
te_0047147,0
te_0047148,0
te_0047149,0
te_0047150,0
te_0047151,0
te_0047152,0
te_0047153,0
te_0047154,0
te_0047155,0
te_0047156,0
te_0047157,0
te_0047158,0
te_0047159,0
te_0047160,0
te_0047161,0
te_0047162,0
te_0047163,0
te_0047164,0
te_0047165,0
te_0047166,0
te_0047167,0
te_0047168,0
te_0047169,0
te_0047170,0
te_0047171,0
te_0047172,0
te_0047173,0
te_0047174,0
te_0047175,0
te_0047176,0
te_0047177,0
te_0047178,0
te_0047179,0
te_0047180,0
te_0047181,0
te_0047182,0
te_0047183,0
te_0047184,0
te_0047185,0
te_0047186,0
te_0047187,0
te_0047188,0
te_0047189,0
te_0047190,0
te_0047191,0
te_0047192,0
te_0047193,0
te_0047194,0
te_0047195,0
te_0047196,0
te_0047197,0
te_0047198,0
te_0047199,0
te_0047200,0
te_0047201,0
te_0047202,0
te_0047203,0
te_0047204,0
te_0047205,0
te_0047206,0
te_0047207,0
te_0047208,0
te_0047209,0
te_0047210,0
te_0047211,0
te_0047212,0
te_0047213,0
te_0047214,0
te_0047215,0
te_0047216,0
te_0047217,0
te_0047218,0
te_0047219,0
te_0047220,0
te_0047221,0
te_0047222,0
te_0047223,0
te_0047224,0
te_0047225,0
te_0047226,0
te_0047227,0
te_0047228,0
te_0047229,0
te_0047230,0
te_0047231,0
te_0047232,0
te_0047233,0
te_0047234,0
te_0047235,0
te_0047236,0
te_0047237,0
te_0047238,0
te_0047239,0
te_0047240,0
te_0047241,0
te_0047242,0
te_0047243,0
te_0047244,0
te_0047245,0
te_0047246,0
te_0047247,0
te_0047248,0
te_0047249,0
te_0047250,0
te_0047251,0
te_0047252,0
te_0047253,0
te_0047254,0
te_0047255,0
te_0047256,0
te_0047257,0
te_0047258,0
te_0047259,0
te_0047260,0
te_0047261,0
te_0047262,0
te_0047263,0
te_0047264,0
te_0047265,0
te_0047266,0
te_0047267,0
te_0047268,0
te_0047269,0
te_0047270,0
te_0047271,0
te_0047272,0
te_0047273,0
te_0047274,0
te_0047275,0
te_0047276,0
te_0047277,0
te_0047278,0
te_0047279,0
te_0047280,0
te_0047281,0
te_0047282,0
te_0047283,0
te_0047284,0
te_0047285,0
te_0047286,0
te_0047287,0
te_0047288,0
te_0047289,0
te_0047290,0
te_0047291,0
te_0047292,0
te_0047293,0
te_0047294,0
te_0047295,0
te_0047296,0
te_0047297,0
te_0047298,0
te_0047299,0
te_0047300,0
te_0047301,0
te_0047302,0
te_0047303,0
te_0047304,0
te_0047305,0
te_0047306,0
te_0047307,0
te_0047308,0
te_0047309,0
te_0047310,0
te_0047311,0
te_0047312,0
te_0047313,0
te_0047314,0
te_0047315,0
te_0047316,0
te_0047317,0
te_0047318,0
te_0047319,0
te_0047320,0
te_0047321,0
te_0047322,0
te_0047323,0
te_0047324,0
te_0047325,0
te_0047326,0
te_0047327,0
te_0047328,0
te_0047329,0
te_0047330,0
te_0047331,0
te_0047332,0
te_0047333,0
te_0047334,0
te_0047335,0
te_0047336,0
te_0047337,0
te_0047338,0
te_0047339,0
te_0047340,0
te_0047341,0
te_0047342,0
te_0047343,0
te_0047344,0
te_0047345,0
te_0047346,0
te_0047347,0
te_0047348,0
te_0047349,0
te_0047350,0
te_0047351,0
te_0047352,0
te_0047353,0
te_0047354,0
te_0047355,0
te_0047356,0
te_0047357,0
te_0047358,0
te_0047359,0
te_0047360,0
te_0047361,0
te_0047362,0
te_0047363,0
te_0047364,0
te_0047365,0
te_0047366,0
te_0047367,0
te_0047368,0
te_0047369,0
te_0047370,0
te_0047371,0
te_0047372,0
te_0047373,0
te_0047374,0
te_0047375,0
te_0047376,0
te_0047377,0
te_0047378,0
te_0047379,0
te_0047380,0
te_0047381,0
te_0047382,0
te_0047383,0
te_0047384,0
te_0047385,0
te_0047386,0
te_0047387,0
te_0047388,0
te_0047389,0
te_0047390,0
te_0047391,0
te_0047392,0
te_0047393,0
te_0047394,0
te_0047395,0
te_0047396,0
te_0047397,0
te_0047398,0
te_0047399,0
te_0047400,0
te_0047401,0
te_0047402,0
te_0047403,0
te_0047404,0
te_0047405,0
te_0047406,0
te_0047407,0
te_0047408,0
te_0047409,0
te_0047410,0
te_0047411,0
te_0047412,0
te_0047413,0
te_0047414,0
te_0047415,0
te_0047416,0
te_0047417,0
te_0047418,0
te_0047419,0
te_0047420,0
te_0047421,0
te_0047422,0
te_0047423,0
te_0047424,0
te_0047425,0
te_0047426,0
te_0047427,0
te_0047428,0
te_0047429,0
te_0047430,0
te_0047431,0
te_0047432,0
te_0047433,0
te_0047434,0
te_0047435,0
te_0047436,0
te_0047437,0
te_0047438,0
te_0047439,0
te_0047440,0
te_0047441,0
te_0047442,0
te_0047443,0
te_0047444,0
te_0047445,0
te_0047446,0
te_0047447,0
te_0047448,0
te_0047449,0
te_0047450,0
te_0047451,0
te_0047452,0
te_0047453,0
te_0047454,0
te_0047455,0
te_0047456,0
te_0047457,0
te_0047458,0
te_0047459,0
te_0047460,0
te_0047461,0
te_0047462,0
te_0047463,0
te_0047464,0
te_0047465,0
te_0047466,0
te_0047467,0
te_0047468,0
te_0047469,0
te_0047470,0
te_0047471,0
te_0047472,0
te_0047473,0
te_0047474,0
te_0047475,0
te_0047476,0
te_0047477,0
te_0047478,0
te_0047479,0
te_0047480,0
te_0047481,0
te_0047482,0
te_0047483,0
te_0047484,0
te_0047485,0
te_0047486,0
te_0047487,0
te_0047488,0
te_0047489,0
te_0047490,0
te_0047491,0
te_0047492,0
te_0047493,0
te_0047494,0
te_0047495,0
te_0047496,0
te_0047497,0
te_0047498,0
te_0047499,0
te_0047500,0
te_0047501,0
te_0047502,0
te_0047503,0
te_0047504,0
te_0047505,0
te_0047506,0
te_0047507,0
te_0047508,0
te_0047509,0
te_0047510,0
te_0047511,0
te_0047512,0
te_0047513,0
te_0047514,0
te_0047515,0
te_0047516,0
te_0047517,0
te_0047518,0
te_0047519,0
te_0047520,0
te_0047521,0
te_0047522,0
te_0047523,0
te_0047524,0
te_0047525,0
te_0047526,0
te_0047527,0
te_0047528,0
te_0047529,0
te_0047530,0
te_0047531,0
te_0047532,0
te_0047533,0
te_0047534,0
te_0047535,0
te_0047536,0
te_0047537,0
te_0047538,0
te_0047539,0
te_0047540,0
te_0047541,0
te_0047542,0
te_0047543,0
te_0047544,0
te_0047545,0
te_0047546,0
te_0047547,0
te_0047548,0
te_0047549,0
te_0047550,0
te_0047551,0
te_0047552,0
te_0047553,0
te_0047554,0
te_0047555,0
te_0047556,0
te_0047557,0
te_0047558,0
te_0047559,0
te_0047560,0
te_0047561,0
te_0047562,0
te_0047563,0
te_0047564,0
te_0047565,0
te_0047566,0
te_0047567,0
te_0047568,0
te_0047569,0
te_0047570,0
te_0047571,0
te_0047572,0
te_0047573,0
te_0047574,0
te_0047575,0
te_0047576,0
te_0047577,0
te_0047578,0
te_0047579,0
te_0047580,0
te_0047581,0
te_0047582,0
te_0047583,0
te_0047584,0
te_0047585,0
te_0047586,0
te_0047587,0
te_0047588,0
te_0047589,0
te_0047590,0
te_0047591,0
te_0047592,0
te_0047593,0
te_0047594,0
te_0047595,0
te_0047596,0
te_0047597,0
te_0047598,0
te_0047599,0
te_0047600,0
te_0047601,0
te_0047602,0
te_0047603,0
te_0047604,0
te_0047605,0
te_0047606,0
te_0047607,0
te_0047608,0
te_0047609,0
te_0047610,0
te_0047611,0
te_0047612,0
te_0047613,0
te_0047614,0
te_0047615,0
te_0047616,0
te_0047617,0
te_0047618,0
te_0047619,0
te_0047620,0
te_0047621,0
te_0047622,0
te_0047623,0
te_0047624,0
te_0047625,0
te_0047626,0
te_0047627,0
te_0047628,0
te_0047629,0
te_0047630,0
te_0047631,0
te_0047632,0
te_0047633,0
te_0047634,0
te_0047635,0
te_0047636,0
te_0047637,0
te_0047638,0
te_0047639,0
te_0047640,0
te_0047641,0
te_0047642,0
te_0047643,0
te_0047644,0
te_0047645,0
te_0047646,0
te_0047647,0
te_0047648,0
te_0047649,0
te_0047650,0
te_0047651,0
te_0047652,0
te_0047653,0
te_0047654,0
te_0047655,0
te_0047656,0
te_0047657,0
te_0047658,0
te_0047659,0
te_0047660,0
te_0047661,0
te_0047662,0
te_0047663,0
te_0047664,0
te_0047665,0
te_0047666,0
te_0047667,0
te_0047668,0
te_0047669,0
te_0047670,0
te_0047671,0
te_0047672,0
te_0047673,0
te_0047674,0
te_0047675,0
te_0047676,0
te_0047677,0
te_0047678,0
te_0047679,0
te_0047680,0
te_0047681,0
te_0047682,0
te_0047683,0
te_0047684,0
te_0047685,0
te_0047686,0
te_0047687,0
te_0047688,0
te_0047689,0
te_0047690,0
te_0047691,0
te_0047692,0
te_0047693,0
te_0047694,0
te_0047695,0
te_0047696,0
te_0047697,0
te_0047698,0
te_0047699,0
te_0047700,0
te_0047701,0
te_0047702,0
te_0047703,0
te_0047704,0
te_0047705,0
te_0047706,0
te_0047707,0
te_0047708,0
te_0047709,0
te_0047710,0
te_0047711,0
te_0047712,0
te_0047713,0
te_0047714,0
te_0047715,0
te_0047716,0
te_0047717,0
te_0047718,0
te_0047719,0
te_0047720,0
te_0047721,0
te_0047722,0
te_0047723,0
te_0047724,0
te_0047725,0
te_0047726,0
te_0047727,0
te_0047728,0
te_0047729,0
te_0047730,0
te_0047731,0
te_0047732,0
te_0047733,0
te_0047734,0
te_0047735,0
te_0047736,0
te_0047737,0
te_0047738,0
te_0047739,0
te_0047740,0
te_0047741,0
te_0047742,0
te_0047743,0
te_0047744,0
te_0047745,0
te_0047746,0
te_0047747,0
te_0047748,0
te_0047749,0
te_0047750,0
te_0047751,0
te_0047752,0
te_0047753,0
te_0047754,0
te_0047755,0
te_0047756,0
te_0047757,0
te_0047758,0
te_0047759,0
te_0047760,0
te_0047761,0
te_0047762,0
te_0047763,0
te_0047764,0
te_0047765,0
te_0047766,0
te_0047767,0
te_0047768,0
te_0047769,0
te_0047770,0
te_0047771,0
te_0047772,0
te_0047773,0
te_0047774,0
te_0047775,0
te_0047776,0
te_0047777,0
te_0047778,0
te_0047779,0
te_0047780,0
te_0047781,0
te_0047782,0
te_0047783,0
te_0047784,0
te_0047785,0
te_0047786,0
te_0047787,0
te_0047788,0
te_0047789,0
te_0047790,0
te_0047791,0
te_0047792,0
te_0047793,0
te_0047794,0
te_0047795,0
te_0047796,0
te_0047797,0
te_0047798,0
te_0047799,0
te_0047800,0
te_0047801,0
te_0047802,0
te_0047803,0
te_0047804,0
te_0047805,0
te_0047806,0
te_0047807,0
te_0047808,0
te_0047809,0
te_0047810,0
te_0047811,0
te_0047812,0
te_0047813,0
te_0047814,0
te_0047815,0
te_0047816,0
te_0047817,0
te_0047818,0
te_0047819,0
te_0047820,0
te_0047821,0
te_0047822,0
te_0047823,0
te_0047824,0
te_0047825,0
te_0047826,0
te_0047827,0
te_0047828,0
te_0047829,0
te_0047830,0
te_0047831,0
te_0047832,0
te_0047833,0
te_0047834,0
te_0047835,0
te_0047836,0
te_0047837,0
te_0047838,0
te_0047839,0
te_0047840,0
te_0047841,0
te_0047842,0
te_0047843,0
te_0047844,0
te_0047845,0
te_0047846,0
te_0047847,0
te_0047848,0
te_0047849,0
te_0047850,0
te_0047851,0
te_0047852,0
te_0047853,0
te_0047854,0
te_0047855,0
te_0047856,0
te_0047857,0
te_0047858,0
te_0047859,0
te_0047860,0
te_0047861,0
te_0047862,0
te_0047863,0
te_0047864,0
te_0047865,0
te_0047866,0
te_0047867,0
te_0047868,0
te_0047869,0
te_0047870,0
te_0047871,0
te_0047872,0
te_0047873,0
te_0047874,0
te_0047875,0
te_0047876,0
te_0047877,0
te_0047878,0
te_0047879,0
te_0047880,0
te_0047881,0
te_0047882,0
te_0047883,0
te_0047884,0
te_0047885,0
te_0047886,0
te_0047887,0
te_0047888,0
te_0047889,0
te_0047890,0
te_0047891,0
te_0047892,0
te_0047893,0
te_0047894,0
te_0047895,0
te_0047896,0
te_0047897,0
te_0047898,0
te_0047899,0
te_0047900,0
te_0047901,0
te_0047902,0
te_0047903,0
te_0047904,0
te_0047905,0
te_0047906,0
te_0047907,0
te_0047908,0
te_0047909,0
te_0047910,0
te_0047911,0
te_0047912,0
te_0047913,0
te_0047914,0
te_0047915,0
te_0047916,0
te_0047917,0
te_0047918,0
te_0047919,0
te_0047920,0
te_0047921,0
te_0047922,0
te_0047923,0
te_0047924,0
te_0047925,0
te_0047926,0
te_0047927,0
te_0047928,0
te_0047929,0
te_0047930,0
te_0047931,0
te_0047932,0
te_0047933,0
te_0047934,0
te_0047935,0
te_0047936,0
te_0047937,0
te_0047938,0
te_0047939,0
te_0047940,0
te_0047941,0
te_0047942,0
te_0047943,0
te_0047944,0
te_0047945,0
te_0047946,0
te_0047947,0
te_0047948,0
te_0047949,0
te_0047950,0
te_0047951,0
te_0047952,0
te_0047953,0
te_0047954,0
te_0047955,0
te_0047956,0
te_0047957,0
te_0047958,0
te_0047959,0
te_0047960,0
te_0047961,0
te_0047962,0
te_0047963,0
te_0047964,0
te_0047965,0
te_0047966,0
te_0047967,0
te_0047968,0
te_0047969,0
te_0047970,0
te_0047971,0
te_0047972,0
te_0047973,0
te_0047974,0
te_0047975,0
te_0047976,0
te_0047977,0
te_0047978,0
te_0047979,0
te_0047980,0
te_0047981,0
te_0047982,0
te_0047983,0
te_0047984,0
te_0047985,0
te_0047986,0
te_0047987,0
te_0047988,0
te_0047989,0
te_0047990,0
te_0047991,0
te_0047992,0
te_0047993,0
te_0047994,0
te_0047995,0
te_0047996,0
te_0047997,0
te_0047998,0
te_0047999,0
te_0048000,0
te_0048001,0
te_0048002,0
te_0048003,0
te_0048004,0
te_0048005,0
te_0048006,0
te_0048007,0
te_0048008,0
te_0048009,0
te_0048010,0
te_0048011,0
te_0048012,0
te_0048013,0
te_0048014,0
te_0048015,0
te_0048016,0
te_0048017,0
te_0048018,0
te_0048019,0
te_0048020,0
te_0048021,0
te_0048022,0
te_0048023,0
te_0048024,0
te_0048025,0
te_0048026,0
te_0048027,0
te_0048028,0
te_0048029,0
te_0048030,0
te_0048031,0
te_0048032,0
te_0048033,0
te_0048034,0
te_0048035,0
te_0048036,0
te_0048037,0
te_0048038,0
te_0048039,0
te_0048040,0
te_0048041,0
te_0048042,0
te_0048043,0
te_0048044,0
te_0048045,0
te_0048046,0
te_0048047,0
te_0048048,0
te_0048049,0
te_0048050,0
te_0048051,0
te_0048052,0
te_0048053,0
te_0048054,0
te_0048055,0
te_0048056,0
te_0048057,0
te_0048058,0
te_0048059,0
te_0048060,0
te_0048061,0
te_0048062,0
te_0048063,0
te_0048064,0
te_0048065,0
te_0048066,0
te_0048067,0
te_0048068,0
te_0048069,0
te_0048070,0
te_0048071,0
te_0048072,0
te_0048073,0
te_0048074,0
te_0048075,0
te_0048076,0
te_0048077,0
te_0048078,0
te_0048079,0
te_0048080,0
te_0048081,0
te_0048082,0
te_0048083,0
te_0048084,0
te_0048085,0
te_0048086,0
te_0048087,0
te_0048088,0
te_0048089,0
te_0048090,0
te_0048091,0
te_0048092,0
te_0048093,0
te_0048094,0
te_0048095,0
te_0048096,0
te_0048097,0
te_0048098,0
te_0048099,0
te_0048100,0
te_0048101,0
te_0048102,0
te_0048103,0
te_0048104,0
te_0048105,0
te_0048106,0
te_0048107,0
te_0048108,0
te_0048109,0
te_0048110,0
te_0048111,0
te_0048112,0
te_0048113,0
te_0048114,0
te_0048115,0
te_0048116,0
te_0048117,0
te_0048118,0
te_0048119,0
te_0048120,0
te_0048121,0
te_0048122,0
te_0048123,0
te_0048124,0
te_0048125,0
te_0048126,0
te_0048127,0
te_0048128,0
te_0048129,0
te_0048130,0
te_0048131,0
te_0048132,0
te_0048133,0
te_0048134,0
te_0048135,0
te_0048136,0
te_0048137,0
te_0048138,0
te_0048139,0
te_0048140,0
te_0048141,0
te_0048142,0
te_0048143,0
te_0048144,0
te_0048145,0
te_0048146,0
te_0048147,0
te_0048148,0
te_0048149,0
te_0048150,0
te_0048151,0
te_0048152,0
te_0048153,0
te_0048154,0
te_0048155,0
te_0048156,0
te_0048157,0
te_0048158,0
te_0048159,0
te_0048160,0
te_0048161,0
te_0048162,0
te_0048163,0
te_0048164,0
te_0048165,0
te_0048166,0
te_0048167,0
te_0048168,0
te_0048169,0
te_0048170,0
te_0048171,0
te_0048172,0
te_0048173,0
te_0048174,0
te_0048175,0
te_0048176,0
te_0048177,0
te_0048178,0
te_0048179,0
te_0048180,0
te_0048181,0
te_0048182,0
te_0048183,0
te_0048184,0
te_0048185,0
te_0048186,0
te_0048187,0
te_0048188,0
te_0048189,0
te_0048190,0
te_0048191,0
te_0048192,0
te_0048193,0
te_0048194,0
te_0048195,0
te_0048196,0
te_0048197,0
te_0048198,0
te_0048199,0
te_0048200,0
te_0048201,0
te_0048202,0
te_0048203,0
te_0048204,0
te_0048205,0
te_0048206,0
te_0048207,0
te_0048208,0
te_0048209,0
te_0048210,0
te_0048211,0
te_0048212,0
te_0048213,0
te_0048214,0
te_0048215,0
te_0048216,0
te_0048217,0
te_0048218,0
te_0048219,0
te_0048220,0
te_0048221,0
te_0048222,0
te_0048223,0
te_0048224,0
te_0048225,0
te_0048226,0
te_0048227,0
te_0048228,0
te_0048229,0
te_0048230,0
te_0048231,0
te_0048232,0
te_0048233,0
te_0048234,0
te_0048235,0
te_0048236,0
te_0048237,0
te_0048238,0
te_0048239,0
te_0048240,0
te_0048241,0
te_0048242,0
te_0048243,0
te_0048244,0
te_0048245,0
te_0048246,0
te_0048247,0
te_0048248,0
te_0048249,0
te_0048250,0
te_0048251,0
te_0048252,0
te_0048253,0
te_0048254,0
te_0048255,0
te_0048256,0
te_0048257,0
te_0048258,0
te_0048259,0
te_0048260,0
te_0048261,0
te_0048262,0
te_0048263,0
te_0048264,0
te_0048265,0
te_0048266,0
te_0048267,0
te_0048268,0
te_0048269,0
te_0048270,0
te_0048271,0
te_0048272,0
te_0048273,0
te_0048274,0
te_0048275,0
te_0048276,0
te_0048277,0
te_0048278,0
te_0048279,0
te_0048280,0
te_0048281,0
te_0048282,0
te_0048283,0
te_0048284,0
te_0048285,0
te_0048286,0
te_0048287,0
te_0048288,0
te_0048289,0
te_0048290,0
te_0048291,0
te_0048292,0
te_0048293,0
te_0048294,0
te_0048295,0
te_0048296,0
te_0048297,0
te_0048298,0
te_0048299,0
te_0048300,0
te_0048301,0
te_0048302,0
te_0048303,0
te_0048304,0
te_0048305,0
te_0048306,0
te_0048307,0
te_0048308,0
te_0048309,0
te_0048310,0
te_0048311,0
te_0048312,0
te_0048313,0
te_0048314,0
te_0048315,0
te_0048316,0
te_0048317,0
te_0048318,0
te_0048319,0
te_0048320,0
te_0048321,0
te_0048322,0
te_0048323,0
te_0048324,0
te_0048325,0
te_0048326,0
te_0048327,0
te_0048328,0
te_0048329,0
te_0048330,0
te_0048331,0
te_0048332,0
te_0048333,0
te_0048334,0
te_0048335,0
te_0048336,0
te_0048337,0
te_0048338,0
te_0048339,0
te_0048340,0
te_0048341,0
te_0048342,0
te_0048343,0
te_0048344,0
te_0048345,0
te_0048346,0
te_0048347,0
te_0048348,0
te_0048349,0
te_0048350,0
te_0048351,0
te_0048352,0
te_0048353,0
te_0048354,0
te_0048355,0
te_0048356,0
te_0048357,0
te_0048358,0
te_0048359,0
te_0048360,0
te_0048361,0
te_0048362,0
te_0048363,0
te_0048364,0
te_0048365,0
te_0048366,0
te_0048367,0
te_0048368,0
te_0048369,0
te_0048370,0
te_0048371,0
te_0048372,0
te_0048373,0
te_0048374,0
te_0048375,0
te_0048376,0
te_0048377,0
te_0048378,0
te_0048379,0
te_0048380,0
te_0048381,0
te_0048382,0
te_0048383,0
te_0048384,0
te_0048385,0
te_0048386,0
te_0048387,0
te_0048388,0
te_0048389,0
te_0048390,0
te_0048391,0
te_0048392,0
te_0048393,0
te_0048394,0
te_0048395,0
te_0048396,0
te_0048397,0
te_0048398,0
te_0048399,0
te_0048400,0
te_0048401,0
te_0048402,0
te_0048403,0
te_0048404,0
te_0048405,0
te_0048406,0
te_0048407,0
te_0048408,0
te_0048409,0
te_0048410,0
te_0048411,0
te_0048412,0
te_0048413,0
te_0048414,0
te_0048415,0
te_0048416,0
te_0048417,0
te_0048418,0
te_0048419,0
te_0048420,0
te_0048421,0
te_0048422,0
te_0048423,0
te_0048424,0
te_0048425,0
te_0048426,0
te_0048427,0
te_0048428,0
te_0048429,0
te_0048430,0
te_0048431,0
te_0048432,0
te_0048433,0
te_0048434,0
te_0048435,0
te_0048436,0
te_0048437,0
te_0048438,0
te_0048439,0
te_0048440,0
te_0048441,0
te_0048442,0
te_0048443,0
te_0048444,0
te_0048445,0
te_0048446,0
te_0048447,0
te_0048448,0
te_0048449,0
te_0048450,0
te_0048451,0
te_0048452,0
te_0048453,0
te_0048454,0
te_0048455,0
te_0048456,0
te_0048457,0
te_0048458,0
te_0048459,0
te_0048460,0
te_0048461,0
te_0048462,0
te_0048463,0
te_0048464,0
te_0048465,0
te_0048466,0
te_0048467,0
te_0048468,0
te_0048469,0
te_0048470,0
te_0048471,0
te_0048472,0
te_0048473,0
te_0048474,0
te_0048475,0
te_0048476,0
te_0048477,0
te_0048478,0
te_0048479,0
te_0048480,0
te_0048481,0
te_0048482,0
te_0048483,0
te_0048484,0
te_0048485,0
te_0048486,0
te_0048487,0
te_0048488,0
te_0048489,0
te_0048490,0
te_0048491,0
te_0048492,0
te_0048493,0
te_0048494,0
te_0048495,0
te_0048496,0
te_0048497,0
te_0048498,0
te_0048499,0
te_0048500,0
te_0048501,0
te_0048502,0
te_0048503,0
te_0048504,0
te_0048505,0
te_0048506,0
te_0048507,0
te_0048508,0
te_0048509,0
te_0048510,0
te_0048511,0
te_0048512,0
te_0048513,0
te_0048514,0
te_0048515,0
te_0048516,0
te_0048517,0
te_0048518,0
te_0048519,0
te_0048520,0
te_0048521,0
te_0048522,0
te_0048523,0
te_0048524,0
te_0048525,0
te_0048526,0
te_0048527,0
te_0048528,0
te_0048529,0
te_0048530,0
te_0048531,0
te_0048532,0
te_0048533,0
te_0048534,0
te_0048535,0
te_0048536,0
te_0048537,0
te_0048538,0
te_0048539,0
te_0048540,0
te_0048541,0
te_0048542,0
te_0048543,0
te_0048544,0
te_0048545,0
te_0048546,0
te_0048547,0
te_0048548,0
te_0048549,0
te_0048550,0
te_0048551,0
te_0048552,0
te_0048553,0
te_0048554,0
te_0048555,0
te_0048556,0
te_0048557,0
te_0048558,0
te_0048559,0
te_0048560,0
te_0048561,0
te_0048562,0
te_0048563,0
te_0048564,0
te_0048565,0
te_0048566,0
te_0048567,0
te_0048568,0
te_0048569,0
te_0048570,0
te_0048571,0
te_0048572,0
te_0048573,0
te_0048574,0
te_0048575,0
te_0048576,0
te_0048577,0
te_0048578,0
te_0048579,0
te_0048580,0
te_0048581,0
te_0048582,0
te_0048583,0
te_0048584,0
te_0048585,0
te_0048586,0
te_0048587,0
te_0048588,0
te_0048589,0
te_0048590,0
te_0048591,0
te_0048592,0
te_0048593,0
te_0048594,0
te_0048595,0
te_0048596,0
te_0048597,0
te_0048598,0
te_0048599,0
te_0048600,0
te_0048601,0
te_0048602,0
te_0048603,0
te_0048604,0
te_0048605,0
te_0048606,0
te_0048607,0
te_0048608,0
te_0048609,0
te_0048610,0
te_0048611,0
te_0048612,0
te_0048613,0
te_0048614,0
te_0048615,0
te_0048616,0
te_0048617,0
te_0048618,0
te_0048619,0
te_0048620,0
te_0048621,0
te_0048622,0
te_0048623,0
te_0048624,0
te_0048625,0
te_0048626,0
te_0048627,0
te_0048628,0
te_0048629,0
te_0048630,0
te_0048631,0
te_0048632,0
te_0048633,0
te_0048634,0
te_0048635,0
te_0048636,0
te_0048637,0
te_0048638,0
te_0048639,0
te_0048640,0
te_0048641,0
te_0048642,0
te_0048643,0
te_0048644,0
te_0048645,0
te_0048646,0
te_0048647,0
te_0048648,0
te_0048649,0
te_0048650,0
te_0048651,0
te_0048652,0
te_0048653,0
te_0048654,0
te_0048655,0
te_0048656,0
te_0048657,0
te_0048658,0
te_0048659,0
te_0048660,0
te_0048661,0
te_0048662,0
te_0048663,0
te_0048664,0
te_0048665,0
te_0048666,0
te_0048667,0
te_0048668,0
te_0048669,0
te_0048670,0
te_0048671,0
te_0048672,0
te_0048673,0
te_0048674,0
te_0048675,0
te_0048676,0
te_0048677,0
te_0048678,0
te_0048679,0
te_0048680,0
te_0048681,0
te_0048682,0
te_0048683,0
te_0048684,0
te_0048685,0
te_0048686,0
te_0048687,0
te_0048688,0
te_0048689,0
te_0048690,0
te_0048691,0
te_0048692,0
te_0048693,0
te_0048694,0
te_0048695,0
te_0048696,0
te_0048697,0
te_0048698,0
te_0048699,0
te_0048700,0
te_0048701,0
te_0048702,0
te_0048703,0
te_0048704,0
te_0048705,0
te_0048706,0
te_0048707,0
te_0048708,0
te_0048709,0
te_0048710,0
te_0048711,0
te_0048712,0
te_0048713,0
te_0048714,0
te_0048715,0
te_0048716,0
te_0048717,0
te_0048718,0
te_0048719,0
te_0048720,0
te_0048721,0
te_0048722,0
te_0048723,0
te_0048724,0
te_0048725,0
te_0048726,0
te_0048727,0
te_0048728,0
te_0048729,0
te_0048730,0
te_0048731,0
te_0048732,0
te_0048733,0
te_0048734,0
te_0048735,0
te_0048736,0
te_0048737,0
te_0048738,0
te_0048739,0
te_0048740,0
te_0048741,0
te_0048742,0
te_0048743,0
te_0048744,0
te_0048745,0
te_0048746,0
te_0048747,0
te_0048748,0
te_0048749,0
te_0048750,0
te_0048751,0
te_0048752,0
te_0048753,0
te_0048754,0
te_0048755,0
te_0048756,0
te_0048757,0
te_0048758,0
te_0048759,0
te_0048760,0
te_0048761,0
te_0048762,0
te_0048763,0
te_0048764,0
te_0048765,0
te_0048766,0
te_0048767,0
te_0048768,0
te_0048769,0
te_0048770,0
te_0048771,0
te_0048772,0
te_0048773,0
te_0048774,0
te_0048775,0
te_0048776,0
te_0048777,0
te_0048778,0
te_0048779,0
te_0048780,0
te_0048781,0
te_0048782,0
te_0048783,0
te_0048784,0
te_0048785,0
te_0048786,0
te_0048787,0
te_0048788,0
te_0048789,0
te_0048790,0
te_0048791,0
te_0048792,0
te_0048793,0
te_0048794,0
te_0048795,0
te_0048796,0
te_0048797,0
te_0048798,0
te_0048799,0
te_0048800,0
te_0048801,0
te_0048802,0
te_0048803,0
te_0048804,0
te_0048805,0
te_0048806,0
te_0048807,0
te_0048808,0
te_0048809,0
te_0048810,0
te_0048811,0
te_0048812,0
te_0048813,0
te_0048814,0
te_0048815,0
te_0048816,0
te_0048817,0
te_0048818,0
te_0048819,0
te_0048820,0
te_0048821,0
te_0048822,0
te_0048823,0
te_0048824,0
te_0048825,0
te_0048826,0
te_0048827,0
te_0048828,0
te_0048829,0
te_0048830,0
te_0048831,0
te_0048832,0
te_0048833,0
te_0048834,0
te_0048835,0
te_0048836,0
te_0048837,0
te_0048838,0
te_0048839,0
te_0048840,0
te_0048841,0
te_0048842,0
te_0048843,0
te_0048844,0
te_0048845,0
te_0048846,0
te_0048847,0
te_0048848,0
te_0048849,0
te_0048850,0
te_0048851,0
te_0048852,0
te_0048853,0
te_0048854,0
te_0048855,0
te_0048856,0
te_0048857,0
te_0048858,0
te_0048859,0
te_0048860,0
te_0048861,0
te_0048862,0
te_0048863,0
te_0048864,0
te_0048865,0
te_0048866,0
te_0048867,0
te_0048868,0
te_0048869,0
te_0048870,0
te_0048871,0
te_0048872,0
te_0048873,0
te_0048874,0
te_0048875,0
te_0048876,0
te_0048877,0
te_0048878,0
te_0048879,0
te_0048880,0
te_0048881,0
te_0048882,0
te_0048883,0
te_0048884,0
te_0048885,0
te_0048886,0
te_0048887,0
te_0048888,0
te_0048889,0
te_0048890,0
te_0048891,0
te_0048892,0
te_0048893,0
te_0048894,0
te_0048895,0
te_0048896,0
te_0048897,0
te_0048898,0
te_0048899,0
te_0048900,0
te_0048901,0
te_0048902,0
te_0048903,0
te_0048904,0
te_0048905,0
te_0048906,0
te_0048907,0
te_0048908,0
te_0048909,0
te_0048910,0
te_0048911,0
te_0048912,0
te_0048913,0
te_0048914,0
te_0048915,0
te_0048916,0
te_0048917,0
te_0048918,0
te_0048919,0
te_0048920,0
te_0048921,0
te_0048922,0
te_0048923,0
te_0048924,0
te_0048925,0
te_0048926,0
te_0048927,0
te_0048928,0
te_0048929,0
te_0048930,0
te_0048931,0
te_0048932,0
te_0048933,0
te_0048934,0
te_0048935,0
te_0048936,0
te_0048937,0
te_0048938,0
te_0048939,0
te_0048940,0
te_0048941,0
te_0048942,0
te_0048943,0
te_0048944,0
te_0048945,0
te_0048946,0
te_0048947,0
te_0048948,0
te_0048949,0
te_0048950,0
te_0048951,0
te_0048952,0
te_0048953,0
te_0048954,0
te_0048955,0
te_0048956,0
te_0048957,0
te_0048958,0
te_0048959,0
te_0048960,0
te_0048961,0
te_0048962,0
te_0048963,0
te_0048964,0
te_0048965,0
te_0048966,0
te_0048967,0
te_0048968,0
te_0048969,0
te_0048970,0
te_0048971,0
te_0048972,0
te_0048973,0
te_0048974,0
te_0048975,0
te_0048976,0
te_0048977,0
te_0048978,0
te_0048979,0
te_0048980,0
te_0048981,0
te_0048982,0
te_0048983,0
te_0048984,0
te_0048985,0
te_0048986,0
te_0048987,0
te_0048988,0
te_0048989,0
te_0048990,0
te_0048991,0
te_0048992,0
te_0048993,0
te_0048994,0
te_0048995,0
te_0048996,0
te_0048997,0
te_0048998,0
te_0048999,0
te_0049000,0
te_0049001,0
te_0049002,0
te_0049003,0
te_0049004,0
te_0049005,0
te_0049006,0
te_0049007,0
te_0049008,0
te_0049009,0
te_0049010,0
te_0049011,0
te_0049012,0
te_0049013,0
te_0049014,0
te_0049015,0
te_0049016,0
te_0049017,0
te_0049018,0
te_0049019,0
te_0049020,0
te_0049021,0
te_0049022,0
te_0049023,0
te_0049024,0
te_0049025,0
te_0049026,0
te_0049027,0
te_0049028,0
te_0049029,0
te_0049030,0
te_0049031,0
te_0049032,0
te_0049033,0
te_0049034,0
te_0049035,0
te_0049036,0
te_0049037,0
te_0049038,0
te_0049039,0
te_0049040,0
te_0049041,0
te_0049042,0
te_0049043,0
te_0049044,0
te_0049045,0
te_0049046,0
te_0049047,0
te_0049048,0
te_0049049,0
te_0049050,0
te_0049051,0
te_0049052,0
te_0049053,0
te_0049054,0
te_0049055,0
te_0049056,0
te_0049057,0
te_0049058,0
te_0049059,0
te_0049060,0
te_0049061,0
te_0049062,0
te_0049063,0
te_0049064,0
te_0049065,0
te_0049066,0
te_0049067,0
te_0049068,0
te_0049069,0
te_0049070,0
te_0049071,0
te_0049072,0
te_0049073,0
te_0049074,0
te_0049075,0
te_0049076,0
te_0049077,0
te_0049078,0
te_0049079,0
te_0049080,0
te_0049081,0
te_0049082,0
te_0049083,0
te_0049084,0
te_0049085,0
te_0049086,0
te_0049087,0
te_0049088,0
te_0049089,0
te_0049090,0
te_0049091,0
te_0049092,0
te_0049093,0
te_0049094,0
te_0049095,0
te_0049096,0
te_0049097,0
te_0049098,0
te_0049099,0
te_0049100,0
te_0049101,0
te_0049102,0
te_0049103,0
te_0049104,0
te_0049105,0
te_0049106,0
te_0049107,0
te_0049108,0
te_0049109,0
te_0049110,0
te_0049111,0
te_0049112,0
te_0049113,0
te_0049114,0
te_0049115,0
te_0049116,0
te_0049117,0
te_0049118,0
te_0049119,0
te_0049120,0
te_0049121,0
te_0049122,0
te_0049123,0
te_0049124,0
te_0049125,0
te_0049126,0
te_0049127,0
te_0049128,0
te_0049129,0
te_0049130,0
te_0049131,0
te_0049132,0
te_0049133,0
te_0049134,0
te_0049135,0
te_0049136,0
te_0049137,0
te_0049138,0
te_0049139,0
te_0049140,0
te_0049141,0
te_0049142,0
te_0049143,0
te_0049144,0
te_0049145,0
te_0049146,0
te_0049147,0
te_0049148,0
te_0049149,0
te_0049150,0
te_0049151,0
te_0049152,0
te_0049153,0
te_0049154,0
te_0049155,0
te_0049156,0
te_0049157,0
te_0049158,0
te_0049159,0
te_0049160,0
te_0049161,0
te_0049162,0
te_0049163,0
te_0049164,0
te_0049165,0
te_0049166,0
te_0049167,0
te_0049168,0
te_0049169,0
te_0049170,0
te_0049171,0
te_0049172,0
te_0049173,0
te_0049174,0
te_0049175,0
te_0049176,0
te_0049177,0
te_0049178,0
te_0049179,0
te_0049180,0
te_0049181,0
te_0049182,0
te_0049183,0
te_0049184,0
te_0049185,0
te_0049186,0
te_0049187,0
te_0049188,0
te_0049189,0
te_0049190,0
te_0049191,0
te_0049192,0
te_0049193,0
te_0049194,0
te_0049195,0
te_0049196,0
te_0049197,0
te_0049198,0
te_0049199,0
te_0049200,0
te_0049201,0
te_0049202,0
te_0049203,0
te_0049204,0
te_0049205,0
te_0049206,0
te_0049207,0
te_0049208,0
te_0049209,0
te_0049210,0
te_0049211,0
te_0049212,0
te_0049213,0
te_0049214,0
te_0049215,0
te_0049216,0
te_0049217,0
te_0049218,0
te_0049219,0
te_0049220,0
te_0049221,0
te_0049222,0
te_0049223,0
te_0049224,0
te_0049225,0
te_0049226,0
te_0049227,0
te_0049228,0
te_0049229,0
te_0049230,0
te_0049231,0
te_0049232,0
te_0049233,0
te_0049234,0
te_0049235,0
te_0049236,0
te_0049237,0
te_0049238,0
te_0049239,0
te_0049240,0
te_0049241,0
te_0049242,0
te_0049243,0
te_0049244,0
te_0049245,0
te_0049246,0
te_0049247,0
te_0049248,0
te_0049249,0
te_0049250,0
te_0049251,0
te_0049252,0
te_0049253,0
te_0049254,0
te_0049255,0
te_0049256,0
te_0049257,0
te_0049258,0
te_0049259,0
te_0049260,0
te_0049261,0
te_0049262,0
te_0049263,0
te_0049264,0
te_0049265,0
te_0049266,0
te_0049267,0
te_0049268,0
te_0049269,0
te_0049270,0
te_0049271,0
te_0049272,0
te_0049273,0
te_0049274,0
te_0049275,0
te_0049276,0
te_0049277,0
te_0049278,0
te_0049279,0
te_0049280,0
te_0049281,0
te_0049282,0
te_0049283,0
te_0049284,0
te_0049285,0
te_0049286,0
te_0049287,0
te_0049288,0
te_0049289,0
te_0049290,0
te_0049291,0
te_0049292,0
te_0049293,0
te_0049294,0
te_0049295,0
te_0049296,0
te_0049297,0
te_0049298,0
te_0049299,0
te_0049300,0
te_0049301,0
te_0049302,0
te_0049303,0
te_0049304,0
te_0049305,0
te_0049306,0
te_0049307,0
te_0049308,0
te_0049309,0
te_0049310,0
te_0049311,0
te_0049312,0
te_0049313,0
te_0049314,0
te_0049315,0
te_0049316,0
te_0049317,0
te_0049318,0
te_0049319,0
te_0049320,0
te_0049321,0
te_0049322,0
te_0049323,0
te_0049324,0
te_0049325,0
te_0049326,0
te_0049327,0
te_0049328,0
te_0049329,0
te_0049330,0
te_0049331,0
te_0049332,0
te_0049333,0
te_0049334,0
te_0049335,0
te_0049336,0
te_0049337,0
te_0049338,0
te_0049339,0
te_0049340,0
te_0049341,0
te_0049342,0
te_0049343,0
te_0049344,0
te_0049345,0
te_0049346,0
te_0049347,0
te_0049348,0
te_0049349,0
te_0049350,0
te_0049351,0
te_0049352,0
te_0049353,0
te_0049354,0
te_0049355,0
te_0049356,0
te_0049357,0
te_0049358,0
te_0049359,0
te_0049360,0
te_0049361,0
te_0049362,0
te_0049363,0
te_0049364,0
te_0049365,0
te_0049366,0
te_0049367,0
te_0049368,0
te_0049369,0
te_0049370,0
te_0049371,0
te_0049372,0
te_0049373,0
te_0049374,0
te_0049375,0
te_0049376,0
te_0049377,0
te_0049378,0
te_0049379,0
te_0049380,0
te_0049381,0
te_0049382,0
te_0049383,0
te_0049384,0
te_0049385,0
te_0049386,0
te_0049387,0
te_0049388,0
te_0049389,0
te_0049390,0
te_0049391,0
te_0049392,0
te_0049393,0
te_0049394,0
te_0049395,0
te_0049396,0
te_0049397,0
te_0049398,0
te_0049399,0
te_0049400,0
te_0049401,0
te_0049402,0
te_0049403,0
te_0049404,0
te_0049405,0
te_0049406,0
te_0049407,0
te_0049408,0
te_0049409,0
te_0049410,0
te_0049411,0
te_0049412,0
te_0049413,0
te_0049414,0
te_0049415,0
te_0049416,0
te_0049417,0
te_0049418,0
te_0049419,0
te_0049420,0
te_0049421,0
te_0049422,0
te_0049423,0
te_0049424,0
te_0049425,0
te_0049426,0
te_0049427,0
te_0049428,0
te_0049429,0
te_0049430,0
te_0049431,0
te_0049432,0
te_0049433,0
te_0049434,0
te_0049435,0
te_0049436,0
te_0049437,0
te_0049438,0
te_0049439,0
te_0049440,0
te_0049441,0
te_0049442,0
te_0049443,0
te_0049444,0
te_0049445,0
te_0049446,0
te_0049447,0
te_0049448,0
te_0049449,0
te_0049450,0
te_0049451,0
te_0049452,0
te_0049453,0
te_0049454,0
te_0049455,0
te_0049456,0
te_0049457,0
te_0049458,0
te_0049459,0
te_0049460,0
te_0049461,0
te_0049462,0
te_0049463,0
te_0049464,0
te_0049465,0
te_0049466,0
te_0049467,0
te_0049468,0
te_0049469,0
te_0049470,0
te_0049471,0
te_0049472,0
te_0049473,0
te_0049474,0
te_0049475,0
te_0049476,0
te_0049477,0
te_0049478,0
te_0049479,0
te_0049480,0
te_0049481,0
te_0049482,0
te_0049483,0
te_0049484,0
te_0049485,0
te_0049486,0
te_0049487,0
te_0049488,0
te_0049489,0
te_0049490,0
te_0049491,0
te_0049492,0
te_0049493,0
te_0049494,0
te_0049495,0
te_0049496,0
te_0049497,0
te_0049498,0
te_0049499,0
te_0049500,0
te_0049501,0
te_0049502,0
te_0049503,0
te_0049504,0
te_0049505,0
te_0049506,0
te_0049507,0
te_0049508,0
te_0049509,0
te_0049510,0
te_0049511,0
te_0049512,0
te_0049513,0
te_0049514,0
te_0049515,0
te_0049516,0
te_0049517,0
te_0049518,0
te_0049519,0
te_0049520,0
te_0049521,0
te_0049522,0
te_0049523,0
te_0049524,0
te_0049525,0
te_0049526,0
te_0049527,0
te_0049528,0
te_0049529,0
te_0049530,0
te_0049531,0
te_0049532,0
te_0049533,0
te_0049534,0
te_0049535,0
te_0049536,0
te_0049537,0
te_0049538,0
te_0049539,0
te_0049540,0
te_0049541,0
te_0049542,0
te_0049543,0
te_0049544,0
te_0049545,0
te_0049546,0
te_0049547,0
te_0049548,0
te_0049549,0
te_0049550,0
te_0049551,0
te_0049552,0
te_0049553,0
te_0049554,0
te_0049555,0
te_0049556,0
te_0049557,0
te_0049558,0
te_0049559,0
te_0049560,0
te_0049561,0
te_0049562,0
te_0049563,0
te_0049564,0
te_0049565,0
te_0049566,0
te_0049567,0
te_0049568,0
te_0049569,0
te_0049570,0
te_0049571,0
te_0049572,0
te_0049573,0
te_0049574,0
te_0049575,0
te_0049576,0
te_0049577,0
te_0049578,0
te_0049579,0
te_0049580,0
te_0049581,0
te_0049582,0
te_0049583,0
te_0049584,0
te_0049585,0
te_0049586,0
te_0049587,0
te_0049588,0
te_0049589,0
te_0049590,0
te_0049591,0
te_0049592,0
te_0049593,0
te_0049594,0
te_0049595,0
te_0049596,0
te_0049597,0
te_0049598,0
te_0049599,0
te_0049600,0
te_0049601,0
te_0049602,0
te_0049603,0
te_0049604,0
te_0049605,0
te_0049606,0
te_0049607,0
te_0049608,0
te_0049609,0
te_0049610,0
te_0049611,0
te_0049612,0
te_0049613,0
te_0049614,0
te_0049615,0
te_0049616,0
te_0049617,0
te_0049618,0
te_0049619,0
te_0049620,0
te_0049621,0
te_0049622,0
te_0049623,0
te_0049624,0
te_0049625,0
te_0049626,0
te_0049627,0
te_0049628,0
te_0049629,0
te_0049630,0
te_0049631,0
te_0049632,0
te_0049633,0
te_0049634,0
te_0049635,0
te_0049636,0
te_0049637,0
te_0049638,0
te_0049639,0
te_0049640,0
te_0049641,0
te_0049642,0
te_0049643,0
te_0049644,0
te_0049645,0
te_0049646,0
te_0049647,0
te_0049648,0
te_0049649,0
te_0049650,0
te_0049651,0
te_0049652,0
te_0049653,0
te_0049654,0
te_0049655,0
te_0049656,0
te_0049657,0
te_0049658,0
te_0049659,0
te_0049660,0
te_0049661,0
te_0049662,0
te_0049663,0
te_0049664,0
te_0049665,0
te_0049666,0
te_0049667,0
te_0049668,0
te_0049669,0
te_0049670,0
te_0049671,0
te_0049672,0
te_0049673,0
te_0049674,0
te_0049675,0
te_0049676,0
te_0049677,0
te_0049678,0
te_0049679,0
te_0049680,0
te_0049681,0
te_0049682,0
te_0049683,0
te_0049684,0
te_0049685,0
te_0049686,0
te_0049687,0
te_0049688,0
te_0049689,0
te_0049690,0
te_0049691,0
te_0049692,0
te_0049693,0
te_0049694,0
te_0049695,0
te_0049696,0
te_0049697,0
te_0049698,0
te_0049699,0
te_0049700,0
te_0049701,0
te_0049702,0
te_0049703,0
te_0049704,0
te_0049705,0
te_0049706,0
te_0049707,0
te_0049708,0
te_0049709,0
te_0049710,0
te_0049711,0
te_0049712,0
te_0049713,0
te_0049714,0
te_0049715,0
te_0049716,0
te_0049717,0
te_0049718,0
te_0049719,0
te_0049720,0
te_0049721,0
te_0049722,0
te_0049723,0
te_0049724,0
te_0049725,0
te_0049726,0
te_0049727,0
te_0049728,0
te_0049729,0
te_0049730,0
te_0049731,0
te_0049732,0
te_0049733,0
te_0049734,0
te_0049735,0
te_0049736,0
te_0049737,0
te_0049738,0
te_0049739,0
te_0049740,0
te_0049741,0
te_0049742,0
te_0049743,0
te_0049744,0
te_0049745,0
te_0049746,0
te_0049747,0
te_0049748,0
te_0049749,0
te_0049750,0
te_0049751,0
te_0049752,0
te_0049753,0
te_0049754,0
te_0049755,0
te_0049756,0
te_0049757,0
te_0049758,0
te_0049759,0
te_0049760,0
te_0049761,0
te_0049762,0
te_0049763,0
te_0049764,0
te_0049765,0
te_0049766,0
te_0049767,0
te_0049768,0
te_0049769,0
te_0049770,0
te_0049771,0
te_0049772,0
te_0049773,0
te_0049774,0
te_0049775,0
te_0049776,0
te_0049777,0
te_0049778,0
te_0049779,0
te_0049780,0
te_0049781,0
te_0049782,0
te_0049783,0
te_0049784,0
te_0049785,0
te_0049786,0
te_0049787,0
te_0049788,0
te_0049789,0
te_0049790,0
te_0049791,0
te_0049792,0
te_0049793,0
te_0049794,0
te_0049795,0
te_0049796,0
te_0049797,0
te_0049798,0
te_0049799,0
te_0049800,0
te_0049801,0
te_0049802,0
te_0049803,0
te_0049804,0
te_0049805,0
te_0049806,0
te_0049807,0
te_0049808,0
te_0049809,0
te_0049810,0
te_0049811,0
te_0049812,0
te_0049813,0
te_0049814,0
te_0049815,0
te_0049816,0
te_0049817,0
te_0049818,0
te_0049819,0
te_0049820,0
te_0049821,0
te_0049822,0
te_0049823,0
te_0049824,0
te_0049825,0
te_0049826,0
te_0049827,0
te_0049828,0
te_0049829,0
te_0049830,0
te_0049831,0
te_0049832,0
te_0049833,0
te_0049834,0
te_0049835,0
te_0049836,0
te_0049837,0
te_0049838,0
te_0049839,0
te_0049840,0
te_0049841,0
te_0049842,0
te_0049843,0
te_0049844,0
te_0049845,0
te_0049846,0
te_0049847,0
te_0049848,0
te_0049849,0
te_0049850,0
te_0049851,0
te_0049852,0
te_0049853,0
te_0049854,0
te_0049855,0
te_0049856,0
te_0049857,0
te_0049858,0
te_0049859,0
te_0049860,0
te_0049861,0
te_0049862,0
te_0049863,0
te_0049864,0
te_0049865,0
te_0049866,0
te_0049867,0
te_0049868,0
te_0049869,0
te_0049870,0
te_0049871,0
te_0049872,0
te_0049873,0
te_0049874,0
te_0049875,0
te_0049876,0
te_0049877,0
te_0049878,0
te_0049879,0
te_0049880,0
te_0049881,0
te_0049882,0
te_0049883,0
te_0049884,0
te_0049885,0
te_0049886,0
te_0049887,0
te_0049888,0
te_0049889,0
te_0049890,0
te_0049891,0
te_0049892,0
te_0049893,0
te_0049894,0
te_0049895,0
te_0049896,0
te_0049897,0
te_0049898,0
te_0049899,0
te_0049900,0
te_0049901,0
te_0049902,0
te_0049903,0
te_0049904,0
te_0049905,0
te_0049906,0
te_0049907,0
te_0049908,0
te_0049909,0
te_0049910,0
te_0049911,0
te_0049912,0
te_0049913,0
te_0049914,0
te_0049915,0
te_0049916,0
te_0049917,0
te_0049918,0
te_0049919,0
te_0049920,0
te_0049921,0
te_0049922,0
te_0049923,0
te_0049924,0
te_0049925,0
te_0049926,0
te_0049927,0
te_0049928,0
te_0049929,0
te_0049930,0
te_0049931,0
te_0049932,0
te_0049933,0
te_0049934,0
te_0049935,0
te_0049936,0
te_0049937,0
te_0049938,0
te_0049939,0
te_0049940,0
te_0049941,0
te_0049942,0
te_0049943,0
te_0049944,0
te_0049945,0
te_0049946,0
te_0049947,0
te_0049948,0
te_0049949,0
te_0049950,0
te_0049951,0
te_0049952,0
te_0049953,0
te_0049954,0
te_0049955,0
te_0049956,0
te_0049957,0
te_0049958,0
te_0049959,0
te_0049960,0
te_0049961,0
te_0049962,0
te_0049963,0
te_0049964,0
te_0049965,0
te_0049966,0
te_0049967,0
te_0049968,0
te_0049969,0
te_0049970,0
te_0049971,0
te_0049972,0
te_0049973,0
te_0049974,0
te_0049975,0
te_0049976,0
te_0049977,0
te_0049978,0
te_0049979,0
te_0049980,0
te_0049981,0
te_0049982,0
te_0049983,0
te_0049984,0
te_0049985,0
te_0049986,0
te_0049987,0
te_0049988,0
te_0049989,0
te_0049990,0
te_0049991,0
te_0049992,0
te_0049993,0
te_0049994,0
te_0049995,0
te_0049996,0
te_0049997,0
te_0049998,0
te_0049999,0
te_0050000,0
te_0050001,0
te_0050002,0
te_0050003,0
te_0050004,0
te_0050005,0
te_0050006,0
te_0050007,0
te_0050008,0
te_0050009,0
te_0050010,0
te_0050011,0
te_0050012,0
te_0050013,0
te_0050014,0
te_0050015,0
te_0050016,0
te_0050017,0
te_0050018,0
te_0050019,0
te_0050020,0
te_0050021,0
te_0050022,0
te_0050023,0
te_0050024,0
te_0050025,0
te_0050026,0
te_0050027,0
te_0050028,0
te_0050029,0
te_0050030,0
te_0050031,0
te_0050032,0
te_0050033,0
te_0050034,0
te_0050035,0
te_0050036,0
te_0050037,0
te_0050038,0
te_0050039,0
te_0050040,0
te_0050041,0
te_0050042,0
te_0050043,0
te_0050044,0
te_0050045,0
te_0050046,0
te_0050047,0
te_0050048,0
te_0050049,0
te_0050050,0
te_0050051,0
te_0050052,0
te_0050053,0
te_0050054,0
te_0050055,0
te_0050056,0
te_0050057,0
te_0050058,0
te_0050059,0
te_0050060,0
te_0050061,0
te_0050062,0
te_0050063,0
te_0050064,0
te_0050065,0
te_0050066,0
te_0050067,0
te_0050068,0
te_0050069,0
te_0050070,0
te_0050071,0
te_0050072,0
te_0050073,0
te_0050074,0
te_0050075,0
te_0050076,0
te_0050077,0
te_0050078,0
te_0050079,0
te_0050080,0
te_0050081,0
te_0050082,0
te_0050083,0
te_0050084,0
te_0050085,0
te_0050086,0
te_0050087,0
te_0050088,0
te_0050089,0
te_0050090,0
te_0050091,0
te_0050092,0
te_0050093,0
te_0050094,0
te_0050095,0
te_0050096,0
te_0050097,0
te_0050098,0
te_0050099,0
te_0050100,0
te_0050101,0
te_0050102,0
te_0050103,0
te_0050104,0
te_0050105,0
te_0050106,0
te_0050107,0
te_0050108,0
te_0050109,0
te_0050110,0
te_0050111,0
te_0050112,0
te_0050113,0
te_0050114,0
te_0050115,0
te_0050116,0
te_0050117,0
te_0050118,0
te_0050119,0
te_0050120,0
te_0050121,0
te_0050122,0
te_0050123,0
te_0050124,0
te_0050125,0
te_0050126,0
te_0050127,0
te_0050128,0
te_0050129,0
te_0050130,0
te_0050131,0
te_0050132,0
te_0050133,0
te_0050134,0
te_0050135,0
te_0050136,0
te_0050137,0
te_0050138,0
te_0050139,0
te_0050140,0
te_0050141,0
te_0050142,0
te_0050143,0
te_0050144,0
te_0050145,0
te_0050146,0
te_0050147,0
te_0050148,0
te_0050149,0
te_0050150,0
te_0050151,0
te_0050152,0
te_0050153,0
te_0050154,0
te_0050155,0
te_0050156,0
te_0050157,0
te_0050158,0
te_0050159,0
te_0050160,0
te_0050161,0
te_0050162,0
te_0050163,0
te_0050164,0
te_0050165,0
te_0050166,0
te_0050167,0
te_0050168,0
te_0050169,0
te_0050170,0
te_0050171,0
te_0050172,0
te_0050173,0
te_0050174,0
te_0050175,0
te_0050176,0
te_0050177,0
te_0050178,0
te_0050179,0
te_0050180,0
te_0050181,0
te_0050182,0
te_0050183,0
te_0050184,0
te_0050185,0
te_0050186,0
te_0050187,0
te_0050188,0
te_0050189,0
te_0050190,0
te_0050191,0
te_0050192,0
te_0050193,0
te_0050194,0
te_0050195,0
te_0050196,0
te_0050197,0
te_0050198,0
te_0050199,0
te_0050200,0
te_0050201,0
te_0050202,0
te_0050203,0
te_0050204,0
te_0050205,0
te_0050206,0
te_0050207,0
te_0050208,0
te_0050209,0
te_0050210,0
te_0050211,0
te_0050212,0
te_0050213,0
te_0050214,0
te_0050215,0
te_0050216,0
te_0050217,0
te_0050218,0
te_0050219,0
te_0050220,0
te_0050221,0
te_0050222,0
te_0050223,0
te_0050224,0
te_0050225,0
te_0050226,0
te_0050227,0
te_0050228,0
te_0050229,0
te_0050230,0
te_0050231,0
te_0050232,0
te_0050233,0
te_0050234,0
te_0050235,0
te_0050236,0
te_0050237,0
te_0050238,0
te_0050239,0
te_0050240,0
te_0050241,0
te_0050242,0
te_0050243,0
te_0050244,0
te_0050245,0
te_0050246,0
te_0050247,0
te_0050248,0
te_0050249,0
te_0050250,0
te_0050251,0
te_0050252,0
te_0050253,0
te_0050254,0
te_0050255,0
te_0050256,0
te_0050257,0
te_0050258,0
te_0050259,0
te_0050260,0
te_0050261,0
te_0050262,0
te_0050263,0
te_0050264,0
te_0050265,0
te_0050266,0
te_0050267,0
te_0050268,0
te_0050269,0
te_0050270,0
te_0050271,0
te_0050272,0
te_0050273,0
te_0050274,0
te_0050275,0
te_0050276,0
te_0050277,0
te_0050278,0
te_0050279,0
te_0050280,0
te_0050281,0
te_0050282,0
te_0050283,0
te_0050284,0
te_0050285,0
te_0050286,0
te_0050287,0
te_0050288,0
te_0050289,0
te_0050290,0
te_0050291,0
te_0050292,0
te_0050293,0
te_0050294,0
te_0050295,0
te_0050296,0
te_0050297,0
te_0050298,0
te_0050299,0
te_0050300,0
te_0050301,0
te_0050302,0
te_0050303,0
te_0050304,0
te_0050305,0
te_0050306,0
te_0050307,0
te_0050308,0
te_0050309,0
te_0050310,0
te_0050311,0
te_0050312,0
te_0050313,0
te_0050314,0
te_0050315,0
te_0050316,0
te_0050317,0
te_0050318,0
te_0050319,0
te_0050320,0
te_0050321,0
te_0050322,0
te_0050323,0
te_0050324,0
te_0050325,0
te_0050326,0
te_0050327,0
te_0050328,0
te_0050329,0
te_0050330,0
te_0050331,0
te_0050332,0
te_0050333,0
te_0050334,0
te_0050335,0
te_0050336,0
te_0050337,0
te_0050338,0
te_0050339,0
te_0050340,0
te_0050341,0
te_0050342,0
te_0050343,0
te_0050344,0
te_0050345,0
te_0050346,0
te_0050347,0
te_0050348,0
te_0050349,0
te_0050350,0
te_0050351,0
te_0050352,0
te_0050353,0
te_0050354,0
te_0050355,0
te_0050356,0
te_0050357,0
te_0050358,0
te_0050359,0
te_0050360,0
te_0050361,0
te_0050362,0
te_0050363,0
te_0050364,0
te_0050365,0
te_0050366,0
te_0050367,0
te_0050368,0
te_0050369,0
te_0050370,0
te_0050371,0
te_0050372,0
te_0050373,0
te_0050374,0
te_0050375,0
te_0050376,0
te_0050377,0
te_0050378,0
te_0050379,0
te_0050380,0
te_0050381,0
te_0050382,0
te_0050383,0
te_0050384,0
te_0050385,0
te_0050386,0
te_0050387,0
te_0050388,0
te_0050389,0
te_0050390,0
te_0050391,0
te_0050392,0
te_0050393,0
te_0050394,0
te_0050395,0
te_0050396,0
te_0050397,0
te_0050398,0
te_0050399,0
te_0050400,0
te_0050401,0
te_0050402,0
te_0050403,0
te_0050404,0
te_0050405,0
te_0050406,0
te_0050407,0
te_0050408,0
te_0050409,0
te_0050410,0
te_0050411,0
te_0050412,0
te_0050413,0
te_0050414,0
te_0050415,0
te_0050416,0
te_0050417,0
te_0050418,0
te_0050419,0
te_0050420,0
te_0050421,0
te_0050422,0
te_0050423,0
te_0050424,0
te_0050425,0
te_0050426,0
te_0050427,0
te_0050428,0
te_0050429,0
te_0050430,0
te_0050431,0
te_0050432,0
te_0050433,0
te_0050434,0
te_0050435,0
te_0050436,0
te_0050437,0
te_0050438,0
te_0050439,0
te_0050440,0
te_0050441,0
te_0050442,0
te_0050443,0
te_0050444,0
te_0050445,0
te_0050446,0
te_0050447,0
te_0050448,0
te_0050449,0
te_0050450,0
te_0050451,0
te_0050452,0
te_0050453,0
te_0050454,0
te_0050455,0
te_0050456,0
te_0050457,0
te_0050458,0
te_0050459,0
te_0050460,0
te_0050461,0
te_0050462,0
te_0050463,0
te_0050464,0
te_0050465,0
te_0050466,0
te_0050467,0
te_0050468,0
te_0050469,0
te_0050470,0
te_0050471,0
te_0050472,0
te_0050473,0
te_0050474,0
te_0050475,0
te_0050476,0
te_0050477,0
te_0050478,0
te_0050479,0
te_0050480,0
te_0050481,0
te_0050482,0
te_0050483,0
te_0050484,0
te_0050485,0
te_0050486,0
te_0050487,0
te_0050488,0
te_0050489,0
te_0050490,0
te_0050491,0
te_0050492,0
te_0050493,0
te_0050494,0
te_0050495,0
te_0050496,0
te_0050497,0
te_0050498,0
te_0050499,0
te_0050500,0
te_0050501,0
te_0050502,0
te_0050503,0
te_0050504,0
te_0050505,0
te_0050506,0
te_0050507,0
te_0050508,0
te_0050509,0
te_0050510,0
te_0050511,0
te_0050512,0
te_0050513,0
te_0050514,0
te_0050515,0
te_0050516,0
te_0050517,0
te_0050518,0
te_0050519,0
te_0050520,0
te_0050521,0
te_0050522,0
te_0050523,0
te_0050524,0
te_0050525,0
te_0050526,0
te_0050527,0
te_0050528,0
te_0050529,0
te_0050530,0
te_0050531,0
te_0050532,0
te_0050533,0
te_0050534,0
te_0050535,0
te_0050536,0
te_0050537,0
te_0050538,0
te_0050539,0
te_0050540,0
te_0050541,0
te_0050542,0
te_0050543,0
te_0050544,0
te_0050545,0
te_0050546,0
te_0050547,0
te_0050548,0
te_0050549,0
te_0050550,0
te_0050551,0
te_0050552,0
te_0050553,0
te_0050554,0
te_0050555,0
te_0050556,0
te_0050557,0
te_0050558,0
te_0050559,0
te_0050560,0
te_0050561,0
te_0050562,0
te_0050563,0
te_0050564,0
te_0050565,0
te_0050566,0
te_0050567,0
te_0050568,0
te_0050569,0
te_0050570,0
te_0050571,0
te_0050572,0
te_0050573,0
te_0050574,0
te_0050575,0
te_0050576,0
te_0050577,0
te_0050578,0
te_0050579,0
te_0050580,0
te_0050581,0
te_0050582,0
te_0050583,0
te_0050584,0
te_0050585,0
te_0050586,0
te_0050587,0
te_0050588,0
te_0050589,0
te_0050590,0
te_0050591,0
te_0050592,0
te_0050593,0
te_0050594,0
te_0050595,0
te_0050596,0
te_0050597,0
te_0050598,0
te_0050599,0
te_0050600,0
te_0050601,0
te_0050602,0
te_0050603,0
te_0050604,0
te_0050605,0
te_0050606,0
te_0050607,0
te_0050608,0
te_0050609,0
te_0050610,0
te_0050611,0
te_0050612,0
te_0050613,0
te_0050614,0
te_0050615,0
te_0050616,0
te_0050617,0
te_0050618,0
te_0050619,0
te_0050620,0
te_0050621,0
te_0050622,0
te_0050623,0
te_0050624,0
te_0050625,0
te_0050626,0
te_0050627,0
te_0050628,0
te_0050629,0
te_0050630,0
te_0050631,0
te_0050632,0
te_0050633,0
te_0050634,0
te_0050635,0
te_0050636,0
te_0050637,0
te_0050638,0
te_0050639,0
te_0050640,0
te_0050641,0
te_0050642,0
te_0050643,0
te_0050644,0
te_0050645,0
te_0050646,0
te_0050647,0
te_0050648,0
te_0050649,0
te_0050650,0
te_0050651,0
te_0050652,0
te_0050653,0
te_0050654,0
te_0050655,0
te_0050656,0
te_0050657,0
te_0050658,0
te_0050659,0
te_0050660,0
te_0050661,0
te_0050662,0
te_0050663,0
te_0050664,0
te_0050665,0
te_0050666,0
te_0050667,0
te_0050668,0
te_0050669,0
te_0050670,0
te_0050671,0
te_0050672,0
te_0050673,0
te_0050674,0
te_0050675,0
te_0050676,0
te_0050677,0
te_0050678,0
te_0050679,0
te_0050680,0
te_0050681,0
te_0050682,0
te_0050683,0
te_0050684,0
te_0050685,0
te_0050686,0
te_0050687,0
te_0050688,0
te_0050689,0
te_0050690,0
te_0050691,0
te_0050692,0
te_0050693,0
te_0050694,0
te_0050695,0
te_0050696,0
te_0050697,0
te_0050698,0
te_0050699,0
te_0050700,0
te_0050701,0
te_0050702,0
te_0050703,0
te_0050704,0
te_0050705,0
te_0050706,0
te_0050707,0
te_0050708,0
te_0050709,0
te_0050710,0
te_0050711,0
te_0050712,0
te_0050713,0
te_0050714,0
te_0050715,0
te_0050716,0
te_0050717,0
te_0050718,0
te_0050719,0
te_0050720,0
te_0050721,0
te_0050722,0
te_0050723,0
te_0050724,0
te_0050725,0
te_0050726,0
te_0050727,0
te_0050728,0
te_0050729,0
te_0050730,0
te_0050731,0
te_0050732,0
te_0050733,0
te_0050734,0
te_0050735,0
te_0050736,0
te_0050737,0
te_0050738,0
te_0050739,0
te_0050740,0
te_0050741,0
te_0050742,0
te_0050743,0
te_0050744,0
te_0050745,0
te_0050746,0
te_0050747,0
te_0050748,0
te_0050749,0
te_0050750,0
te_0050751,0
te_0050752,0
te_0050753,0
te_0050754,0
te_0050755,0
te_0050756,0
te_0050757,0
te_0050758,0
te_0050759,0
te_0050760,0
te_0050761,0
te_0050762,0
te_0050763,0
te_0050764,0
te_0050765,0
te_0050766,0
te_0050767,0
te_0050768,0
te_0050769,0
te_0050770,0
te_0050771,0
te_0050772,0
te_0050773,0
te_0050774,0
te_0050775,0
te_0050776,0
te_0050777,0
te_0050778,0
te_0050779,0
te_0050780,0
te_0050781,0
te_0050782,0
te_0050783,0
te_0050784,0
te_0050785,0
te_0050786,0
te_0050787,0
te_0050788,0
te_0050789,0
te_0050790,0
te_0050791,0
te_0050792,0
te_0050793,0
te_0050794,0
te_0050795,0
te_0050796,0
te_0050797,0
te_0050798,0
te_0050799,0
te_0050800,0
te_0050801,0
te_0050802,0
te_0050803,0
te_0050804,0
te_0050805,0
te_0050806,0
te_0050807,0
te_0050808,0
te_0050809,0
te_0050810,0
te_0050811,0
te_0050812,0
te_0050813,0
te_0050814,0
te_0050815,0
te_0050816,0
te_0050817,0
te_0050818,0
te_0050819,0
te_0050820,0
te_0050821,0
te_0050822,0
te_0050823,0
te_0050824,0
te_0050825,0
te_0050826,0
te_0050827,0
te_0050828,0
te_0050829,0
te_0050830,0
te_0050831,0
te_0050832,0
te_0050833,0
te_0050834,0
te_0050835,0
te_0050836,0
te_0050837,0
te_0050838,0
te_0050839,0
te_0050840,0
te_0050841,0
te_0050842,0
te_0050843,0
te_0050844,0
te_0050845,0
te_0050846,0
te_0050847,0
te_0050848,0
te_0050849,0
te_0050850,0
te_0050851,0
te_0050852,0
te_0050853,0
te_0050854,0
te_0050855,0
te_0050856,0
te_0050857,0
te_0050858,0
te_0050859,0
te_0050860,0
te_0050861,0
te_0050862,0
te_0050863,0
te_0050864,0
te_0050865,0
te_0050866,0
te_0050867,0
te_0050868,0
te_0050869,0
te_0050870,0
te_0050871,0
te_0050872,0
te_0050873,0
te_0050874,0
te_0050875,0
te_0050876,0
te_0050877,0
te_0050878,0
te_0050879,0
te_0050880,0
te_0050881,0
te_0050882,0
te_0050883,0
te_0050884,0
te_0050885,0
te_0050886,0
te_0050887,0
te_0050888,0
te_0050889,0
te_0050890,0
te_0050891,0
te_0050892,0
te_0050893,0
te_0050894,0
te_0050895,0
te_0050896,0
te_0050897,0
te_0050898,0
te_0050899,0
te_0050900,0
te_0050901,0
te_0050902,0
te_0050903,0
te_0050904,0
te_0050905,0
te_0050906,0
te_0050907,0
te_0050908,0
te_0050909,0
te_0050910,0
te_0050911,0
te_0050912,0
te_0050913,0
te_0050914,0
te_0050915,0
te_0050916,0
te_0050917,0
te_0050918,0
te_0050919,0
te_0050920,0
te_0050921,0
te_0050922,0
te_0050923,0
te_0050924,0
te_0050925,0
te_0050926,0
te_0050927,0
te_0050928,0
te_0050929,0
te_0050930,0
te_0050931,0
te_0050932,0
te_0050933,0
te_0050934,0
te_0050935,0
te_0050936,0
te_0050937,0
te_0050938,0
te_0050939,0
te_0050940,0
te_0050941,0
te_0050942,0
te_0050943,0
te_0050944,0
te_0050945,0
te_0050946,0
te_0050947,0
te_0050948,0
te_0050949,0
te_0050950,0
te_0050951,0
te_0050952,0
te_0050953,0
te_0050954,0
te_0050955,0
te_0050956,0
te_0050957,0
te_0050958,0
te_0050959,0
te_0050960,0
te_0050961,0
te_0050962,0
te_0050963,0
te_0050964,0
te_0050965,0
te_0050966,0
te_0050967,0
te_0050968,0
te_0050969,0
te_0050970,0
te_0050971,0
te_0050972,0
te_0050973,0
te_0050974,0
te_0050975,0
te_0050976,0
te_0050977,0
te_0050978,0
te_0050979,0
te_0050980,0
te_0050981,0
te_0050982,0
te_0050983,0
te_0050984,0
te_0050985,0
te_0050986,0
te_0050987,0
te_0050988,0
te_0050989,0
te_0050990,0
te_0050991,0
te_0050992,0
te_0050993,0
te_0050994,0
te_0050995,0
te_0050996,0
te_0050997,0
te_0050998,0
te_0050999,0
te_0051000,0
te_0051001,0
te_0051002,0
te_0051003,0
te_0051004,0
te_0051005,0
te_0051006,0
te_0051007,0
te_0051008,0
te_0051009,0
te_0051010,0
te_0051011,0
te_0051012,0
te_0051013,0
te_0051014,0
te_0051015,0
te_0051016,0
te_0051017,0
te_0051018,0
te_0051019,0
te_0051020,0
te_0051021,0
te_0051022,0
te_0051023,0
te_0051024,0
te_0051025,0
te_0051026,0
te_0051027,0
te_0051028,0
te_0051029,0
te_0051030,0
te_0051031,0
te_0051032,0
te_0051033,0
te_0051034,0
te_0051035,0
te_0051036,0
te_0051037,0
te_0051038,0
te_0051039,0
te_0051040,0
te_0051041,0
te_0051042,0
te_0051043,0
te_0051044,0
te_0051045,0
te_0051046,0
te_0051047,0
te_0051048,0
te_0051049,0
te_0051050,0
te_0051051,0
te_0051052,0
te_0051053,0
te_0051054,0
te_0051055,0
te_0051056,0
te_0051057,0
te_0051058,0
te_0051059,0
te_0051060,0
te_0051061,0
te_0051062,0
te_0051063,0
te_0051064,0
te_0051065,0
te_0051066,0
te_0051067,0
te_0051068,0
te_0051069,0
te_0051070,0
te_0051071,0
te_0051072,0
te_0051073,0
te_0051074,0
te_0051075,0
te_0051076,0
te_0051077,0
te_0051078,0
te_0051079,0
te_0051080,0
te_0051081,0
te_0051082,0
te_0051083,0
te_0051084,0
te_0051085,0
te_0051086,0
te_0051087,0
te_0051088,0
te_0051089,0
te_0051090,0
te_0051091,0
te_0051092,0
te_0051093,0
te_0051094,0
te_0051095,0
te_0051096,0
te_0051097,0
te_0051098,0
te_0051099,0
te_0051100,0
te_0051101,0
te_0051102,0
te_0051103,0
te_0051104,0
te_0051105,0
te_0051106,0
te_0051107,0
te_0051108,0
te_0051109,0
te_0051110,0
te_0051111,0
te_0051112,0
te_0051113,0
te_0051114,0
te_0051115,0
te_0051116,0
te_0051117,0
te_0051118,0
te_0051119,0
te_0051120,0
te_0051121,0
te_0051122,0
te_0051123,0
te_0051124,0
te_0051125,0
te_0051126,0
te_0051127,0
te_0051128,0
te_0051129,0
te_0051130,0
te_0051131,0
te_0051132,0
te_0051133,0
te_0051134,0
te_0051135,0
te_0051136,0
te_0051137,0
te_0051138,0
te_0051139,0
te_0051140,0
te_0051141,0
te_0051142,0
te_0051143,0
te_0051144,0
te_0051145,0
te_0051146,0
te_0051147,0
te_0051148,0
te_0051149,0
te_0051150,0
te_0051151,0
te_0051152,0
te_0051153,0
te_0051154,0
te_0051155,0
te_0051156,0
te_0051157,0
te_0051158,0
te_0051159,0
te_0051160,0
te_0051161,0
te_0051162,0
te_0051163,0
te_0051164,0
te_0051165,0
te_0051166,0
te_0051167,0
te_0051168,0
te_0051169,0
te_0051170,0
te_0051171,0
te_0051172,0
te_0051173,0
te_0051174,0
te_0051175,0
te_0051176,0
te_0051177,0
te_0051178,0
te_0051179,0
te_0051180,0
te_0051181,0
te_0051182,0
te_0051183,0
te_0051184,0
te_0051185,0
te_0051186,0
te_0051187,0
te_0051188,0
te_0051189,0
te_0051190,0
te_0051191,0
te_0051192,0
te_0051193,0
te_0051194,0
te_0051195,0
te_0051196,0
te_0051197,0
te_0051198,0
te_0051199,0
te_0051200,0
te_0051201,0
te_0051202,0
te_0051203,0
te_0051204,0
te_0051205,0
te_0051206,0
te_0051207,0
te_0051208,0
te_0051209,0
te_0051210,0
te_0051211,0
te_0051212,0
te_0051213,0
te_0051214,0
te_0051215,0
te_0051216,0
te_0051217,0
te_0051218,0
te_0051219,0
te_0051220,0
te_0051221,0
te_0051222,0
te_0051223,0
te_0051224,0
te_0051225,0
te_0051226,0
te_0051227,0
te_0051228,0
te_0051229,0
te_0051230,0
te_0051231,0
te_0051232,0
te_0051233,0
te_0051234,0
te_0051235,0
te_0051236,0
te_0051237,0
te_0051238,0
te_0051239,0
te_0051240,0
te_0051241,0
te_0051242,0
te_0051243,0
te_0051244,0
te_0051245,0
te_0051246,0
te_0051247,0
te_0051248,0
te_0051249,0
te_0051250,0
te_0051251,0
te_0051252,0
te_0051253,0
te_0051254,0
te_0051255,0
te_0051256,0
te_0051257,0
te_0051258,0
te_0051259,0
te_0051260,0
te_0051261,0
te_0051262,0
te_0051263,0
te_0051264,0
te_0051265,0
te_0051266,0
te_0051267,0
te_0051268,0
te_0051269,0
te_0051270,0
te_0051271,0
te_0051272,0
te_0051273,0
te_0051274,0
te_0051275,0
te_0051276,0
te_0051277,0
te_0051278,0
te_0051279,0
te_0051280,0
te_0051281,0
te_0051282,0
te_0051283,0
te_0051284,0
te_0051285,0
te_0051286,0
te_0051287,0
te_0051288,0
te_0051289,0
te_0051290,0
te_0051291,0
te_0051292,0
te_0051293,0
te_0051294,0
te_0051295,0
te_0051296,0
te_0051297,0
te_0051298,0
te_0051299,0
te_0051300,0
te_0051301,0
te_0051302,0
te_0051303,0
te_0051304,0
te_0051305,0
te_0051306,0
te_0051307,0
te_0051308,0
te_0051309,0
te_0051310,0
te_0051311,0
te_0051312,0
te_0051313,0
te_0051314,0
te_0051315,0
te_0051316,0
te_0051317,0
te_0051318,0
te_0051319,0
te_0051320,0
te_0051321,0
te_0051322,0
te_0051323,0
te_0051324,0
te_0051325,0
te_0051326,0
te_0051327,0
te_0051328,0
te_0051329,0
te_0051330,0
te_0051331,0
te_0051332,0
te_0051333,0
te_0051334,0
te_0051335,0
te_0051336,0
te_0051337,0
te_0051338,0
te_0051339,0
te_0051340,0
te_0051341,0
te_0051342,0
te_0051343,0
te_0051344,0
te_0051345,0
te_0051346,0
te_0051347,0
te_0051348,0
te_0051349,0
te_0051350,0
te_0051351,0
te_0051352,0
te_0051353,0
te_0051354,0
te_0051355,0
te_0051356,0
te_0051357,0
te_0051358,0
te_0051359,0
te_0051360,0
te_0051361,0
te_0051362,0
te_0051363,0
te_0051364,0
te_0051365,0
te_0051366,0
te_0051367,0
te_0051368,0
te_0051369,0
te_0051370,0
te_0051371,0
te_0051372,0
te_0051373,0
te_0051374,0
te_0051375,0
te_0051376,0
te_0051377,0
te_0051378,0
te_0051379,0
te_0051380,0
te_0051381,0
te_0051382,0
te_0051383,0
te_0051384,0
te_0051385,0
te_0051386,0
te_0051387,0
te_0051388,0
te_0051389,0
te_0051390,0
te_0051391,0
te_0051392,0
te_0051393,0
te_0051394,0
te_0051395,0
te_0051396,0
te_0051397,0
te_0051398,0
te_0051399,0
te_0051400,0
te_0051401,0
te_0051402,0
te_0051403,0
te_0051404,0
te_0051405,0
te_0051406,0
te_0051407,0
te_0051408,0
te_0051409,0
te_0051410,0
te_0051411,0
te_0051412,0
te_0051413,0
te_0051414,0
te_0051415,0
te_0051416,0
te_0051417,0
te_0051418,0
te_0051419,0
te_0051420,0
te_0051421,0
te_0051422,0
te_0051423,0
te_0051424,0
te_0051425,0
te_0051426,0
te_0051427,0
te_0051428,0
te_0051429,0
te_0051430,0
te_0051431,0
te_0051432,0
te_0051433,0
te_0051434,0
te_0051435,0
te_0051436,0
te_0051437,0
te_0051438,0
te_0051439,0
te_0051440,0
te_0051441,0
te_0051442,0
te_0051443,0
te_0051444,0
te_0051445,0
te_0051446,0
te_0051447,0
te_0051448,0
te_0051449,0
te_0051450,0
te_0051451,0
te_0051452,0
te_0051453,0
te_0051454,0
te_0051455,0
te_0051456,0
te_0051457,0
te_0051458,0
te_0051459,0
te_0051460,0
te_0051461,0
te_0051462,0
te_0051463,0
te_0051464,0
te_0051465,0
te_0051466,0
te_0051467,0
te_0051468,0
te_0051469,0
te_0051470,0
te_0051471,0
te_0051472,0
te_0051473,0
te_0051474,0
te_0051475,0
te_0051476,0
te_0051477,0
te_0051478,0
te_0051479,0
te_0051480,0
te_0051481,0
te_0051482,0
te_0051483,0
te_0051484,0
te_0051485,0
te_0051486,0
te_0051487,0
te_0051488,0
te_0051489,0
te_0051490,0
te_0051491,0
te_0051492,0
te_0051493,0
te_0051494,0
te_0051495,0
te_0051496,0
te_0051497,0
te_0051498,0
te_0051499,0
te_0051500,0
te_0051501,0
te_0051502,0
te_0051503,0
te_0051504,0
te_0051505,0
te_0051506,0
te_0051507,0
te_0051508,0
te_0051509,0
te_0051510,0
te_0051511,0
te_0051512,0
te_0051513,0
te_0051514,0
te_0051515,0
te_0051516,0
te_0051517,0
te_0051518,0
te_0051519,0
te_0051520,0
te_0051521,0
te_0051522,0
te_0051523,0
te_0051524,0
te_0051525,0
te_0051526,0
te_0051527,0
te_0051528,0
te_0051529,0
te_0051530,0
te_0051531,0
te_0051532,0
te_0051533,0
te_0051534,0
te_0051535,0
te_0051536,0
te_0051537,0
te_0051538,0
te_0051539,0
te_0051540,0
te_0051541,0
te_0051542,0
te_0051543,0
te_0051544,0
te_0051545,0
te_0051546,0
te_0051547,0
te_0051548,0
te_0051549,0
te_0051550,0
te_0051551,0
te_0051552,0
te_0051553,0
te_0051554,0
te_0051555,0
te_0051556,0
te_0051557,0
te_0051558,0
te_0051559,0
te_0051560,0
te_0051561,0
te_0051562,0
te_0051563,0
te_0051564,0
te_0051565,0
te_0051566,0
te_0051567,0
te_0051568,0
te_0051569,0
te_0051570,0
te_0051571,0
te_0051572,0
te_0051573,0
te_0051574,0
te_0051575,0
te_0051576,0
te_0051577,0
te_0051578,0
te_0051579,0
te_0051580,0
te_0051581,0
te_0051582,0
te_0051583,0
te_0051584,0
te_0051585,0
te_0051586,0
te_0051587,0
te_0051588,0
te_0051589,0
te_0051590,0
te_0051591,0
te_0051592,0
te_0051593,0
te_0051594,0
te_0051595,0
te_0051596,0
te_0051597,0
te_0051598,0
te_0051599,0
te_0051600,0
te_0051601,0
te_0051602,0
te_0051603,0
te_0051604,0
te_0051605,0
te_0051606,0
te_0051607,0
te_0051608,0
te_0051609,0
te_0051610,0
te_0051611,0
te_0051612,0
te_0051613,0
te_0051614,0
te_0051615,0
te_0051616,0
te_0051617,0
te_0051618,0
te_0051619,0
te_0051620,0
te_0051621,0
te_0051622,0
te_0051623,0
te_0051624,0
te_0051625,0
te_0051626,0
te_0051627,0
te_0051628,0
te_0051629,0
te_0051630,0
te_0051631,0
te_0051632,0
te_0051633,0
te_0051634,0
te_0051635,0
te_0051636,0
te_0051637,0
te_0051638,0
te_0051639,0
te_0051640,0
te_0051641,0
te_0051642,0
te_0051643,0
te_0051644,0
te_0051645,0
te_0051646,0
te_0051647,0
te_0051648,0
te_0051649,0
te_0051650,0
te_0051651,0
te_0051652,0
te_0051653,0
te_0051654,0
te_0051655,0
te_0051656,0
te_0051657,0
te_0051658,0
te_0051659,0
te_0051660,0
te_0051661,0
te_0051662,0
te_0051663,0
te_0051664,0
te_0051665,0
te_0051666,0
te_0051667,0
te_0051668,0
te_0051669,0
te_0051670,0
te_0051671,0
te_0051672,0
te_0051673,0
te_0051674,0
te_0051675,0
te_0051676,0
te_0051677,0
te_0051678,0
te_0051679,0
te_0051680,0
te_0051681,0
te_0051682,0
te_0051683,0
te_0051684,0
te_0051685,0
te_0051686,0
te_0051687,0
te_0051688,0
te_0051689,0
te_0051690,0
te_0051691,0
te_0051692,0
te_0051693,0
te_0051694,0
te_0051695,0
te_0051696,0
te_0051697,0
te_0051698,0
te_0051699,0
te_0051700,0
te_0051701,0
te_0051702,0
te_0051703,0
te_0051704,0
te_0051705,0
te_0051706,0
te_0051707,0
te_0051708,0
te_0051709,0
te_0051710,0
te_0051711,0
te_0051712,0
te_0051713,0
te_0051714,0
te_0051715,0
te_0051716,0
te_0051717,0
te_0051718,0
te_0051719,0
te_0051720,0
te_0051721,0
te_0051722,0
te_0051723,0
te_0051724,0
te_0051725,0
te_0051726,0
te_0051727,0
te_0051728,0
te_0051729,0
te_0051730,0
te_0051731,0
te_0051732,0
te_0051733,0
te_0051734,0
te_0051735,0
te_0051736,0
te_0051737,0
te_0051738,0
te_0051739,0
te_0051740,0
te_0051741,0
te_0051742,0
te_0051743,0
te_0051744,0
te_0051745,0
te_0051746,0
te_0051747,0
te_0051748,0
te_0051749,0
te_0051750,0
te_0051751,0
te_0051752,0
te_0051753,0
te_0051754,0
te_0051755,0
te_0051756,0
te_0051757,0
te_0051758,0
te_0051759,0
te_0051760,0
te_0051761,0
te_0051762,0
te_0051763,0
te_0051764,0
te_0051765,0
te_0051766,0
te_0051767,0
te_0051768,0
te_0051769,0
te_0051770,0
te_0051771,0
te_0051772,0
te_0051773,0
te_0051774,0
te_0051775,0
te_0051776,0
te_0051777,0
te_0051778,0
te_0051779,0
te_0051780,0
te_0051781,0
te_0051782,0
te_0051783,0
te_0051784,0
te_0051785,0
te_0051786,0
te_0051787,0
te_0051788,0
te_0051789,0
te_0051790,0
te_0051791,0
te_0051792,0
te_0051793,0
te_0051794,0
te_0051795,0
te_0051796,0
te_0051797,0
te_0051798,0
te_0051799,0
te_0051800,0
te_0051801,0
te_0051802,0
te_0051803,0
te_0051804,0
te_0051805,0
te_0051806,0
te_0051807,0
te_0051808,0
te_0051809,0
te_0051810,0
te_0051811,0
te_0051812,0
te_0051813,0
te_0051814,0
te_0051815,0
te_0051816,0
te_0051817,0
te_0051818,0
te_0051819,0
te_0051820,0
te_0051821,0
te_0051822,0
te_0051823,0
te_0051824,0
te_0051825,0
te_0051826,0
te_0051827,0
te_0051828,0
te_0051829,0
te_0051830,0
te_0051831,0
te_0051832,0
te_0051833,0
te_0051834,0
te_0051835,0
te_0051836,0
te_0051837,0
te_0051838,0
te_0051839,0
te_0051840,0
te_0051841,0
te_0051842,0
te_0051843,0
te_0051844,0
te_0051845,0
te_0051846,0
te_0051847,0
te_0051848,0
te_0051849,0
te_0051850,0
te_0051851,0
te_0051852,0
te_0051853,0
te_0051854,0
te_0051855,0
te_0051856,0
te_0051857,0
te_0051858,0
te_0051859,0
te_0051860,0
te_0051861,0
te_0051862,0
te_0051863,0
te_0051864,0
te_0051865,0
te_0051866,0
te_0051867,0
te_0051868,0
te_0051869,0
te_0051870,0
te_0051871,0
te_0051872,0
te_0051873,0
te_0051874,0
te_0051875,0
te_0051876,0
te_0051877,0
te_0051878,0
te_0051879,0
te_0051880,0
te_0051881,0
te_0051882,0
te_0051883,0
te_0051884,0
te_0051885,0
te_0051886,0
te_0051887,0
te_0051888,0
te_0051889,0
te_0051890,0
te_0051891,0
te_0051892,0
te_0051893,0
te_0051894,0
te_0051895,0
te_0051896,0
te_0051897,0
te_0051898,0
te_0051899,0
te_0051900,0
te_0051901,0
te_0051902,0
te_0051903,0
te_0051904,0
te_0051905,0
te_0051906,0
te_0051907,0
te_0051908,0
te_0051909,0
te_0051910,0
te_0051911,0
te_0051912,0
te_0051913,0
te_0051914,0
te_0051915,0
te_0051916,0
te_0051917,0
te_0051918,0
te_0051919,0
te_0051920,0
te_0051921,0
te_0051922,0
te_0051923,0
te_0051924,0
te_0051925,0
te_0051926,0
te_0051927,0
te_0051928,0
te_0051929,0
te_0051930,0
te_0051931,0
te_0051932,0
te_0051933,0
te_0051934,0
te_0051935,0
te_0051936,0
te_0051937,0
te_0051938,0
te_0051939,0
te_0051940,0
te_0051941,0
te_0051942,0
te_0051943,0
te_0051944,0
te_0051945,0
te_0051946,0
te_0051947,0
te_0051948,0
te_0051949,0
te_0051950,0
te_0051951,0
te_0051952,0
te_0051953,0
te_0051954,0
te_0051955,0
te_0051956,0
te_0051957,0
te_0051958,0
te_0051959,0
te_0051960,0
te_0051961,0
te_0051962,0
te_0051963,0
te_0051964,0
te_0051965,0
te_0051966,0
te_0051967,0
te_0051968,0
te_0051969,0
te_0051970,0
te_0051971,0
te_0051972,0
te_0051973,0
te_0051974,0
te_0051975,0
te_0051976,0
te_0051977,0
te_0051978,0
te_0051979,0
te_0051980,0
te_0051981,0
te_0051982,0
te_0051983,0
te_0051984,0
te_0051985,0
te_0051986,0
te_0051987,0
te_0051988,0
te_0051989,0
te_0051990,0
te_0051991,0
te_0051992,0
te_0051993,0
te_0051994,0
te_0051995,0
te_0051996,0
te_0051997,0
te_0051998,0
te_0051999,0
te_0052000,0
te_0052001,0
te_0052002,0
te_0052003,0
te_0052004,0
te_0052005,0
te_0052006,0
te_0052007,0
te_0052008,0
te_0052009,0
te_0052010,0
te_0052011,0
te_0052012,0
te_0052013,0
te_0052014,0
te_0052015,0
te_0052016,0
te_0052017,0
te_0052018,0
te_0052019,0
te_0052020,0
te_0052021,0
te_0052022,0
te_0052023,0
te_0052024,0
te_0052025,0
te_0052026,0
te_0052027,0
te_0052028,0
te_0052029,0
te_0052030,0
te_0052031,0
te_0052032,0
te_0052033,0
te_0052034,0
te_0052035,0
te_0052036,0
te_0052037,0
te_0052038,0
te_0052039,0
te_0052040,0
te_0052041,0
te_0052042,0
te_0052043,0
te_0052044,0
te_0052045,0
te_0052046,0
te_0052047,0
te_0052048,0
te_0052049,0
te_0052050,0
te_0052051,0
te_0052052,0
te_0052053,0
te_0052054,0
te_0052055,0
te_0052056,0
te_0052057,0
te_0052058,0
te_0052059,0
te_0052060,0
te_0052061,0
te_0052062,0
te_0052063,0
te_0052064,0
te_0052065,0
te_0052066,0
te_0052067,0
te_0052068,0
te_0052069,0
te_0052070,0
te_0052071,0
te_0052072,0
te_0052073,0
te_0052074,0
te_0052075,0
te_0052076,0
te_0052077,0
te_0052078,0
te_0052079,0
te_0052080,0
te_0052081,0
te_0052082,0
te_0052083,0
te_0052084,0
te_0052085,0
te_0052086,0
te_0052087,0
te_0052088,0
te_0052089,0
te_0052090,0
te_0052091,0
te_0052092,0
te_0052093,0
te_0052094,0
te_0052095,0
te_0052096,0
te_0052097,0
te_0052098,0
te_0052099,0
te_0052100,0
te_0052101,0
te_0052102,0
te_0052103,0
te_0052104,0
te_0052105,0
te_0052106,0
te_0052107,0
te_0052108,0
te_0052109,0
te_0052110,0
te_0052111,0
te_0052112,0
te_0052113,0
te_0052114,0
te_0052115,0
te_0052116,0
te_0052117,0
te_0052118,0
te_0052119,0
te_0052120,0
te_0052121,0
te_0052122,0
te_0052123,0
te_0052124,0
te_0052125,0
te_0052126,0
te_0052127,0
te_0052128,0
te_0052129,0
te_0052130,0
te_0052131,0
te_0052132,0
te_0052133,0
te_0052134,0
te_0052135,0
te_0052136,0
te_0052137,0
te_0052138,0
te_0052139,0
te_0052140,0
te_0052141,0
te_0052142,0
te_0052143,0
te_0052144,0
te_0052145,0
te_0052146,0
te_0052147,0
te_0052148,0
te_0052149,0
te_0052150,0
te_0052151,0
te_0052152,0
te_0052153,0
te_0052154,0
te_0052155,0
te_0052156,0
te_0052157,0
te_0052158,0
te_0052159,0
te_0052160,0
te_0052161,0
te_0052162,0
te_0052163,0
te_0052164,0
te_0052165,0
te_0052166,0
te_0052167,0
te_0052168,0
te_0052169,0
te_0052170,0
te_0052171,0
te_0052172,0
te_0052173,0
te_0052174,0
te_0052175,0
te_0052176,0
te_0052177,0
te_0052178,0
te_0052179,0
te_0052180,0
te_0052181,0
te_0052182,0
te_0052183,0
te_0052184,0
te_0052185,0
te_0052186,0
te_0052187,0
te_0052188,0
te_0052189,0
te_0052190,0
te_0052191,0
te_0052192,0
te_0052193,0
te_0052194,0
te_0052195,0
te_0052196,0
te_0052197,0
te_0052198,0
te_0052199,0
te_0052200,0
te_0052201,0
te_0052202,0
te_0052203,0
te_0052204,0
te_0052205,0
te_0052206,0
te_0052207,0
te_0052208,0
te_0052209,0
te_0052210,0
te_0052211,0
te_0052212,0
te_0052213,0
te_0052214,0
te_0052215,0
te_0052216,0
te_0052217,0
te_0052218,0
te_0052219,0
te_0052220,0
te_0052221,0
te_0052222,0
te_0052223,0
te_0052224,0
te_0052225,0
te_0052226,0
te_0052227,0
te_0052228,0
te_0052229,0
te_0052230,0
te_0052231,0
te_0052232,0
te_0052233,0
te_0052234,0
te_0052235,0
te_0052236,0
te_0052237,0
te_0052238,0
te_0052239,0
te_0052240,0
te_0052241,0
te_0052242,0
te_0052243,0
te_0052244,0
te_0052245,0
te_0052246,0
te_0052247,0
te_0052248,0
te_0052249,0
te_0052250,0
te_0052251,0
te_0052252,0
te_0052253,0
te_0052254,0
te_0052255,0
te_0052256,0
te_0052257,0
te_0052258,0
te_0052259,0
te_0052260,0
te_0052261,0
te_0052262,0
te_0052263,0
te_0052264,0
te_0052265,0
te_0052266,0
te_0052267,0
te_0052268,0
te_0052269,0
te_0052270,0
te_0052271,0
te_0052272,0
te_0052273,0
te_0052274,0
te_0052275,0
te_0052276,0
te_0052277,0
te_0052278,0
te_0052279,0
te_0052280,0
te_0052281,0
te_0052282,0
te_0052283,0
te_0052284,0
te_0052285,0
te_0052286,0
te_0052287,0
te_0052288,0
te_0052289,0
te_0052290,0
te_0052291,0
te_0052292,0
te_0052293,0
te_0052294,0
te_0052295,0
te_0052296,0
te_0052297,0
te_0052298,0
te_0052299,0
te_0052300,0
te_0052301,0
te_0052302,0
te_0052303,0
te_0052304,0
te_0052305,0
te_0052306,0
te_0052307,0
te_0052308,0
te_0052309,0
te_0052310,0
te_0052311,0
te_0052312,0
te_0052313,0
te_0052314,0
te_0052315,0
te_0052316,0
te_0052317,0
te_0052318,0
te_0052319,0
te_0052320,0
te_0052321,0
te_0052322,0
te_0052323,0
te_0052324,0
te_0052325,0
te_0052326,0
te_0052327,0
te_0052328,0
te_0052329,0
te_0052330,0
te_0052331,0
te_0052332,0
te_0052333,0
te_0052334,0
te_0052335,0
te_0052336,0
te_0052337,0
te_0052338,0
te_0052339,0
te_0052340,0
te_0052341,0
te_0052342,0
te_0052343,0
te_0052344,0
te_0052345,0
te_0052346,0
te_0052347,0
te_0052348,0
te_0052349,0
te_0052350,0
te_0052351,0
te_0052352,0
te_0052353,0
te_0052354,0
te_0052355,0
te_0052356,0
te_0052357,0
te_0052358,0
te_0052359,0
te_0052360,0
te_0052361,0
te_0052362,0
te_0052363,0
te_0052364,0
te_0052365,0
te_0052366,0
te_0052367,0
te_0052368,0
te_0052369,0
te_0052370,0
te_0052371,0
te_0052372,0
te_0052373,0
te_0052374,0
te_0052375,0
te_0052376,0
te_0052377,0
te_0052378,0
te_0052379,0
te_0052380,0
te_0052381,0
te_0052382,0
te_0052383,0
te_0052384,0
te_0052385,0
te_0052386,0
te_0052387,0
te_0052388,0
te_0052389,0
te_0052390,0
te_0052391,0
te_0052392,0
te_0052393,0
te_0052394,0
te_0052395,0
te_0052396,0
te_0052397,0
te_0052398,0
te_0052399,0
te_0052400,0
te_0052401,0
te_0052402,0
te_0052403,0
te_0052404,0
te_0052405,0
te_0052406,0
te_0052407,0
te_0052408,0
te_0052409,0
te_0052410,0
te_0052411,0
te_0052412,0
te_0052413,0
te_0052414,0
te_0052415,0
te_0052416,0
te_0052417,0
te_0052418,0
te_0052419,0
te_0052420,0
te_0052421,0
te_0052422,0
te_0052423,0
te_0052424,0
te_0052425,0
te_0052426,0
te_0052427,0
te_0052428,0
te_0052429,0
te_0052430,0
te_0052431,0
te_0052432,0
te_0052433,0
te_0052434,0
te_0052435,0
te_0052436,0
te_0052437,0
te_0052438,0
te_0052439,0
te_0052440,0
te_0052441,0
te_0052442,0
te_0052443,0
te_0052444,0
te_0052445,0
te_0052446,0
te_0052447,0
te_0052448,0
te_0052449,0
te_0052450,0
te_0052451,0
te_0052452,0
te_0052453,0
te_0052454,0
te_0052455,0
te_0052456,0
te_0052457,0
te_0052458,0
te_0052459,0
te_0052460,0
te_0052461,0
te_0052462,0
te_0052463,0
te_0052464,0
te_0052465,0
te_0052466,0
te_0052467,0
te_0052468,0
te_0052469,0
te_0052470,0
te_0052471,0
te_0052472,0
te_0052473,0
te_0052474,0
te_0052475,0
te_0052476,0
te_0052477,0
te_0052478,0
te_0052479,0
te_0052480,0
te_0052481,0
te_0052482,0
te_0052483,0
te_0052484,0
te_0052485,0
te_0052486,0
te_0052487,0
te_0052488,0
te_0052489,0
te_0052490,0
te_0052491,0
te_0052492,0
te_0052493,0
te_0052494,0
te_0052495,0
te_0052496,0
te_0052497,0
te_0052498,0
te_0052499,0
te_0052500,0
te_0052501,0
te_0052502,0
te_0052503,0
te_0052504,0
te_0052505,0
te_0052506,0
te_0052507,0
te_0052508,0
te_0052509,0
te_0052510,0
te_0052511,0
te_0052512,0
te_0052513,0
te_0052514,0
te_0052515,0
te_0052516,0
te_0052517,0
te_0052518,0
te_0052519,0
te_0052520,0
te_0052521,0
te_0052522,0
te_0052523,0
te_0052524,0
te_0052525,0
te_0052526,0
te_0052527,0
te_0052528,0
te_0052529,0
te_0052530,0
te_0052531,0
te_0052532,0
te_0052533,0
te_0052534,0
te_0052535,0
te_0052536,0
te_0052537,0
te_0052538,0
te_0052539,0
te_0052540,0
te_0052541,0
te_0052542,0
te_0052543,0
te_0052544,0
te_0052545,0
te_0052546,0
te_0052547,0
te_0052548,0
te_0052549,0
te_0052550,0
te_0052551,0
te_0052552,0
te_0052553,0
te_0052554,0
te_0052555,0
te_0052556,0
te_0052557,0
te_0052558,0
te_0052559,0
te_0052560,0
te_0052561,0
te_0052562,0
te_0052563,0
te_0052564,0
te_0052565,0
te_0052566,0
te_0052567,0
te_0052568,0
te_0052569,0
te_0052570,0
te_0052571,0
te_0052572,0
te_0052573,0
te_0052574,0
te_0052575,0
te_0052576,0
te_0052577,0
te_0052578,0
te_0052579,0
te_0052580,0
te_0052581,0
te_0052582,0
te_0052583,0
te_0052584,0
te_0052585,0
te_0052586,0
te_0052587,0
te_0052588,0
te_0052589,0
te_0052590,0
te_0052591,0
te_0052592,0
te_0052593,0
te_0052594,0
te_0052595,0
te_0052596,0
te_0052597,0
te_0052598,0
te_0052599,0
te_0052600,0
te_0052601,0
te_0052602,0
te_0052603,0
te_0052604,0
te_0052605,0
te_0052606,0
te_0052607,0
te_0052608,0
te_0052609,0
te_0052610,0
te_0052611,0
te_0052612,0
te_0052613,0
te_0052614,0
te_0052615,0
te_0052616,0
te_0052617,0
te_0052618,0
te_0052619,0
te_0052620,0
te_0052621,0
te_0052622,0
te_0052623,0
te_0052624,0
te_0052625,0
te_0052626,0
te_0052627,0
te_0052628,0
te_0052629,0
te_0052630,0
te_0052631,0
te_0052632,0
te_0052633,0
te_0052634,0
te_0052635,0
te_0052636,0
te_0052637,0
te_0052638,0
te_0052639,0
te_0052640,0
te_0052641,0
te_0052642,0
te_0052643,0
te_0052644,0
te_0052645,0
te_0052646,0
te_0052647,0
te_0052648,0
te_0052649,0
te_0052650,0
te_0052651,0
te_0052652,0
te_0052653,0
te_0052654,0
te_0052655,0
te_0052656,0
te_0052657,0
te_0052658,0
te_0052659,0
te_0052660,0
te_0052661,0
te_0052662,0
te_0052663,0
te_0052664,0
te_0052665,0
te_0052666,0
te_0052667,0
te_0052668,0
te_0052669,0
te_0052670,0
te_0052671,0
te_0052672,0
te_0052673,0
te_0052674,0
te_0052675,0
te_0052676,0
te_0052677,0
te_0052678,0
te_0052679,0
te_0052680,0
te_0052681,0
te_0052682,0
te_0052683,0
te_0052684,0
te_0052685,0
te_0052686,0
te_0052687,0
te_0052688,0
te_0052689,0
te_0052690,0
te_0052691,0
te_0052692,0
te_0052693,0
te_0052694,0
te_0052695,0
te_0052696,0
te_0052697,0
te_0052698,0
te_0052699,0
te_0052700,0
te_0052701,0
te_0052702,0
te_0052703,0
te_0052704,0
te_0052705,0
te_0052706,0
te_0052707,0
te_0052708,0
te_0052709,0
te_0052710,0
te_0052711,0
te_0052712,0
te_0052713,0
te_0052714,0
te_0052715,0
te_0052716,0
te_0052717,0
te_0052718,0
te_0052719,0
te_0052720,0
te_0052721,0
te_0052722,0
te_0052723,0
te_0052724,0
te_0052725,0
te_0052726,0
te_0052727,0
te_0052728,0
te_0052729,0
te_0052730,0
te_0052731,0
te_0052732,0
te_0052733,0
te_0052734,0
te_0052735,0
te_0052736,0
te_0052737,0
te_0052738,0
te_0052739,0
te_0052740,0
te_0052741,0
te_0052742,0
te_0052743,0
te_0052744,0
te_0052745,0
te_0052746,0
te_0052747,0
te_0052748,0
te_0052749,0
te_0052750,0
te_0052751,0
te_0052752,0
te_0052753,0
te_0052754,0
te_0052755,0
te_0052756,0
te_0052757,0
te_0052758,0
te_0052759,0
te_0052760,0
te_0052761,0
te_0052762,0
te_0052763,0
te_0052764,0
te_0052765,0
te_0052766,0
te_0052767,0
te_0052768,0
te_0052769,0
te_0052770,0
te_0052771,0
te_0052772,0
te_0052773,0
te_0052774,0
te_0052775,0
te_0052776,0
te_0052777,0
te_0052778,0
te_0052779,0
te_0052780,0
te_0052781,0
te_0052782,0
te_0052783,0
te_0052784,0
te_0052785,0
te_0052786,0
te_0052787,0
te_0052788,0
te_0052789,0
te_0052790,0
te_0052791,0
te_0052792,0
te_0052793,0
te_0052794,0
te_0052795,0
te_0052796,0
te_0052797,0
te_0052798,0
te_0052799,0
te_0052800,0
te_0052801,0
te_0052802,0
te_0052803,0
te_0052804,0
te_0052805,0
te_0052806,0
te_0052807,0
te_0052808,0
te_0052809,0
te_0052810,0
te_0052811,0
te_0052812,0
te_0052813,0
te_0052814,0
te_0052815,0
te_0052816,0
te_0052817,0
te_0052818,0
te_0052819,0
te_0052820,0
te_0052821,0
te_0052822,0
te_0052823,0
te_0052824,0
te_0052825,0
te_0052826,0
te_0052827,0
te_0052828,0
te_0052829,0
te_0052830,0
te_0052831,0
te_0052832,0
te_0052833,0
te_0052834,0
te_0052835,0
te_0052836,0
te_0052837,0
te_0052838,0
te_0052839,0
te_0052840,0
te_0052841,0
te_0052842,0
te_0052843,0
te_0052844,0
te_0052845,0
te_0052846,0
te_0052847,0
te_0052848,0
te_0052849,0
te_0052850,0
te_0052851,0
te_0052852,0
te_0052853,0
te_0052854,0
te_0052855,0
te_0052856,0
te_0052857,0
te_0052858,0
te_0052859,0
te_0052860,0
te_0052861,0
te_0052862,0
te_0052863,0
te_0052864,0
te_0052865,0
te_0052866,0
te_0052867,0
te_0052868,0
te_0052869,0
te_0052870,0
te_0052871,0
te_0052872,0
te_0052873,0
te_0052874,0
te_0052875,0
te_0052876,0
te_0052877,0
te_0052878,0
te_0052879,0
te_0052880,0
te_0052881,0
te_0052882,0
te_0052883,0
te_0052884,0
te_0052885,0
te_0052886,0
te_0052887,0
te_0052888,0
te_0052889,0
te_0052890,0
te_0052891,0
te_0052892,0
te_0052893,0
te_0052894,0
te_0052895,0
te_0052896,0
te_0052897,0
te_0052898,0
te_0052899,0
te_0052900,0
te_0052901,0
te_0052902,0
te_0052903,0
te_0052904,0
te_0052905,0
te_0052906,0
te_0052907,0
te_0052908,0
te_0052909,0
te_0052910,0
te_0052911,0
te_0052912,0
te_0052913,0
te_0052914,0
te_0052915,0
te_0052916,0
te_0052917,0
te_0052918,0
te_0052919,0
te_0052920,0
te_0052921,0
te_0052922,0
te_0052923,0
te_0052924,0
te_0052925,0
te_0052926,0
te_0052927,0
te_0052928,0
te_0052929,0
te_0052930,0
te_0052931,0
te_0052932,0
te_0052933,0
te_0052934,0
te_0052935,0
te_0052936,0
te_0052937,0
te_0052938,0
te_0052939,0
te_0052940,0
te_0052941,0
te_0052942,0
te_0052943,0
te_0052944,0
te_0052945,0
te_0052946,0
te_0052947,0
te_0052948,0
te_0052949,0
te_0052950,0
te_0052951,0
te_0052952,0
te_0052953,0
te_0052954,0
te_0052955,0
te_0052956,0
te_0052957,0
te_0052958,0
te_0052959,0
te_0052960,0
te_0052961,0
te_0052962,0
te_0052963,0
te_0052964,0
te_0052965,0
te_0052966,0
te_0052967,0
te_0052968,0
te_0052969,0
te_0052970,0
te_0052971,0
te_0052972,0
te_0052973,0
te_0052974,0
te_0052975,0
te_0052976,0
te_0052977,0
te_0052978,0
te_0052979,0
te_0052980,0
te_0052981,0
te_0052982,0
te_0052983,0
te_0052984,0
te_0052985,0
te_0052986,0
te_0052987,0
te_0052988,0
te_0052989,0
te_0052990,0
te_0052991,0
te_0052992,0
te_0052993,0
te_0052994,0
te_0052995,0
te_0052996,0
te_0052997,0
te_0052998,0
te_0052999,0
te_0053000,0
te_0053001,0
te_0053002,0
te_0053003,0
te_0053004,0
te_0053005,0
te_0053006,0
te_0053007,0
te_0053008,0
te_0053009,0
te_0053010,0
te_0053011,0
te_0053012,0
te_0053013,0
te_0053014,0
te_0053015,0
te_0053016,0
te_0053017,0
te_0053018,0
te_0053019,0
te_0053020,0
te_0053021,0
te_0053022,0
te_0053023,0
te_0053024,0
te_0053025,0
te_0053026,0
te_0053027,0
te_0053028,0
te_0053029,0
te_0053030,0
te_0053031,0
te_0053032,0
te_0053033,0
te_0053034,0
te_0053035,0
te_0053036,0
te_0053037,0
te_0053038,0
te_0053039,0
te_0053040,0
te_0053041,0
te_0053042,0
te_0053043,0
te_0053044,0
te_0053045,0
te_0053046,0
te_0053047,0
te_0053048,0
te_0053049,0
te_0053050,0
te_0053051,0
te_0053052,0
te_0053053,0
te_0053054,0
te_0053055,0
te_0053056,0
te_0053057,0
te_0053058,0
te_0053059,0
te_0053060,0
te_0053061,0
te_0053062,0
te_0053063,0
te_0053064,0
te_0053065,0
te_0053066,0
te_0053067,0
te_0053068,0
te_0053069,0
te_0053070,0
te_0053071,0
te_0053072,0
te_0053073,0
te_0053074,0
te_0053075,0
te_0053076,0
te_0053077,0
te_0053078,0
te_0053079,0
te_0053080,0
te_0053081,0
te_0053082,0
te_0053083,0
te_0053084,0
te_0053085,0
te_0053086,0
te_0053087,0
te_0053088,0
te_0053089,0
te_0053090,0
te_0053091,0
te_0053092,0
te_0053093,0
te_0053094,0
te_0053095,0
te_0053096,0
te_0053097,0
te_0053098,0
te_0053099,0
te_0053100,0
te_0053101,0
te_0053102,0
te_0053103,0
te_0053104,0
te_0053105,0
te_0053106,0
te_0053107,0
te_0053108,0
te_0053109,0
te_0053110,0
te_0053111,0
te_0053112,0
te_0053113,0
te_0053114,0
te_0053115,0
te_0053116,0
te_0053117,0
te_0053118,0
te_0053119,0
te_0053120,0
te_0053121,0
te_0053122,0
te_0053123,0
te_0053124,0
te_0053125,0
te_0053126,0
te_0053127,0
te_0053128,0
te_0053129,0
te_0053130,0
te_0053131,0
te_0053132,0
te_0053133,0
te_0053134,0
te_0053135,0
te_0053136,0
te_0053137,0
te_0053138,0
te_0053139,0
te_0053140,0
te_0053141,0
te_0053142,0
te_0053143,0
te_0053144,0
te_0053145,0
te_0053146,0
te_0053147,0
te_0053148,0
te_0053149,0
te_0053150,0
te_0053151,0
te_0053152,0
te_0053153,0
te_0053154,0
te_0053155,0
te_0053156,0
te_0053157,0
te_0053158,0
te_0053159,0
te_0053160,0
te_0053161,0
te_0053162,0
te_0053163,0
te_0053164,0
te_0053165,0
te_0053166,0
te_0053167,0
te_0053168,0
te_0053169,0
te_0053170,0
te_0053171,0
te_0053172,0
te_0053173,0
te_0053174,0
te_0053175,0
te_0053176,0
te_0053177,0
te_0053178,0
te_0053179,0
te_0053180,0
te_0053181,0
te_0053182,0
te_0053183,0
te_0053184,0
te_0053185,0
te_0053186,0
te_0053187,0
te_0053188,0
te_0053189,0
te_0053190,0
te_0053191,0
te_0053192,0
te_0053193,0
te_0053194,0
te_0053195,0
te_0053196,0
te_0053197,0
te_0053198,0
te_0053199,0
te_0053200,0
te_0053201,0
te_0053202,0
te_0053203,0
te_0053204,0
te_0053205,0
te_0053206,0
te_0053207,0
te_0053208,0
te_0053209,0
te_0053210,0
te_0053211,0
te_0053212,0
te_0053213,0
te_0053214,0
te_0053215,0
te_0053216,0
te_0053217,0
te_0053218,0
te_0053219,0
te_0053220,0
te_0053221,0
te_0053222,0
te_0053223,0
te_0053224,0
te_0053225,0
te_0053226,0
te_0053227,0
te_0053228,0
te_0053229,0
te_0053230,0
te_0053231,0
te_0053232,0
te_0053233,0
te_0053234,0
te_0053235,0
te_0053236,0
te_0053237,0
te_0053238,0
te_0053239,0
te_0053240,0
te_0053241,0
te_0053242,0
te_0053243,0
te_0053244,0
te_0053245,0
te_0053246,0
te_0053247,0
te_0053248,0
te_0053249,0
te_0053250,0
te_0053251,0
te_0053252,0
te_0053253,0
te_0053254,0
te_0053255,0
te_0053256,0
te_0053257,0
te_0053258,0
te_0053259,0
te_0053260,0
te_0053261,0
te_0053262,0
te_0053263,0
te_0053264,0
te_0053265,0
te_0053266,0
te_0053267,0
te_0053268,0
te_0053269,0
te_0053270,0
te_0053271,0
te_0053272,0
te_0053273,0
te_0053274,0
te_0053275,0
te_0053276,0
te_0053277,0
te_0053278,0
te_0053279,0
te_0053280,0
te_0053281,0
te_0053282,0
te_0053283,0
te_0053284,0
te_0053285,0
te_0053286,0
te_0053287,0
te_0053288,0
te_0053289,0
te_0053290,0
te_0053291,0
te_0053292,0
te_0053293,0
te_0053294,0
te_0053295,0
te_0053296,0
te_0053297,0
te_0053298,0
te_0053299,0
te_0053300,0
te_0053301,0
te_0053302,0
te_0053303,0
te_0053304,0
te_0053305,0
te_0053306,0
te_0053307,0
te_0053308,0
te_0053309,0
te_0053310,0
te_0053311,0
te_0053312,0
te_0053313,0
te_0053314,0
te_0053315,0
te_0053316,0
te_0053317,0
te_0053318,0
te_0053319,0
te_0053320,0
te_0053321,0
te_0053322,0
te_0053323,0
te_0053324,0
te_0053325,0
te_0053326,0
te_0053327,0
te_0053328,0
te_0053329,0
te_0053330,0
te_0053331,0
te_0053332,0
te_0053333,0
te_0053334,0
te_0053335,0
te_0053336,0
te_0053337,0
te_0053338,0
te_0053339,0
te_0053340,0
te_0053341,0
te_0053342,0
te_0053343,0
te_0053344,0
te_0053345,0
te_0053346,0
te_0053347,0
te_0053348,0
te_0053349,0
te_0053350,0
te_0053351,0
te_0053352,0
te_0053353,0
te_0053354,0
te_0053355,0
te_0053356,0
te_0053357,0
te_0053358,0
te_0053359,0
te_0053360,0
te_0053361,0
te_0053362,0
te_0053363,0
te_0053364,0
te_0053365,0
te_0053366,0
te_0053367,0
te_0053368,0
te_0053369,0
te_0053370,0
te_0053371,0
te_0053372,0
te_0053373,0
te_0053374,0
te_0053375,0
te_0053376,0
te_0053377,0
te_0053378,0
te_0053379,0
te_0053380,0
te_0053381,0
te_0053382,0
te_0053383,0
te_0053384,0
te_0053385,0
te_0053386,0
te_0053387,0
te_0053388,0
te_0053389,0
te_0053390,0
te_0053391,0
te_0053392,0
te_0053393,0
te_0053394,0
te_0053395,0
te_0053396,0
te_0053397,0
te_0053398,0
te_0053399,0
te_0053400,0
te_0053401,0
te_0053402,0
te_0053403,0
te_0053404,0
te_0053405,0
te_0053406,0
te_0053407,0
te_0053408,0
te_0053409,0
te_0053410,0
te_0053411,0
te_0053412,0
te_0053413,0
te_0053414,0
te_0053415,0
te_0053416,0
te_0053417,0
te_0053418,0
te_0053419,0
te_0053420,0
te_0053421,0
te_0053422,0
te_0053423,0
te_0053424,0
te_0053425,0
te_0053426,0
te_0053427,0
te_0053428,0
te_0053429,0
te_0053430,0
te_0053431,0
te_0053432,0
te_0053433,0
te_0053434,0
te_0053435,0
te_0053436,0
te_0053437,0
te_0053438,0
te_0053439,0
te_0053440,0
te_0053441,0
te_0053442,0
te_0053443,0
te_0053444,0
te_0053445,0
te_0053446,0
te_0053447,0
te_0053448,0
te_0053449,0
te_0053450,0
te_0053451,0
te_0053452,0
te_0053453,0
te_0053454,0
te_0053455,0
te_0053456,0
te_0053457,0
te_0053458,0
te_0053459,0
te_0053460,0
te_0053461,0
te_0053462,0
te_0053463,0
te_0053464,0
te_0053465,0
te_0053466,0
te_0053467,0
te_0053468,0
te_0053469,0
te_0053470,0
te_0053471,0
te_0053472,0
te_0053473,0
te_0053474,0
te_0053475,0
te_0053476,0
te_0053477,0
te_0053478,0
te_0053479,0
te_0053480,0
te_0053481,0
te_0053482,0
te_0053483,0
te_0053484,0
te_0053485,0
te_0053486,0
te_0053487,0
te_0053488,0
te_0053489,0
te_0053490,0
te_0053491,0
te_0053492,0
te_0053493,0
te_0053494,0
te_0053495,0
te_0053496,0
te_0053497,0
te_0053498,0
te_0053499,0
te_0053500,0
te_0053501,0
te_0053502,0
te_0053503,0
te_0053504,0
te_0053505,0
te_0053506,0
te_0053507,0
te_0053508,0
te_0053509,0
te_0053510,0
te_0053511,0
te_0053512,0
te_0053513,0
te_0053514,0
te_0053515,0
te_0053516,0
te_0053517,0
te_0053518,0
te_0053519,0
te_0053520,0
te_0053521,0
te_0053522,0
te_0053523,0
te_0053524,0
te_0053525,0
te_0053526,0
te_0053527,0
te_0053528,0
te_0053529,0
te_0053530,0
te_0053531,0
te_0053532,0
te_0053533,0
te_0053534,0
te_0053535,0
te_0053536,0
te_0053537,0
te_0053538,0
te_0053539,0
te_0053540,0
te_0053541,0
te_0053542,0
te_0053543,0
te_0053544,0
te_0053545,0
te_0053546,0
te_0053547,0
te_0053548,0
te_0053549,0
te_0053550,0
te_0053551,0
te_0053552,0
te_0053553,0
te_0053554,0
te_0053555,0
te_0053556,0
te_0053557,0
te_0053558,0
te_0053559,0
te_0053560,0
te_0053561,0
te_0053562,0
te_0053563,0
te_0053564,0
te_0053565,0
te_0053566,0
te_0053567,0
te_0053568,0
te_0053569,0
te_0053570,0
te_0053571,0
te_0053572,0
te_0053573,0
te_0053574,0
te_0053575,0
te_0053576,0
te_0053577,0
te_0053578,0
te_0053579,0
te_0053580,0
te_0053581,0
te_0053582,0
te_0053583,0
te_0053584,0
te_0053585,0
te_0053586,0
te_0053587,0
te_0053588,0
te_0053589,0
te_0053590,0
te_0053591,0
te_0053592,0
te_0053593,0
te_0053594,0
te_0053595,0
te_0053596,0
te_0053597,0
te_0053598,0
te_0053599,0
te_0053600,0
te_0053601,0
te_0053602,0
te_0053603,0
te_0053604,0
te_0053605,0
te_0053606,0
te_0053607,0
te_0053608,0
te_0053609,0
te_0053610,0
te_0053611,0
te_0053612,0
te_0053613,0
te_0053614,0
te_0053615,0
te_0053616,0
te_0053617,0
te_0053618,0
te_0053619,0
te_0053620,0
te_0053621,0
te_0053622,0
te_0053623,0
te_0053624,0
te_0053625,0
te_0053626,0
te_0053627,0
te_0053628,0
te_0053629,0
te_0053630,0
te_0053631,0
te_0053632,0
te_0053633,0
te_0053634,0
te_0053635,0
te_0053636,0
te_0053637,0
te_0053638,0
te_0053639,0
te_0053640,0
te_0053641,0
te_0053642,0
te_0053643,0
te_0053644,0
te_0053645,0
te_0053646,0
te_0053647,0
te_0053648,0
te_0053649,0
te_0053650,0
te_0053651,0
te_0053652,0
te_0053653,0
te_0053654,0
te_0053655,0
te_0053656,0
te_0053657,0
te_0053658,0
te_0053659,0
te_0053660,0
te_0053661,0
te_0053662,0
te_0053663,0
te_0053664,0
te_0053665,0
te_0053666,0
te_0053667,0
te_0053668,0
te_0053669,0
te_0053670,0
te_0053671,0
te_0053672,0
te_0053673,0
te_0053674,0
te_0053675,0
te_0053676,0
te_0053677,0
te_0053678,0
te_0053679,0
te_0053680,0
te_0053681,0
te_0053682,0
te_0053683,0
te_0053684,0
te_0053685,0
te_0053686,0
te_0053687,0
te_0053688,0
te_0053689,0
te_0053690,0
te_0053691,0
te_0053692,0
te_0053693,0
te_0053694,0
te_0053695,0
te_0053696,0
te_0053697,0
te_0053698,0
te_0053699,0
te_0053700,0
te_0053701,0
te_0053702,0
te_0053703,0
te_0053704,0
te_0053705,0
te_0053706,0
te_0053707,0
te_0053708,0
te_0053709,0
te_0053710,0
te_0053711,0
te_0053712,0
te_0053713,0
te_0053714,0
te_0053715,0
te_0053716,0
te_0053717,0
te_0053718,0
te_0053719,0
te_0053720,0
te_0053721,0
te_0053722,0
te_0053723,0
te_0053724,0
te_0053725,0
te_0053726,0
te_0053727,0
te_0053728,0
te_0053729,0
te_0053730,0
te_0053731,0
te_0053732,0
te_0053733,0
te_0053734,0
te_0053735,0
te_0053736,0
te_0053737,0
te_0053738,0
te_0053739,0
te_0053740,0
te_0053741,0
te_0053742,0
te_0053743,0
te_0053744,0
te_0053745,0
te_0053746,0
te_0053747,0
te_0053748,0
te_0053749,0
te_0053750,0
te_0053751,0
te_0053752,0
te_0053753,0
te_0053754,0
te_0053755,0
te_0053756,0
te_0053757,0
te_0053758,0
te_0053759,0
te_0053760,0
te_0053761,0
te_0053762,0
te_0053763,0
te_0053764,0
te_0053765,0
te_0053766,0
te_0053767,0
te_0053768,0
te_0053769,0
te_0053770,0
te_0053771,0
te_0053772,0
te_0053773,0
te_0053774,0
te_0053775,0
te_0053776,0
te_0053777,0
te_0053778,0
te_0053779,0
te_0053780,0
te_0053781,0
te_0053782,0
te_0053783,0
te_0053784,0
te_0053785,0
te_0053786,0
te_0053787,0
te_0053788,0
te_0053789,0
te_0053790,0
te_0053791,0
te_0053792,0
te_0053793,0
te_0053794,0
te_0053795,0
te_0053796,0
te_0053797,0
te_0053798,0
te_0053799,0
te_0053800,0
te_0053801,0
te_0053802,0
te_0053803,0
te_0053804,0
te_0053805,0
te_0053806,0
te_0053807,0
te_0053808,0
te_0053809,0
te_0053810,0
te_0053811,0
te_0053812,0
te_0053813,0
te_0053814,0
te_0053815,0
te_0053816,0
te_0053817,0
te_0053818,0
te_0053819,0
te_0053820,0
te_0053821,0
te_0053822,0
te_0053823,0
te_0053824,0
te_0053825,0
te_0053826,0
te_0053827,0
te_0053828,0
te_0053829,0
te_0053830,0
te_0053831,0
te_0053832,0
te_0053833,0
te_0053834,0
te_0053835,0
te_0053836,0
te_0053837,0
te_0053838,0
te_0053839,0
te_0053840,0
te_0053841,0
te_0053842,0
te_0053843,0
te_0053844,0
te_0053845,0
te_0053846,0
te_0053847,0
te_0053848,0
te_0053849,0
te_0053850,0
te_0053851,0
te_0053852,0
te_0053853,0
te_0053854,0
te_0053855,0
te_0053856,0
te_0053857,0
te_0053858,0
te_0053859,0
te_0053860,0
te_0053861,0
te_0053862,0
te_0053863,0
te_0053864,0
te_0053865,0
te_0053866,0
te_0053867,0
te_0053868,0
te_0053869,0
te_0053870,0
te_0053871,0
te_0053872,0
te_0053873,0
te_0053874,0
te_0053875,0
te_0053876,0
te_0053877,0
te_0053878,0
te_0053879,0
te_0053880,0
te_0053881,0
te_0053882,0
te_0053883,0
te_0053884,0
te_0053885,0
te_0053886,0
te_0053887,0
te_0053888,0
te_0053889,0
te_0053890,0
te_0053891,0
te_0053892,0
te_0053893,0
te_0053894,0
te_0053895,0
te_0053896,0
te_0053897,0
te_0053898,0
te_0053899,0
te_0053900,0
te_0053901,0
te_0053902,0
te_0053903,0
te_0053904,0
te_0053905,0
te_0053906,0
te_0053907,0
te_0053908,0
te_0053909,0
te_0053910,0
te_0053911,0
te_0053912,0
te_0053913,0
te_0053914,0
te_0053915,0
te_0053916,0
te_0053917,0
te_0053918,0
te_0053919,0
te_0053920,0
te_0053921,0
te_0053922,0
te_0053923,0
te_0053924,0
te_0053925,0
te_0053926,0
te_0053927,0
te_0053928,0
te_0053929,0
te_0053930,0
te_0053931,0
te_0053932,0
te_0053933,0
te_0053934,0
te_0053935,0
te_0053936,0
te_0053937,0
te_0053938,0
te_0053939,0
te_0053940,0
te_0053941,0
te_0053942,0
te_0053943,0
te_0053944,0
te_0053945,0
te_0053946,0
te_0053947,0
te_0053948,0
te_0053949,0
te_0053950,0
te_0053951,0
te_0053952,0
te_0053953,0
te_0053954,0
te_0053955,0
te_0053956,0
te_0053957,0
te_0053958,0
te_0053959,0
te_0053960,0
te_0053961,0
te_0053962,0
te_0053963,0
te_0053964,0
te_0053965,0
te_0053966,0
te_0053967,0
te_0053968,0
te_0053969,0
te_0053970,0
te_0053971,0
te_0053972,0
te_0053973,0
te_0053974,0
te_0053975,0
te_0053976,0
te_0053977,0
te_0053978,0
te_0053979,0
te_0053980,0
te_0053981,0
te_0053982,0
te_0053983,0
te_0053984,0
te_0053985,0
te_0053986,0
te_0053987,0
te_0053988,0
te_0053989,0
te_0053990,0
te_0053991,0
te_0053992,0
te_0053993,0
te_0053994,0
te_0053995,0
te_0053996,0
te_0053997,0
te_0053998,0
te_0053999,0
te_0054000,0
te_0054001,0
te_0054002,0
te_0054003,0
te_0054004,0
te_0054005,0
te_0054006,0
te_0054007,0
te_0054008,0
te_0054009,0
te_0054010,0
te_0054011,0
te_0054012,0
te_0054013,0
te_0054014,0
te_0054015,0
te_0054016,0
te_0054017,0
te_0054018,0
te_0054019,0
te_0054020,0
te_0054021,0
te_0054022,0
te_0054023,0
te_0054024,0
te_0054025,0
te_0054026,0
te_0054027,0
te_0054028,0
te_0054029,0
te_0054030,0
te_0054031,0
te_0054032,0
te_0054033,0
te_0054034,0
te_0054035,0
te_0054036,0
te_0054037,0
te_0054038,0
te_0054039,0
te_0054040,0
te_0054041,0
te_0054042,0
te_0054043,0
te_0054044,0
te_0054045,0
te_0054046,0
te_0054047,0
te_0054048,0
te_0054049,0
te_0054050,0
te_0054051,0
te_0054052,0
te_0054053,0
te_0054054,0
te_0054055,0
te_0054056,0
te_0054057,0
te_0054058,0
te_0054059,0
te_0054060,0
te_0054061,0
te_0054062,0
te_0054063,0
te_0054064,0
te_0054065,0
te_0054066,0
te_0054067,0
te_0054068,0
te_0054069,0
te_0054070,0
te_0054071,0
te_0054072,0
te_0054073,0
te_0054074,0
te_0054075,0
te_0054076,0
te_0054077,0
te_0054078,0
te_0054079,0
te_0054080,0
te_0054081,0
te_0054082,0
te_0054083,0
te_0054084,0
te_0054085,0
te_0054086,0
te_0054087,0
te_0054088,0
te_0054089,0
te_0054090,0
te_0054091,0
te_0054092,0
te_0054093,0
te_0054094,0
te_0054095,0
te_0054096,0
te_0054097,0
te_0054098,0
te_0054099,0
te_0054100,0
te_0054101,0
te_0054102,0
te_0054103,0
te_0054104,0
te_0054105,0
te_0054106,0
te_0054107,0
te_0054108,0
te_0054109,0
te_0054110,0
te_0054111,0
te_0054112,0
te_0054113,0
te_0054114,0
te_0054115,0
te_0054116,0
te_0054117,0
te_0054118,0
te_0054119,0
te_0054120,0
te_0054121,0
te_0054122,0
te_0054123,0
te_0054124,0
te_0054125,0
te_0054126,0
te_0054127,0
te_0054128,0
te_0054129,0
te_0054130,0
te_0054131,0
te_0054132,0
te_0054133,0
te_0054134,0
te_0054135,0
te_0054136,0
te_0054137,0
te_0054138,0
te_0054139,0
te_0054140,0
te_0054141,0
te_0054142,0
te_0054143,0
te_0054144,0
te_0054145,0
te_0054146,0
te_0054147,0
te_0054148,0
te_0054149,0
te_0054150,0
te_0054151,0
te_0054152,0
te_0054153,0
te_0054154,0
te_0054155,0
te_0054156,0
te_0054157,0
te_0054158,0
te_0054159,0
te_0054160,0
te_0054161,0
te_0054162,0
te_0054163,0
te_0054164,0
te_0054165,0
te_0054166,0
te_0054167,0
te_0054168,0
te_0054169,0
te_0054170,0
te_0054171,0
te_0054172,0
te_0054173,0
te_0054174,0
te_0054175,0
te_0054176,0
te_0054177,0
te_0054178,0
te_0054179,0
te_0054180,0
te_0054181,0
te_0054182,0
te_0054183,0
te_0054184,0
te_0054185,0
te_0054186,0
te_0054187,0
te_0054188,0
te_0054189,0
te_0054190,0
te_0054191,0
te_0054192,0
te_0054193,0
te_0054194,0
te_0054195,0
te_0054196,0
te_0054197,0
te_0054198,0
te_0054199,0
te_0054200,0
te_0054201,0
te_0054202,0
te_0054203,0
te_0054204,0
te_0054205,0
te_0054206,0
te_0054207,0
te_0054208,0
te_0054209,0
te_0054210,0
te_0054211,0
te_0054212,0
te_0054213,0
te_0054214,0
te_0054215,0
te_0054216,0
te_0054217,0
te_0054218,0
te_0054219,0
te_0054220,0
te_0054221,0
te_0054222,0
te_0054223,0
te_0054224,0
te_0054225,0
te_0054226,0
te_0054227,0
te_0054228,0
te_0054229,0
te_0054230,0
te_0054231,0
te_0054232,0
te_0054233,0
te_0054234,0
te_0054235,0
te_0054236,0
te_0054237,0
te_0054238,0
te_0054239,0
te_0054240,0
te_0054241,0
te_0054242,0
te_0054243,0
te_0054244,0
te_0054245,0
te_0054246,0
te_0054247,0
te_0054248,0
te_0054249,0
te_0054250,0
te_0054251,0
te_0054252,0
te_0054253,0
te_0054254,0
te_0054255,0
te_0054256,0
te_0054257,0
te_0054258,0
te_0054259,0
te_0054260,0
te_0054261,0
te_0054262,0
te_0054263,0
te_0054264,0
te_0054265,0
te_0054266,0
te_0054267,0
te_0054268,0
te_0054269,0
te_0054270,0
te_0054271,0
te_0054272,0
te_0054273,0
te_0054274,0
te_0054275,0
te_0054276,0
te_0054277,0
te_0054278,0
te_0054279,0
te_0054280,0
te_0054281,0
te_0054282,0
te_0054283,0
te_0054284,0
te_0054285,0
te_0054286,0
te_0054287,0
te_0054288,0
te_0054289,0
te_0054290,0
te_0054291,0
te_0054292,0
te_0054293,0
te_0054294,0
te_0054295,0
te_0054296,0
te_0054297,0
te_0054298,0
te_0054299,0
te_0054300,0
te_0054301,0
te_0054302,0
te_0054303,0
te_0054304,0
te_0054305,0
te_0054306,0
te_0054307,0
te_0054308,0
te_0054309,0
te_0054310,0
te_0054311,0
te_0054312,0
te_0054313,0
te_0054314,0
te_0054315,0
te_0054316,0
te_0054317,0
te_0054318,0
te_0054319,0
te_0054320,0
te_0054321,0
te_0054322,0
te_0054323,0
te_0054324,0
te_0054325,0
te_0054326,0
te_0054327,0
te_0054328,0
te_0054329,0
te_0054330,0
te_0054331,0
te_0054332,0
te_0054333,0
te_0054334,0
te_0054335,0
te_0054336,0
te_0054337,0
te_0054338,0
te_0054339,0
te_0054340,0
te_0054341,0
te_0054342,0
te_0054343,0
te_0054344,0
te_0054345,0
te_0054346,0
te_0054347,0
te_0054348,0
te_0054349,0
te_0054350,0
te_0054351,0
te_0054352,0
te_0054353,0
te_0054354,0
te_0054355,0
te_0054356,0
te_0054357,0
te_0054358,0
te_0054359,0
te_0054360,0
te_0054361,0
te_0054362,0
te_0054363,0
te_0054364,0
te_0054365,0
te_0054366,0
te_0054367,0
te_0054368,0
te_0054369,0
te_0054370,0
te_0054371,0
te_0054372,0
te_0054373,0
te_0054374,0
te_0054375,0
te_0054376,0
te_0054377,0
te_0054378,0
te_0054379,0
te_0054380,0
te_0054381,0
te_0054382,0
te_0054383,0
te_0054384,0
te_0054385,0
te_0054386,0
te_0054387,0
te_0054388,0
te_0054389,0
te_0054390,0
te_0054391,0
te_0054392,0
te_0054393,0
te_0054394,0
te_0054395,0
te_0054396,0
te_0054397,0
te_0054398,0
te_0054399,0
te_0054400,0
te_0054401,0
te_0054402,0
te_0054403,0
te_0054404,0
te_0054405,0
te_0054406,0
te_0054407,0
te_0054408,0
te_0054409,0
te_0054410,0
te_0054411,0
te_0054412,0
te_0054413,0
te_0054414,0
te_0054415,0
te_0054416,0
te_0054417,0
te_0054418,0
te_0054419,0
te_0054420,0
te_0054421,0
te_0054422,0
te_0054423,0
te_0054424,0
te_0054425,0
te_0054426,0
te_0054427,0
te_0054428,0
te_0054429,0
te_0054430,0
te_0054431,0
te_0054432,0
te_0054433,0
te_0054434,0
te_0054435,0
te_0054436,0
te_0054437,0
te_0054438,0
te_0054439,0
te_0054440,0
te_0054441,0
te_0054442,0
te_0054443,0
te_0054444,0
te_0054445,0
te_0054446,0
te_0054447,0
te_0054448,0
te_0054449,0
te_0054450,0
te_0054451,0
te_0054452,0
te_0054453,0
te_0054454,0
te_0054455,0
te_0054456,0
te_0054457,0
te_0054458,0
te_0054459,0
te_0054460,0
te_0054461,0
te_0054462,0
te_0054463,0
te_0054464,0
te_0054465,0
te_0054466,0
te_0054467,0
te_0054468,0
te_0054469,0
te_0054470,0
te_0054471,0
te_0054472,0
te_0054473,0
te_0054474,0
te_0054475,0
te_0054476,0
te_0054477,0
te_0054478,0
te_0054479,0
te_0054480,0
te_0054481,0
te_0054482,0
te_0054483,0
te_0054484,0
te_0054485,0
te_0054486,0
te_0054487,0
te_0054488,0
te_0054489,0
te_0054490,0
te_0054491,0
te_0054492,0
te_0054493,0
te_0054494,0
te_0054495,0
te_0054496,0
te_0054497,0
te_0054498,0
te_0054499,0
te_0054500,0
te_0054501,0
te_0054502,0
te_0054503,0
te_0054504,0
te_0054505,0
te_0054506,0
te_0054507,0
te_0054508,0
te_0054509,0
te_0054510,0
te_0054511,0
te_0054512,0
te_0054513,0
te_0054514,0
te_0054515,0
te_0054516,0
te_0054517,0
te_0054518,0
te_0054519,0
te_0054520,0
te_0054521,0
te_0054522,0
te_0054523,0
te_0054524,0
te_0054525,0
te_0054526,0
te_0054527,0
te_0054528,0
te_0054529,0
te_0054530,0
te_0054531,0
te_0054532,0
te_0054533,0
te_0054534,0
te_0054535,0
te_0054536,0
te_0054537,0
te_0054538,0
te_0054539,0
te_0054540,0
te_0054541,0
te_0054542,0
te_0054543,0
te_0054544,0
te_0054545,0
te_0054546,0
te_0054547,0
te_0054548,0
te_0054549,0
te_0054550,0
te_0054551,0
te_0054552,0
te_0054553,0
te_0054554,0
te_0054555,0
te_0054556,0
te_0054557,0
te_0054558,0
te_0054559,0
te_0054560,0
te_0054561,0
te_0054562,0
te_0054563,0
te_0054564,0
te_0054565,0
te_0054566,0
te_0054567,0
te_0054568,0
te_0054569,0
te_0054570,0
te_0054571,0
te_0054572,0
te_0054573,0
te_0054574,0
te_0054575,0
te_0054576,0
te_0054577,0
te_0054578,0
te_0054579,0
te_0054580,0
te_0054581,0
te_0054582,0
te_0054583,0
te_0054584,0
te_0054585,0
te_0054586,0
te_0054587,0
te_0054588,0
te_0054589,0
te_0054590,0
te_0054591,0
te_0054592,0
te_0054593,0
te_0054594,0
te_0054595,0
te_0054596,0
te_0054597,0
te_0054598,0
te_0054599,0
te_0054600,0
te_0054601,0
te_0054602,0
te_0054603,0
te_0054604,0
te_0054605,0
te_0054606,0
te_0054607,0
te_0054608,0
te_0054609,0
te_0054610,0
te_0054611,0
te_0054612,0
te_0054613,0
te_0054614,0
te_0054615,0
te_0054616,0
te_0054617,0
te_0054618,0
te_0054619,0
te_0054620,0
te_0054621,0
te_0054622,0
te_0054623,0
te_0054624,0
te_0054625,0
te_0054626,0
te_0054627,0
te_0054628,0
te_0054629,0
te_0054630,0
te_0054631,0
te_0054632,0
te_0054633,0
te_0054634,0
te_0054635,0
te_0054636,0
te_0054637,0
te_0054638,0
te_0054639,0
te_0054640,0
te_0054641,0
te_0054642,0
te_0054643,0
te_0054644,0
te_0054645,0
te_0054646,0
te_0054647,0
te_0054648,0
te_0054649,0
te_0054650,0
te_0054651,0
te_0054652,0
te_0054653,0
te_0054654,0
te_0054655,0
te_0054656,0
te_0054657,0
te_0054658,0
te_0054659,0
te_0054660,0
te_0054661,0
te_0054662,0
te_0054663,0
te_0054664,0
te_0054665,0
te_0054666,0
te_0054667,0
te_0054668,0
te_0054669,0
te_0054670,0
te_0054671,0
te_0054672,0
te_0054673,0
te_0054674,0
te_0054675,0
te_0054676,0
te_0054677,0
te_0054678,0
te_0054679,0
te_0054680,0
te_0054681,0
te_0054682,0
te_0054683,0
te_0054684,0
te_0054685,0
te_0054686,0
te_0054687,0
te_0054688,0
te_0054689,0
te_0054690,0
te_0054691,0
te_0054692,0
te_0054693,0
te_0054694,0
te_0054695,0
te_0054696,0
te_0054697,0
te_0054698,0
te_0054699,0
te_0054700,0
te_0054701,0
te_0054702,0
te_0054703,0
te_0054704,0
te_0054705,0
te_0054706,0
te_0054707,0
te_0054708,0
te_0054709,0
te_0054710,0
te_0054711,0
te_0054712,0
te_0054713,0
te_0054714,0
te_0054715,0
te_0054716,0
te_0054717,0
te_0054718,0
te_0054719,0
te_0054720,0
te_0054721,0
te_0054722,0
te_0054723,0
te_0054724,0
te_0054725,0
te_0054726,0
te_0054727,0
te_0054728,0
te_0054729,0
te_0054730,0
te_0054731,0
te_0054732,0
te_0054733,0
te_0054734,0
te_0054735,0
te_0054736,0
te_0054737,0
te_0054738,0
te_0054739,0
te_0054740,0
te_0054741,0
te_0054742,0
te_0054743,0
te_0054744,0
te_0054745,0
te_0054746,0
te_0054747,0
te_0054748,0
te_0054749,0
te_0054750,0
te_0054751,0
te_0054752,0
te_0054753,0
te_0054754,0
te_0054755,0
te_0054756,0
te_0054757,0
te_0054758,0
te_0054759,0
te_0054760,0
te_0054761,0
te_0054762,0
te_0054763,0
te_0054764,0
te_0054765,0
te_0054766,0
te_0054767,0
te_0054768,0
te_0054769,0
te_0054770,0
te_0054771,0
te_0054772,0
te_0054773,0
te_0054774,0
te_0054775,0
te_0054776,0
te_0054777,0
te_0054778,0
te_0054779,0
te_0054780,0
te_0054781,0
te_0054782,0
te_0054783,0
te_0054784,0
te_0054785,0
te_0054786,0
te_0054787,0
te_0054788,0
te_0054789,0
te_0054790,0
te_0054791,0
te_0054792,0
te_0054793,0
te_0054794,0
te_0054795,0
te_0054796,0
te_0054797,0
te_0054798,0
te_0054799,0
te_0054800,0
te_0054801,0
te_0054802,0
te_0054803,0
te_0054804,0
te_0054805,0
te_0054806,0
te_0054807,0
te_0054808,0
te_0054809,0
te_0054810,0
te_0054811,0
te_0054812,0
te_0054813,0
te_0054814,0
te_0054815,0
te_0054816,0
te_0054817,0
te_0054818,0
te_0054819,0
te_0054820,0
te_0054821,0
te_0054822,0
te_0054823,0
te_0054824,0
te_0054825,0
te_0054826,0
te_0054827,0
te_0054828,0
te_0054829,0
te_0054830,0
te_0054831,0
te_0054832,0
te_0054833,0
te_0054834,0
te_0054835,0
te_0054836,0
te_0054837,0
te_0054838,0
te_0054839,0
te_0054840,0
te_0054841,0
te_0054842,0
te_0054843,0
te_0054844,0
te_0054845,0
te_0054846,0
te_0054847,0
te_0054848,0
te_0054849,0
te_0054850,0
te_0054851,0
te_0054852,0
te_0054853,0
te_0054854,0
te_0054855,0
te_0054856,0
te_0054857,0
te_0054858,0
te_0054859,0
te_0054860,0
te_0054861,0
te_0054862,0
te_0054863,0
te_0054864,0
te_0054865,0
te_0054866,0
te_0054867,0
te_0054868,0
te_0054869,0
te_0054870,0
te_0054871,0
te_0054872,0
te_0054873,0
te_0054874,0
te_0054875,0
te_0054876,0
te_0054877,0
te_0054878,0
te_0054879,0
te_0054880,0
te_0054881,0
te_0054882,0
te_0054883,0
te_0054884,0
te_0054885,0
te_0054886,0
te_0054887,0
te_0054888,0
te_0054889,0
te_0054890,0
te_0054891,0
te_0054892,0
te_0054893,0
te_0054894,0
te_0054895,0
te_0054896,0
te_0054897,0
te_0054898,0
te_0054899,0
te_0054900,0
te_0054901,0
te_0054902,0
te_0054903,0
te_0054904,0
te_0054905,0
te_0054906,0
te_0054907,0
te_0054908,0
te_0054909,0
te_0054910,0
te_0054911,0
te_0054912,0
te_0054913,0
te_0054914,0
te_0054915,0
te_0054916,0
te_0054917,0
te_0054918,0
te_0054919,0
te_0054920,0
te_0054921,0
te_0054922,0
te_0054923,0
te_0054924,0
te_0054925,0
te_0054926,0
te_0054927,0
te_0054928,0
te_0054929,0
te_0054930,0
te_0054931,0
te_0054932,0
te_0054933,0
te_0054934,0
te_0054935,0
te_0054936,0
te_0054937,0
te_0054938,0
te_0054939,0
te_0054940,0
te_0054941,0
te_0054942,0
te_0054943,0
te_0054944,0
te_0054945,0
te_0054946,0
te_0054947,0
te_0054948,0
te_0054949,0
te_0054950,0
te_0054951,0
te_0054952,0
te_0054953,0
te_0054954,0
te_0054955,0
te_0054956,0
te_0054957,0
te_0054958,0
te_0054959,0
te_0054960,0
te_0054961,0
te_0054962,0
te_0054963,0
te_0054964,0
te_0054965,0
te_0054966,0
te_0054967,0
te_0054968,0
te_0054969,0
te_0054970,0
te_0054971,0
te_0054972,0
te_0054973,0
te_0054974,0
te_0054975,0
te_0054976,0
te_0054977,0
te_0054978,0
te_0054979,0
te_0054980,0
te_0054981,0
te_0054982,0
te_0054983,0
te_0054984,0
te_0054985,0
te_0054986,0
te_0054987,0
te_0054988,0
te_0054989,0
te_0054990,0
te_0054991,0
te_0054992,0
te_0054993,0
te_0054994,0
te_0054995,0
te_0054996,0
te_0054997,0
te_0054998,0
te_0054999,0
te_0055000,0
te_0055001,0
te_0055002,0
te_0055003,0
te_0055004,0
te_0055005,0
te_0055006,0
te_0055007,0
te_0055008,0
te_0055009,0
te_0055010,0
te_0055011,0
te_0055012,0
te_0055013,0
te_0055014,0
te_0055015,0
te_0055016,0
te_0055017,0
te_0055018,0
te_0055019,0
te_0055020,0
te_0055021,0
te_0055022,0
te_0055023,0
te_0055024,0
te_0055025,0
te_0055026,0
te_0055027,0
te_0055028,0
te_0055029,0
te_0055030,0
te_0055031,0
te_0055032,0
te_0055033,0
te_0055034,0
te_0055035,0
te_0055036,0
te_0055037,0
te_0055038,0
te_0055039,0
te_0055040,0
te_0055041,0
te_0055042,0
te_0055043,0
te_0055044,0
te_0055045,0
te_0055046,0
te_0055047,0
te_0055048,0
te_0055049,0
te_0055050,0
te_0055051,0
te_0055052,0
te_0055053,0
te_0055054,0
te_0055055,0
te_0055056,0
te_0055057,0
te_0055058,0
te_0055059,0
te_0055060,0
te_0055061,0
te_0055062,0
te_0055063,0
te_0055064,0
te_0055065,0
te_0055066,0
te_0055067,0
te_0055068,0
te_0055069,0
te_0055070,0
te_0055071,0
te_0055072,0
te_0055073,0
te_0055074,0
te_0055075,0
te_0055076,0
te_0055077,0
te_0055078,0
te_0055079,0
te_0055080,0
te_0055081,0
te_0055082,0
te_0055083,0
te_0055084,0
te_0055085,0
te_0055086,0
te_0055087,0
te_0055088,0
te_0055089,0
te_0055090,0
te_0055091,0
te_0055092,0
te_0055093,0
te_0055094,0
te_0055095,0
te_0055096,0
te_0055097,0
te_0055098,0
te_0055099,0
te_0055100,0
te_0055101,0
te_0055102,0
te_0055103,0
te_0055104,0
te_0055105,0
te_0055106,0
te_0055107,0
te_0055108,0
te_0055109,0
te_0055110,0
te_0055111,0
te_0055112,0
te_0055113,0
te_0055114,0
te_0055115,0
te_0055116,0
te_0055117,0
te_0055118,0
te_0055119,0
te_0055120,0
te_0055121,0
te_0055122,0
te_0055123,0
te_0055124,0
te_0055125,0
te_0055126,0
te_0055127,0
te_0055128,0
te_0055129,0
te_0055130,0
te_0055131,0
te_0055132,0
te_0055133,0
te_0055134,0
te_0055135,0
te_0055136,0
te_0055137,0
te_0055138,0
te_0055139,0
te_0055140,0
te_0055141,0
te_0055142,0
te_0055143,0
te_0055144,0
te_0055145,0
te_0055146,0
te_0055147,0
te_0055148,0
te_0055149,0
te_0055150,0
te_0055151,0
te_0055152,0
te_0055153,0
te_0055154,0
te_0055155,0
te_0055156,0
te_0055157,0
te_0055158,0
te_0055159,0
te_0055160,0
te_0055161,0
te_0055162,0
te_0055163,0
te_0055164,0
te_0055165,0
te_0055166,0
te_0055167,0
te_0055168,0
te_0055169,0
te_0055170,0
te_0055171,0
te_0055172,0
te_0055173,0
te_0055174,0
te_0055175,0
te_0055176,0
te_0055177,0
te_0055178,0
te_0055179,0
te_0055180,0
te_0055181,0
te_0055182,0
te_0055183,0
te_0055184,0
te_0055185,0
te_0055186,0
te_0055187,0
te_0055188,0
te_0055189,0
te_0055190,0
te_0055191,0
te_0055192,0
te_0055193,0
te_0055194,0
te_0055195,0
te_0055196,0
te_0055197,0
te_0055198,0
te_0055199,0
te_0055200,0
te_0055201,0
te_0055202,0
te_0055203,0
te_0055204,0
te_0055205,0
te_0055206,0
te_0055207,0
te_0055208,0
te_0055209,0
te_0055210,0
te_0055211,0
te_0055212,0
te_0055213,0
te_0055214,0
te_0055215,0
te_0055216,0
te_0055217,0
te_0055218,0
te_0055219,0
te_0055220,0
te_0055221,0
te_0055222,0
te_0055223,0
te_0055224,0
te_0055225,0
te_0055226,0
te_0055227,0
te_0055228,0
te_0055229,0
te_0055230,0
te_0055231,0
te_0055232,0
te_0055233,0
te_0055234,0
te_0055235,0
te_0055236,0
te_0055237,0
te_0055238,0
te_0055239,0
te_0055240,0
te_0055241,0
te_0055242,0
te_0055243,0
te_0055244,0
te_0055245,0
te_0055246,0
te_0055247,0
te_0055248,0
te_0055249,0
te_0055250,0
te_0055251,0
te_0055252,0
te_0055253,0
te_0055254,0
te_0055255,0
te_0055256,0
te_0055257,0
te_0055258,0
te_0055259,0
te_0055260,0
te_0055261,0
te_0055262,0
te_0055263,0
te_0055264,0
te_0055265,0
te_0055266,0
te_0055267,0
te_0055268,0
te_0055269,0
te_0055270,0
te_0055271,0
te_0055272,0
te_0055273,0
te_0055274,0
te_0055275,0
te_0055276,0
te_0055277,0
te_0055278,0
te_0055279,0
te_0055280,0
te_0055281,0
te_0055282,0
te_0055283,0
te_0055284,0
te_0055285,0
te_0055286,0
te_0055287,0
te_0055288,0
te_0055289,0
te_0055290,0
te_0055291,0
te_0055292,0
te_0055293,0
te_0055294,0
te_0055295,0
te_0055296,0
te_0055297,0
te_0055298,0
te_0055299,0
te_0055300,0
te_0055301,0
te_0055302,0
te_0055303,0
te_0055304,0
te_0055305,0
te_0055306,0
te_0055307,0
te_0055308,0
te_0055309,0
te_0055310,0
te_0055311,0
te_0055312,0
te_0055313,0
te_0055314,0
te_0055315,0
te_0055316,0
te_0055317,0
te_0055318,0
te_0055319,0
te_0055320,0
te_0055321,0
te_0055322,0
te_0055323,0
te_0055324,0
te_0055325,0
te_0055326,0
te_0055327,0
te_0055328,0
te_0055329,0
te_0055330,0
te_0055331,0
te_0055332,0
te_0055333,0
te_0055334,0
te_0055335,0
te_0055336,0
te_0055337,0
te_0055338,0
te_0055339,0
te_0055340,0
te_0055341,0
te_0055342,0
te_0055343,0
te_0055344,0
te_0055345,0
te_0055346,0
te_0055347,0
te_0055348,0
te_0055349,0
te_0055350,0
te_0055351,0
te_0055352,0
te_0055353,0
te_0055354,0
te_0055355,0
te_0055356,0
te_0055357,0
te_0055358,0
te_0055359,0
te_0055360,0
te_0055361,0
te_0055362,0
te_0055363,0
te_0055364,0
te_0055365,0
te_0055366,0
te_0055367,0
te_0055368,0
te_0055369,0
te_0055370,0
te_0055371,0
te_0055372,0
te_0055373,0
te_0055374,0
te_0055375,0
te_0055376,0
te_0055377,0
te_0055378,0
te_0055379,0
te_0055380,0
te_0055381,0
te_0055382,0
te_0055383,0
te_0055384,0
te_0055385,0
te_0055386,0
te_0055387,0
te_0055388,0
te_0055389,0
te_0055390,0
te_0055391,0
te_0055392,0
te_0055393,0
te_0055394,0
te_0055395,0
te_0055396,0
te_0055397,0
te_0055398,0
te_0055399,0
te_0055400,0
te_0055401,0
te_0055402,0
te_0055403,0
te_0055404,0
te_0055405,0
te_0055406,0
te_0055407,0
te_0055408,0
te_0055409,0
te_0055410,0
te_0055411,0
te_0055412,0
te_0055413,0
te_0055414,0
te_0055415,0
te_0055416,0
te_0055417,0
te_0055418,0
te_0055419,0
te_0055420,0
te_0055421,0
te_0055422,0
te_0055423,0
te_0055424,0
te_0055425,0
te_0055426,0
te_0055427,0
te_0055428,0
te_0055429,0
te_0055430,0
te_0055431,0
te_0055432,0
te_0055433,0
te_0055434,0
te_0055435,0
te_0055436,0
te_0055437,0
te_0055438,0
te_0055439,0
te_0055440,0
te_0055441,0
te_0055442,0
te_0055443,0
te_0055444,0
te_0055445,0
te_0055446,0
te_0055447,0
te_0055448,0
te_0055449,0
te_0055450,0
te_0055451,0
te_0055452,0
te_0055453,0
te_0055454,0
te_0055455,0
te_0055456,0
te_0055457,0
te_0055458,0
te_0055459,0
te_0055460,0
te_0055461,0
te_0055462,0
te_0055463,0
te_0055464,0
te_0055465,0
te_0055466,0
te_0055467,0
te_0055468,0
te_0055469,0
te_0055470,0
te_0055471,0
te_0055472,0
te_0055473,0
te_0055474,0
te_0055475,0
te_0055476,0
te_0055477,0
te_0055478,0
te_0055479,0
te_0055480,0
te_0055481,0
te_0055482,0
te_0055483,0
te_0055484,0
te_0055485,0
te_0055486,0
te_0055487,0
te_0055488,0
te_0055489,0
te_0055490,0
te_0055491,0
te_0055492,0
te_0055493,0
te_0055494,0
te_0055495,0
te_0055496,0
te_0055497,0
te_0055498,0
te_0055499,0
te_0055500,0
te_0055501,0
te_0055502,0
te_0055503,0
te_0055504,0
te_0055505,0
te_0055506,0
te_0055507,0
te_0055508,0
te_0055509,0
te_0055510,0
te_0055511,0
te_0055512,0
te_0055513,0
te_0055514,0
te_0055515,0
te_0055516,0
te_0055517,0
te_0055518,0
te_0055519,0
te_0055520,0
te_0055521,0
te_0055522,0
te_0055523,0
te_0055524,0
te_0055525,0
te_0055526,0
te_0055527,0
te_0055528,0
te_0055529,0
te_0055530,0
te_0055531,0
te_0055532,0
te_0055533,0
te_0055534,0
te_0055535,0
te_0055536,0
te_0055537,0
te_0055538,0
te_0055539,0
te_0055540,0
te_0055541,0
te_0055542,0
te_0055543,0
te_0055544,0
te_0055545,0
te_0055546,0
te_0055547,0
te_0055548,0
te_0055549,0
te_0055550,0
te_0055551,0
te_0055552,0
te_0055553,0
te_0055554,0
te_0055555,0
te_0055556,0
te_0055557,0
te_0055558,0
te_0055559,0
te_0055560,0
te_0055561,0
te_0055562,0
te_0055563,0
te_0055564,0
te_0055565,0
te_0055566,0
te_0055567,0
te_0055568,0
te_0055569,0
te_0055570,0
te_0055571,0
te_0055572,0
te_0055573,0
te_0055574,0
te_0055575,0
te_0055576,0
te_0055577,0
te_0055578,0
te_0055579,0
te_0055580,0
te_0055581,0
te_0055582,0
te_0055583,0
te_0055584,0
te_0055585,0
te_0055586,0
te_0055587,0
te_0055588,0
te_0055589,0
te_0055590,0
te_0055591,0
te_0055592,0
te_0055593,0
te_0055594,0
te_0055595,0
te_0055596,0
te_0055597,0
te_0055598,0
te_0055599,0
te_0055600,0
te_0055601,0
te_0055602,0
te_0055603,0
te_0055604,0
te_0055605,0
te_0055606,0
te_0055607,0
te_0055608,0
te_0055609,0
te_0055610,0
te_0055611,0
te_0055612,0
te_0055613,0
te_0055614,0
te_0055615,0
te_0055616,0
te_0055617,0
te_0055618,0
te_0055619,0
te_0055620,0
te_0055621,0
te_0055622,0
te_0055623,0
te_0055624,0
te_0055625,0
te_0055626,0
te_0055627,0
te_0055628,0
te_0055629,0
te_0055630,0
te_0055631,0
te_0055632,0
te_0055633,0
te_0055634,0
te_0055635,0
te_0055636,0
te_0055637,0
te_0055638,0
te_0055639,0
te_0055640,0
te_0055641,0
te_0055642,0
te_0055643,0
te_0055644,0
te_0055645,0
te_0055646,0
te_0055647,0
te_0055648,0
te_0055649,0
te_0055650,0
te_0055651,0
te_0055652,0
te_0055653,0
te_0055654,0
te_0055655,0
te_0055656,0
te_0055657,0
te_0055658,0
te_0055659,0
te_0055660,0
te_0055661,0
te_0055662,0
te_0055663,0
te_0055664,0
te_0055665,0
te_0055666,0
te_0055667,0
te_0055668,0
te_0055669,0
te_0055670,0
te_0055671,0
te_0055672,0
te_0055673,0
te_0055674,0
te_0055675,0
te_0055676,0
te_0055677,0
te_0055678,0
te_0055679,0
te_0055680,0
te_0055681,0
te_0055682,0
te_0055683,0
te_0055684,0
te_0055685,0
te_0055686,0
te_0055687,0
te_0055688,0
te_0055689,0
te_0055690,0
te_0055691,0
te_0055692,0
te_0055693,0
te_0055694,0
te_0055695,0
te_0055696,0
te_0055697,0
te_0055698,0
te_0055699,0
te_0055700,0
te_0055701,0
te_0055702,0
te_0055703,0
te_0055704,0
te_0055705,0
te_0055706,0
te_0055707,0
te_0055708,0
te_0055709,0
te_0055710,0
te_0055711,0
te_0055712,0
te_0055713,0
te_0055714,0
te_0055715,0
te_0055716,0
te_0055717,0
te_0055718,0
te_0055719,0
te_0055720,0
te_0055721,0
te_0055722,0
te_0055723,0
te_0055724,0
te_0055725,0
te_0055726,0
te_0055727,0
te_0055728,0
te_0055729,0
te_0055730,0
te_0055731,0
te_0055732,0
te_0055733,0
te_0055734,0
te_0055735,0
te_0055736,0
te_0055737,0
te_0055738,0
te_0055739,0
te_0055740,0
te_0055741,0
te_0055742,0
te_0055743,0
te_0055744,0
te_0055745,0
te_0055746,0
te_0055747,0
te_0055748,0
te_0055749,0
te_0055750,0
te_0055751,0
te_0055752,0
te_0055753,0
te_0055754,0
te_0055755,0
te_0055756,0
te_0055757,0
te_0055758,0
te_0055759,0
te_0055760,0
te_0055761,0
te_0055762,0
te_0055763,0
te_0055764,0
te_0055765,0
te_0055766,0
te_0055767,0
te_0055768,0
te_0055769,0
te_0055770,0
te_0055771,0
te_0055772,0
te_0055773,0
te_0055774,0
te_0055775,0
te_0055776,0
te_0055777,0
te_0055778,0
te_0055779,0
te_0055780,0
te_0055781,0
te_0055782,0
te_0055783,0
te_0055784,0
te_0055785,0
te_0055786,0
te_0055787,0
te_0055788,0
te_0055789,0
te_0055790,0
te_0055791,0
te_0055792,0
te_0055793,0
te_0055794,0
te_0055795,0
te_0055796,0
te_0055797,0
te_0055798,0
te_0055799,0
te_0055800,0
te_0055801,0
te_0055802,0
te_0055803,0
te_0055804,0
te_0055805,0
te_0055806,0
te_0055807,0
te_0055808,0
te_0055809,0
te_0055810,0
te_0055811,0
te_0055812,0
te_0055813,0
te_0055814,0
te_0055815,0
te_0055816,0
te_0055817,0
te_0055818,0
te_0055819,0
te_0055820,0
te_0055821,0
te_0055822,0
te_0055823,0
te_0055824,0
te_0055825,0
te_0055826,0
te_0055827,0
te_0055828,0
te_0055829,0
te_0055830,0
te_0055831,0
te_0055832,0
te_0055833,0
te_0055834,0
te_0055835,0
te_0055836,0
te_0055837,0
te_0055838,0
te_0055839,0
te_0055840,0
te_0055841,0
te_0055842,0
te_0055843,0
te_0055844,0
te_0055845,0
te_0055846,0
te_0055847,0
te_0055848,0
te_0055849,0
te_0055850,0
te_0055851,0
te_0055852,0
te_0055853,0
te_0055854,0
te_0055855,0
te_0055856,0
te_0055857,0
te_0055858,0
te_0055859,0
te_0055860,0
te_0055861,0
te_0055862,0
te_0055863,0
te_0055864,0
te_0055865,0
te_0055866,0
te_0055867,0
te_0055868,0
te_0055869,0
te_0055870,0
te_0055871,0
te_0055872,0
te_0055873,0
te_0055874,0
te_0055875,0
te_0055876,0
te_0055877,0
te_0055878,0
te_0055879,0
te_0055880,0
te_0055881,0
te_0055882,0
te_0055883,0
te_0055884,0
te_0055885,0
te_0055886,0
te_0055887,0
te_0055888,0
te_0055889,0
te_0055890,0
te_0055891,0
te_0055892,0
te_0055893,0
te_0055894,0
te_0055895,0
te_0055896,0
te_0055897,0
te_0055898,0
te_0055899,0
te_0055900,0
te_0055901,0
te_0055902,0
te_0055903,0
te_0055904,0
te_0055905,0
te_0055906,0
te_0055907,0
te_0055908,0
te_0055909,0
te_0055910,0
te_0055911,0
te_0055912,0
te_0055913,0
te_0055914,0
te_0055915,0
te_0055916,0
te_0055917,0
te_0055918,0
te_0055919,0
te_0055920,0
te_0055921,0
te_0055922,0
te_0055923,0
te_0055924,0
te_0055925,0
te_0055926,0
te_0055927,0
te_0055928,0
te_0055929,0
te_0055930,0
te_0055931,0
te_0055932,0
te_0055933,0
te_0055934,0
te_0055935,0
te_0055936,0
te_0055937,0
te_0055938,0
te_0055939,0
te_0055940,0
te_0055941,0
te_0055942,0
te_0055943,0
te_0055944,0
te_0055945,0
te_0055946,0
te_0055947,0
te_0055948,0
te_0055949,0
te_0055950,0
te_0055951,0
te_0055952,0
te_0055953,0
te_0055954,0
te_0055955,0
te_0055956,0
te_0055957,0
te_0055958,0
te_0055959,0
te_0055960,0
te_0055961,0
te_0055962,0
te_0055963,0
te_0055964,0
te_0055965,0
te_0055966,0
te_0055967,0
te_0055968,0
te_0055969,0
te_0055970,0
te_0055971,0
te_0055972,0
te_0055973,0
te_0055974,0
te_0055975,0
te_0055976,0
te_0055977,0
te_0055978,0
te_0055979,0
te_0055980,0
te_0055981,0
te_0055982,0
te_0055983,0
te_0055984,0
te_0055985,0
te_0055986,0
te_0055987,0
te_0055988,0
te_0055989,0
te_0055990,0
te_0055991,0
te_0055992,0
te_0055993,0
te_0055994,0
te_0055995,0
te_0055996,0
te_0055997,0
te_0055998,0
te_0055999,0
te_0056000,0
te_0056001,0
te_0056002,0
te_0056003,0
te_0056004,0
te_0056005,0
te_0056006,0
te_0056007,0
te_0056008,0
te_0056009,0
te_0056010,0
te_0056011,0
te_0056012,0
te_0056013,0
te_0056014,0
te_0056015,0
te_0056016,0
te_0056017,0
te_0056018,0
te_0056019,0
te_0056020,0
te_0056021,0
te_0056022,0
te_0056023,0
te_0056024,0
te_0056025,0
te_0056026,0
te_0056027,0
te_0056028,0
te_0056029,0
te_0056030,0
te_0056031,0
te_0056032,0
te_0056033,0
te_0056034,0
te_0056035,0
te_0056036,0
te_0056037,0
te_0056038,0
te_0056039,0
te_0056040,0
te_0056041,0
te_0056042,0
te_0056043,0
te_0056044,0
te_0056045,0
te_0056046,0
te_0056047,0
te_0056048,0
te_0056049,0
te_0056050,0
te_0056051,0
te_0056052,0
te_0056053,0
te_0056054,0
te_0056055,0
te_0056056,0
te_0056057,0
te_0056058,0
te_0056059,0
te_0056060,0
te_0056061,0
te_0056062,0
te_0056063,0
te_0056064,0
te_0056065,0
te_0056066,0
te_0056067,0
te_0056068,0
te_0056069,0
te_0056070,0
te_0056071,0
te_0056072,0
te_0056073,0
te_0056074,0
te_0056075,0
te_0056076,0
te_0056077,0
te_0056078,0
te_0056079,0
te_0056080,0
te_0056081,0
te_0056082,0
te_0056083,0
te_0056084,0
te_0056085,0
te_0056086,0
te_0056087,0
te_0056088,0
te_0056089,0
te_0056090,0
te_0056091,0
te_0056092,0
te_0056093,0
te_0056094,0
te_0056095,0
te_0056096,0
te_0056097,0
te_0056098,0
te_0056099,0
te_0056100,0
te_0056101,0
te_0056102,0
te_0056103,0
te_0056104,0
te_0056105,0
te_0056106,0
te_0056107,0
te_0056108,0
te_0056109,0
te_0056110,0
te_0056111,0
te_0056112,0
te_0056113,0
te_0056114,0
te_0056115,0
te_0056116,0
te_0056117,0
te_0056118,0
te_0056119,0
te_0056120,0
te_0056121,0
te_0056122,0
te_0056123,0
te_0056124,0
te_0056125,0
te_0056126,0
te_0056127,0
te_0056128,0
te_0056129,0
te_0056130,0
te_0056131,0
te_0056132,0
te_0056133,0
te_0056134,0
te_0056135,0
te_0056136,0
te_0056137,0
te_0056138,0
te_0056139,0
te_0056140,0
te_0056141,0
te_0056142,0
te_0056143,0
te_0056144,0
te_0056145,0
te_0056146,0
te_0056147,0
te_0056148,0
te_0056149,0
te_0056150,0
te_0056151,0
te_0056152,0
te_0056153,0
te_0056154,0
te_0056155,0
te_0056156,0
te_0056157,0
te_0056158,0
te_0056159,0
te_0056160,0
te_0056161,0
te_0056162,0
te_0056163,0
te_0056164,0
te_0056165,0
te_0056166,0
te_0056167,0
te_0056168,0
te_0056169,0
te_0056170,0
te_0056171,0
te_0056172,0
te_0056173,0
te_0056174,0
te_0056175,0
te_0056176,0
te_0056177,0
te_0056178,0
te_0056179,0
te_0056180,0
te_0056181,0
te_0056182,0
te_0056183,0
te_0056184,0
te_0056185,0
te_0056186,0
te_0056187,0
te_0056188,0
te_0056189,0
te_0056190,0
te_0056191,0
te_0056192,0
te_0056193,0
te_0056194,0
te_0056195,0
te_0056196,0
te_0056197,0
te_0056198,0
te_0056199,0
te_0056200,0
te_0056201,0
te_0056202,0
te_0056203,0
te_0056204,0
te_0056205,0
te_0056206,0
te_0056207,0
te_0056208,0
te_0056209,0
te_0056210,0
te_0056211,0
te_0056212,0
te_0056213,0
te_0056214,0
te_0056215,0
te_0056216,0
te_0056217,0
te_0056218,0
te_0056219,0
te_0056220,0
te_0056221,0
te_0056222,0
te_0056223,0
te_0056224,0
te_0056225,0
te_0056226,0
te_0056227,0
te_0056228,0
te_0056229,0
te_0056230,0
te_0056231,0
te_0056232,0
te_0056233,0
te_0056234,0
te_0056235,0
te_0056236,0
te_0056237,0
te_0056238,0
te_0056239,0
te_0056240,0
te_0056241,0
te_0056242,0
te_0056243,0
te_0056244,0
te_0056245,0
te_0056246,0
te_0056247,0
te_0056248,0
te_0056249,0
te_0056250,0
te_0056251,0
te_0056252,0
te_0056253,0
te_0056254,0
te_0056255,0
te_0056256,0
te_0056257,0
te_0056258,0
te_0056259,0
te_0056260,0
te_0056261,0
te_0056262,0
te_0056263,0
te_0056264,0
te_0056265,0
te_0056266,0
te_0056267,0
te_0056268,0
te_0056269,0
te_0056270,0
te_0056271,0
te_0056272,0
te_0056273,0
te_0056274,0
te_0056275,0
te_0056276,0
te_0056277,0
te_0056278,0
te_0056279,0
te_0056280,0
te_0056281,0
te_0056282,0
te_0056283,0
te_0056284,0
te_0056285,0
te_0056286,0
te_0056287,0
te_0056288,0
te_0056289,0
te_0056290,0
te_0056291,0
te_0056292,0
te_0056293,0
te_0056294,0
te_0056295,0
te_0056296,0
te_0056297,0
te_0056298,0
te_0056299,0
te_0056300,0
te_0056301,0
te_0056302,0
te_0056303,0
te_0056304,0
te_0056305,0
te_0056306,0
te_0056307,0
te_0056308,0
te_0056309,0
te_0056310,0
te_0056311,0
te_0056312,0
te_0056313,0
te_0056314,0
te_0056315,0
te_0056316,0
te_0056317,0
te_0056318,0
te_0056319,0
te_0056320,0
te_0056321,0
te_0056322,0
te_0056323,0
te_0056324,0
te_0056325,0
te_0056326,0
te_0056327,0
te_0056328,0
te_0056329,0
te_0056330,0
te_0056331,0
te_0056332,0
te_0056333,0
te_0056334,0
te_0056335,0
te_0056336,0
te_0056337,0
te_0056338,0
te_0056339,0
te_0056340,0
te_0056341,0
te_0056342,0
te_0056343,0
te_0056344,0
te_0056345,0
te_0056346,0
te_0056347,0
te_0056348,0
te_0056349,0
te_0056350,0
te_0056351,0
te_0056352,0
te_0056353,0
te_0056354,0
te_0056355,0
te_0056356,0
te_0056357,0
te_0056358,0
te_0056359,0
te_0056360,0
te_0056361,0
te_0056362,0
te_0056363,0
te_0056364,0
te_0056365,0
te_0056366,0
te_0056367,0
te_0056368,0
te_0056369,0
te_0056370,0
te_0056371,0
te_0056372,0
te_0056373,0
te_0056374,0
te_0056375,0
te_0056376,0
te_0056377,0
te_0056378,0
te_0056379,0
te_0056380,0
te_0056381,0
te_0056382,0
te_0056383,0
te_0056384,0
te_0056385,0
te_0056386,0
te_0056387,0
te_0056388,0
te_0056389,0
te_0056390,0
te_0056391,0
te_0056392,0
te_0056393,0
te_0056394,0
te_0056395,0
te_0056396,0
te_0056397,0
te_0056398,0
te_0056399,0
te_0056400,0
te_0056401,0
te_0056402,0
te_0056403,0
te_0056404,0
te_0056405,0
te_0056406,0
te_0056407,0
te_0056408,0
te_0056409,0
te_0056410,0
te_0056411,0
te_0056412,0
te_0056413,0
te_0056414,0
te_0056415,0
te_0056416,0
te_0056417,0
te_0056418,0
te_0056419,0
te_0056420,0
te_0056421,0
te_0056422,0
te_0056423,0
te_0056424,0
te_0056425,0
te_0056426,0
te_0056427,0
te_0056428,0
te_0056429,0
te_0056430,0
te_0056431,0
te_0056432,0
te_0056433,0
te_0056434,0
te_0056435,0
te_0056436,0
te_0056437,0
te_0056438,0
te_0056439,0
te_0056440,0
te_0056441,0
te_0056442,0
te_0056443,0
te_0056444,0
te_0056445,0
te_0056446,0
te_0056447,0
te_0056448,0
te_0056449,0
te_0056450,0
te_0056451,0
te_0056452,0
te_0056453,0
te_0056454,0
te_0056455,0
te_0056456,0
te_0056457,0
te_0056458,0
te_0056459,0
te_0056460,0
te_0056461,0
te_0056462,0
te_0056463,0
te_0056464,0
te_0056465,0
te_0056466,0
te_0056467,0
te_0056468,0
te_0056469,0
te_0056470,0
te_0056471,0
te_0056472,0
te_0056473,0
te_0056474,0
te_0056475,0
te_0056476,0
te_0056477,0
te_0056478,0
te_0056479,0
te_0056480,0
te_0056481,0
te_0056482,0
te_0056483,0
te_0056484,0
te_0056485,0
te_0056486,0
te_0056487,0
te_0056488,0
te_0056489,0
te_0056490,0
te_0056491,0
te_0056492,0
te_0056493,0
te_0056494,0
te_0056495,0
te_0056496,0
te_0056497,0
te_0056498,0
te_0056499,0
te_0056500,0
te_0056501,0
te_0056502,0
te_0056503,0
te_0056504,0
te_0056505,0
te_0056506,0
te_0056507,0
te_0056508,0
te_0056509,0
te_0056510,0
te_0056511,0
te_0056512,0
te_0056513,0
te_0056514,0
te_0056515,0
te_0056516,0
te_0056517,0
te_0056518,0
te_0056519,0
te_0056520,0
te_0056521,0
te_0056522,0
te_0056523,0
te_0056524,0
te_0056525,0
te_0056526,0
te_0056527,0
te_0056528,0
te_0056529,0
te_0056530,0
te_0056531,0
te_0056532,0
te_0056533,0
te_0056534,0
te_0056535,0
te_0056536,0
te_0056537,0
te_0056538,0
te_0056539,0
te_0056540,0
te_0056541,0
te_0056542,0
te_0056543,0
te_0056544,0
te_0056545,0
te_0056546,0
te_0056547,0
te_0056548,0
te_0056549,0
te_0056550,0
te_0056551,0
te_0056552,0
te_0056553,0
te_0056554,0
te_0056555,0
te_0056556,0
te_0056557,0
te_0056558,0
te_0056559,0
te_0056560,0
te_0056561,0
te_0056562,0
te_0056563,0
te_0056564,0
te_0056565,0
te_0056566,0
te_0056567,0
te_0056568,0
te_0056569,0
te_0056570,0
te_0056571,0
te_0056572,0
te_0056573,0
te_0056574,0
te_0056575,0
te_0056576,0
te_0056577,0
te_0056578,0
te_0056579,0
te_0056580,0
te_0056581,0
te_0056582,0
te_0056583,0
te_0056584,0
te_0056585,0
te_0056586,0
te_0056587,0
te_0056588,0
te_0056589,0
te_0056590,0
te_0056591,0
te_0056592,0
te_0056593,0
te_0056594,0
te_0056595,0
te_0056596,0
te_0056597,0
te_0056598,0
te_0056599,0
te_0056600,0
te_0056601,0
te_0056602,0
te_0056603,0
te_0056604,0
te_0056605,0
te_0056606,0
te_0056607,0
te_0056608,0
te_0056609,0
te_0056610,0
te_0056611,0
te_0056612,0
te_0056613,0
te_0056614,0
te_0056615,0
te_0056616,0
te_0056617,0
te_0056618,0
te_0056619,0
te_0056620,0
te_0056621,0
te_0056622,0
te_0056623,0
te_0056624,0
te_0056625,0
te_0056626,0
te_0056627,0
te_0056628,0
te_0056629,0
te_0056630,0
te_0056631,0
te_0056632,0
te_0056633,0
te_0056634,0
te_0056635,0
te_0056636,0
te_0056637,0
te_0056638,0
te_0056639,0
te_0056640,0
te_0056641,0
te_0056642,0
te_0056643,0
te_0056644,0
te_0056645,0
te_0056646,0
te_0056647,0
te_0056648,0
te_0056649,0
te_0056650,0
te_0056651,0
te_0056652,0
te_0056653,0
te_0056654,0
te_0056655,0
te_0056656,0
te_0056657,0
te_0056658,0
te_0056659,0
te_0056660,0
te_0056661,0
te_0056662,0
te_0056663,0
te_0056664,0
te_0056665,0
te_0056666,0
te_0056667,0
te_0056668,0
te_0056669,0
te_0056670,0
te_0056671,0
te_0056672,0
te_0056673,0
te_0056674,0
te_0056675,0
te_0056676,0
te_0056677,0
te_0056678,0
te_0056679,0
te_0056680,0
te_0056681,0
te_0056682,0
te_0056683,0
te_0056684,0
te_0056685,0
te_0056686,0
te_0056687,0
te_0056688,0
te_0056689,0
te_0056690,0
te_0056691,0
te_0056692,0
te_0056693,0
te_0056694,0
te_0056695,0
te_0056696,0
te_0056697,0
te_0056698,0
te_0056699,0
te_0056700,0
te_0056701,0
te_0056702,0
te_0056703,0
te_0056704,0
te_0056705,0
te_0056706,0
te_0056707,0
te_0056708,0
te_0056709,0
te_0056710,0
te_0056711,0
te_0056712,0
te_0056713,0
te_0056714,0
te_0056715,0
te_0056716,0
te_0056717,0
te_0056718,0
te_0056719,0
te_0056720,0
te_0056721,0
te_0056722,0
te_0056723,0
te_0056724,0
te_0056725,0
te_0056726,0
te_0056727,0
te_0056728,0
te_0056729,0
te_0056730,0
te_0056731,0
te_0056732,0
te_0056733,0
te_0056734,0
te_0056735,0
te_0056736,0
te_0056737,0
te_0056738,0
te_0056739,0
te_0056740,0
te_0056741,0
te_0056742,0
te_0056743,0
te_0056744,0
te_0056745,0
te_0056746,0
te_0056747,0
te_0056748,0
te_0056749,0
te_0056750,0
te_0056751,0
te_0056752,0
te_0056753,0
te_0056754,0
te_0056755,0
te_0056756,0
te_0056757,0
te_0056758,0
te_0056759,0
te_0056760,0
te_0056761,0
te_0056762,0
te_0056763,0
te_0056764,0
te_0056765,0
te_0056766,0
te_0056767,0
te_0056768,0
te_0056769,0
te_0056770,0
te_0056771,0
te_0056772,0
te_0056773,0
te_0056774,0
te_0056775,0
te_0056776,0
te_0056777,0
te_0056778,0
te_0056779,0
te_0056780,0
te_0056781,0
te_0056782,0
te_0056783,0
te_0056784,0
te_0056785,0
te_0056786,0
te_0056787,0
te_0056788,0
te_0056789,0
te_0056790,0
te_0056791,0
te_0056792,0
te_0056793,0
te_0056794,0
te_0056795,0
te_0056796,0
te_0056797,0
te_0056798,0
te_0056799,0
te_0056800,0
te_0056801,0
te_0056802,0
te_0056803,0
te_0056804,0
te_0056805,0
te_0056806,0
te_0056807,0
te_0056808,0
te_0056809,0
te_0056810,0
te_0056811,0
te_0056812,0
te_0056813,0
te_0056814,0
te_0056815,0
te_0056816,0
te_0056817,0
te_0056818,0
te_0056819,0
te_0056820,0
te_0056821,0
te_0056822,0
te_0056823,0
te_0056824,0
te_0056825,0
te_0056826,0
te_0056827,0
te_0056828,0
te_0056829,0
te_0056830,0
te_0056831,0
te_0056832,0
te_0056833,0
te_0056834,0
te_0056835,0
te_0056836,0
te_0056837,0
te_0056838,0
te_0056839,0
te_0056840,0
te_0056841,0
te_0056842,0
te_0056843,0
te_0056844,0
te_0056845,0
te_0056846,0
te_0056847,0
te_0056848,0
te_0056849,0
te_0056850,0
te_0056851,0
te_0056852,0
te_0056853,0
te_0056854,0
te_0056855,0
te_0056856,0
te_0056857,0
te_0056858,0
te_0056859,0
te_0056860,0
te_0056861,0
te_0056862,0
te_0056863,0
te_0056864,0
te_0056865,0
te_0056866,0
te_0056867,0
te_0056868,0
te_0056869,0
te_0056870,0
te_0056871,0
te_0056872,0
te_0056873,0
te_0056874,0
te_0056875,0
te_0056876,0
te_0056877,0
te_0056878,0
te_0056879,0
te_0056880,0
te_0056881,0
te_0056882,0
te_0056883,0
te_0056884,0
te_0056885,0
te_0056886,0
te_0056887,0
te_0056888,0
te_0056889,0
te_0056890,0
te_0056891,0
te_0056892,0
te_0056893,0
te_0056894,0
te_0056895,0
te_0056896,0
te_0056897,0
te_0056898,0
te_0056899,0
te_0056900,0
te_0056901,0
te_0056902,0
te_0056903,0
te_0056904,0
te_0056905,0
te_0056906,0
te_0056907,0
te_0056908,0
te_0056909,0
te_0056910,0
te_0056911,0
te_0056912,0
te_0056913,0
te_0056914,0
te_0056915,0
te_0056916,0
te_0056917,0
te_0056918,0
te_0056919,0
te_0056920,0
te_0056921,0
te_0056922,0
te_0056923,0
te_0056924,0
te_0056925,0
te_0056926,0
te_0056927,0
te_0056928,0
te_0056929,0
te_0056930,0
te_0056931,0
te_0056932,0
te_0056933,0
te_0056934,0
te_0056935,0
te_0056936,0
te_0056937,0
te_0056938,0
te_0056939,0
te_0056940,0
te_0056941,0
te_0056942,0
te_0056943,0
te_0056944,0
te_0056945,0
te_0056946,0
te_0056947,0
te_0056948,0
te_0056949,0
te_0056950,0
te_0056951,0
te_0056952,0
te_0056953,0
te_0056954,0
te_0056955,0
te_0056956,0
te_0056957,0
te_0056958,0
te_0056959,0
te_0056960,0
te_0056961,0
te_0056962,0
te_0056963,0
te_0056964,0
te_0056965,0
te_0056966,0
te_0056967,0
te_0056968,0
te_0056969,0
te_0056970,0
te_0056971,0
te_0056972,0
te_0056973,0
te_0056974,0
te_0056975,0
te_0056976,0
te_0056977,0
te_0056978,0
te_0056979,0
te_0056980,0
te_0056981,0
te_0056982,0
te_0056983,0
te_0056984,0
te_0056985,0
te_0056986,0
te_0056987,0
te_0056988,0
te_0056989,0
te_0056990,0
te_0056991,0
te_0056992,0
te_0056993,0
te_0056994,0
te_0056995,0
te_0056996,0
te_0056997,0
te_0056998,0
te_0056999,0
te_0057000,0
te_0057001,0
te_0057002,0
te_0057003,0
te_0057004,0
te_0057005,0
te_0057006,0
te_0057007,0
te_0057008,0
te_0057009,0
te_0057010,0
te_0057011,0
te_0057012,0
te_0057013,0
te_0057014,0
te_0057015,0
te_0057016,0
te_0057017,0
te_0057018,0
te_0057019,0
te_0057020,0
te_0057021,0
te_0057022,0
te_0057023,0
te_0057024,0
te_0057025,0
te_0057026,0
te_0057027,0
te_0057028,0
te_0057029,0
te_0057030,0
te_0057031,0
te_0057032,0
te_0057033,0
te_0057034,0
te_0057035,0
te_0057036,0
te_0057037,0
te_0057038,0
te_0057039,0
te_0057040,0
te_0057041,0
te_0057042,0
te_0057043,0
te_0057044,0
te_0057045,0
te_0057046,0
te_0057047,0
te_0057048,0
te_0057049,0
te_0057050,0
te_0057051,0
te_0057052,0
te_0057053,0
te_0057054,0
te_0057055,0
te_0057056,0
te_0057057,0
te_0057058,0
te_0057059,0
te_0057060,0
te_0057061,0
te_0057062,0
te_0057063,0
te_0057064,0
te_0057065,0
te_0057066,0
te_0057067,0
te_0057068,0
te_0057069,0
te_0057070,0
te_0057071,0
te_0057072,0
te_0057073,0
te_0057074,0
te_0057075,0
te_0057076,0
te_0057077,0
te_0057078,0
te_0057079,0
te_0057080,0
te_0057081,0
te_0057082,0
te_0057083,0
te_0057084,0
te_0057085,0
te_0057086,0
te_0057087,0
te_0057088,0
te_0057089,0
te_0057090,0
te_0057091,0
te_0057092,0
te_0057093,0
te_0057094,0
te_0057095,0
te_0057096,0
te_0057097,0
te_0057098,0
te_0057099,0
te_0057100,0
te_0057101,0
te_0057102,0
te_0057103,0
te_0057104,0
te_0057105,0
te_0057106,0
te_0057107,0
te_0057108,0
te_0057109,0
te_0057110,0
te_0057111,0
te_0057112,0
te_0057113,0
te_0057114,0
te_0057115,0
te_0057116,0
te_0057117,0
te_0057118,0
te_0057119,0
te_0057120,0
te_0057121,0
te_0057122,0
te_0057123,0
te_0057124,0
te_0057125,0
te_0057126,0
te_0057127,0
te_0057128,0
te_0057129,0
te_0057130,0
te_0057131,0
te_0057132,0
te_0057133,0
te_0057134,0
te_0057135,0
te_0057136,0
te_0057137,0
te_0057138,0
te_0057139,0
te_0057140,0
te_0057141,0
te_0057142,0
te_0057143,0
te_0057144,0
te_0057145,0
te_0057146,0
te_0057147,0
te_0057148,0
te_0057149,0
te_0057150,0
te_0057151,0
te_0057152,0
te_0057153,0
te_0057154,0
te_0057155,0
te_0057156,0
te_0057157,0
te_0057158,0
te_0057159,0
te_0057160,0
te_0057161,0
te_0057162,0
te_0057163,0
te_0057164,0
te_0057165,0
te_0057166,0
te_0057167,0
te_0057168,0
te_0057169,0
te_0057170,0
te_0057171,0
te_0057172,0
te_0057173,0
te_0057174,0
te_0057175,0
te_0057176,0
te_0057177,0
te_0057178,0
te_0057179,0
te_0057180,0
te_0057181,0
te_0057182,0
te_0057183,0
te_0057184,0
te_0057185,0
te_0057186,0
te_0057187,0
te_0057188,0
te_0057189,0
te_0057190,0
te_0057191,0
te_0057192,0
te_0057193,0
te_0057194,0
te_0057195,0
te_0057196,0
te_0057197,0
te_0057198,0
te_0057199,0
te_0057200,0
te_0057201,0
te_0057202,0
te_0057203,0
te_0057204,0
te_0057205,0
te_0057206,0
te_0057207,0
te_0057208,0
te_0057209,0
te_0057210,0
te_0057211,0
te_0057212,0
te_0057213,0
te_0057214,0
te_0057215,0
te_0057216,0
te_0057217,0
te_0057218,0
te_0057219,0
te_0057220,0
te_0057221,0
te_0057222,0
te_0057223,0
te_0057224,0
te_0057225,0
te_0057226,0
te_0057227,0
te_0057228,0
te_0057229,0
te_0057230,0
te_0057231,0
te_0057232,0
te_0057233,0
te_0057234,0
te_0057235,0
te_0057236,0
te_0057237,0
te_0057238,0
te_0057239,0
te_0057240,0
te_0057241,0
te_0057242,0
te_0057243,0
te_0057244,0
te_0057245,0
te_0057246,0
te_0057247,0
te_0057248,0
te_0057249,0
te_0057250,0
te_0057251,0
te_0057252,0
te_0057253,0
te_0057254,0
te_0057255,0
te_0057256,0
te_0057257,0
te_0057258,0
te_0057259,0
te_0057260,0
te_0057261,0
te_0057262,0
te_0057263,0
te_0057264,0
te_0057265,0
te_0057266,0
te_0057267,0
te_0057268,0
te_0057269,0
te_0057270,0
te_0057271,0
te_0057272,0
te_0057273,0
te_0057274,0
te_0057275,0
te_0057276,0
te_0057277,0
te_0057278,0
te_0057279,0
te_0057280,0
te_0057281,0
te_0057282,0
te_0057283,0
te_0057284,0
te_0057285,0
te_0057286,0
te_0057287,0
te_0057288,0
te_0057289,0
te_0057290,0
te_0057291,0
te_0057292,0
te_0057293,0
te_0057294,0
te_0057295,0
te_0057296,0
te_0057297,0
te_0057298,0
te_0057299,0
te_0057300,0
te_0057301,0
te_0057302,0
te_0057303,0
te_0057304,0
te_0057305,0
te_0057306,0
te_0057307,0
te_0057308,0
te_0057309,0
te_0057310,0
te_0057311,0
te_0057312,0
te_0057313,0
te_0057314,0
te_0057315,0
te_0057316,0
te_0057317,0
te_0057318,0
te_0057319,0
te_0057320,0
te_0057321,0
te_0057322,0
te_0057323,0
te_0057324,0
te_0057325,0
te_0057326,0
te_0057327,0
te_0057328,0
te_0057329,0
te_0057330,0
te_0057331,0
te_0057332,0
te_0057333,0
te_0057334,0
te_0057335,0
te_0057336,0
te_0057337,0
te_0057338,0
te_0057339,0
te_0057340,0
te_0057341,0
te_0057342,0
te_0057343,0
te_0057344,0
te_0057345,0
te_0057346,0
te_0057347,0
te_0057348,0
te_0057349,0
te_0057350,0
te_0057351,0
te_0057352,0
te_0057353,0
te_0057354,0
te_0057355,0
te_0057356,0
te_0057357,0
te_0057358,0
te_0057359,0
te_0057360,0
te_0057361,0
te_0057362,0
te_0057363,0
te_0057364,0
te_0057365,0
te_0057366,0
te_0057367,0
te_0057368,0
te_0057369,0
te_0057370,0
te_0057371,0
te_0057372,0
te_0057373,0
te_0057374,0
te_0057375,0
te_0057376,0
te_0057377,0
te_0057378,0
te_0057379,0
te_0057380,0
te_0057381,0
te_0057382,0
te_0057383,0
te_0057384,0
te_0057385,0
te_0057386,0
te_0057387,0
te_0057388,0
te_0057389,0
te_0057390,0
te_0057391,0
te_0057392,0
te_0057393,0
te_0057394,0
te_0057395,0
te_0057396,0
te_0057397,0
te_0057398,0
te_0057399,0
te_0057400,0
te_0057401,0
te_0057402,0
te_0057403,0
te_0057404,0
te_0057405,0
te_0057406,0
te_0057407,0
te_0057408,0
te_0057409,0
te_0057410,0
te_0057411,0
te_0057412,0
te_0057413,0
te_0057414,0
te_0057415,0
te_0057416,0
te_0057417,0
te_0057418,0
te_0057419,0
te_0057420,0
te_0057421,0
te_0057422,0
te_0057423,0
te_0057424,0
te_0057425,0
te_0057426,0
te_0057427,0
te_0057428,0
te_0057429,0
te_0057430,0
te_0057431,0
te_0057432,0
te_0057433,0
te_0057434,0
te_0057435,0
te_0057436,0
te_0057437,0
te_0057438,0
te_0057439,0
te_0057440,0
te_0057441,0
te_0057442,0
te_0057443,0
te_0057444,0
te_0057445,0
te_0057446,0
te_0057447,0
te_0057448,0
te_0057449,0
te_0057450,0
te_0057451,0
te_0057452,0
te_0057453,0
te_0057454,0
te_0057455,0
te_0057456,0
te_0057457,0
te_0057458,0
te_0057459,0
te_0057460,0
te_0057461,0
te_0057462,0
te_0057463,0
te_0057464,0
te_0057465,0
te_0057466,0
te_0057467,0
te_0057468,0
te_0057469,0
te_0057470,0
te_0057471,0
te_0057472,0
te_0057473,0
te_0057474,0
te_0057475,0
te_0057476,0
te_0057477,0
te_0057478,0
te_0057479,0
te_0057480,0
te_0057481,0
te_0057482,0
te_0057483,0
te_0057484,0
te_0057485,0
te_0057486,0
te_0057487,0
te_0057488,0
te_0057489,0
te_0057490,0
te_0057491,0
te_0057492,0
te_0057493,0
te_0057494,0
te_0057495,0
te_0057496,0
te_0057497,0
te_0057498,0
te_0057499,0
te_0057500,0
te_0057501,0
te_0057502,0
te_0057503,0
te_0057504,0
te_0057505,0
te_0057506,0
te_0057507,0
te_0057508,0
te_0057509,0
te_0057510,0
te_0057511,0
te_0057512,0
te_0057513,0
te_0057514,0
te_0057515,0
te_0057516,0
te_0057517,0
te_0057518,0
te_0057519,0
te_0057520,0
te_0057521,0
te_0057522,0
te_0057523,0
te_0057524,0
te_0057525,0
te_0057526,0
te_0057527,0
te_0057528,0
te_0057529,0
te_0057530,0
te_0057531,0
te_0057532,0
te_0057533,0
te_0057534,0
te_0057535,0
te_0057536,0
te_0057537,0
te_0057538,0
te_0057539,0
te_0057540,0
te_0057541,0
te_0057542,0
te_0057543,0
te_0057544,0
te_0057545,0
te_0057546,0
te_0057547,0
te_0057548,0
te_0057549,0
te_0057550,0
te_0057551,0
te_0057552,0
te_0057553,0
te_0057554,0
te_0057555,0
te_0057556,0
te_0057557,0
te_0057558,0
te_0057559,0
te_0057560,0
te_0057561,0
te_0057562,0
te_0057563,0
te_0057564,0
te_0057565,0
te_0057566,0
te_0057567,0
te_0057568,0
te_0057569,0
te_0057570,0
te_0057571,0
te_0057572,0
te_0057573,0
te_0057574,0
te_0057575,0
te_0057576,0
te_0057577,0
te_0057578,0
te_0057579,0
te_0057580,0
te_0057581,0
te_0057582,0
te_0057583,0
te_0057584,0
te_0057585,0
te_0057586,0
te_0057587,0
te_0057588,0
te_0057589,0
te_0057590,0
te_0057591,0
te_0057592,0
te_0057593,0
te_0057594,0
te_0057595,0
te_0057596,0
te_0057597,0
te_0057598,0
te_0057599,0
te_0057600,0
te_0057601,0
te_0057602,0
te_0057603,0
te_0057604,0
te_0057605,0
te_0057606,0
te_0057607,0
te_0057608,0
te_0057609,0
te_0057610,0
te_0057611,0
te_0057612,0
te_0057613,0
te_0057614,0
te_0057615,0
te_0057616,0
te_0057617,0
te_0057618,0
te_0057619,0
te_0057620,0
te_0057621,0
te_0057622,0
te_0057623,0
te_0057624,0
te_0057625,0
te_0057626,0
te_0057627,0
te_0057628,0
te_0057629,0
te_0057630,0
te_0057631,0
te_0057632,0
te_0057633,0
te_0057634,0
te_0057635,0
te_0057636,0
te_0057637,0
te_0057638,0
te_0057639,0
te_0057640,0
te_0057641,0
te_0057642,0
te_0057643,0
te_0057644,0
te_0057645,0
te_0057646,0
te_0057647,0
te_0057648,0
te_0057649,0
te_0057650,0
te_0057651,0
te_0057652,0
te_0057653,0
te_0057654,0
te_0057655,0
te_0057656,0
te_0057657,0
te_0057658,0
te_0057659,0
te_0057660,0
te_0057661,0
te_0057662,0
te_0057663,0
te_0057664,0
te_0057665,0
te_0057666,0
te_0057667,0
te_0057668,0
te_0057669,0
te_0057670,0
te_0057671,0
te_0057672,0
te_0057673,0
te_0057674,0
te_0057675,0
te_0057676,0
te_0057677,0
te_0057678,0
te_0057679,0
te_0057680,0
te_0057681,0
te_0057682,0
te_0057683,0
te_0057684,0
te_0057685,0
te_0057686,0
te_0057687,0
te_0057688,0
te_0057689,0
te_0057690,0
te_0057691,0
te_0057692,0
te_0057693,0
te_0057694,0
te_0057695,0
te_0057696,0
te_0057697,0
te_0057698,0
te_0057699,0
te_0057700,0
te_0057701,0
te_0057702,0
te_0057703,0
te_0057704,0
te_0057705,0
te_0057706,0
te_0057707,0
te_0057708,0
te_0057709,0
te_0057710,0
te_0057711,0
te_0057712,0
te_0057713,0
te_0057714,0
te_0057715,0
te_0057716,0
te_0057717,0
te_0057718,0
te_0057719,0
te_0057720,0
te_0057721,0
te_0057722,0
te_0057723,0
te_0057724,0
te_0057725,0
te_0057726,0
te_0057727,0
te_0057728,0
te_0057729,0
te_0057730,0
te_0057731,0
te_0057732,0
te_0057733,0
te_0057734,0
te_0057735,0
te_0057736,0
te_0057737,0
te_0057738,0
te_0057739,0
te_0057740,0
te_0057741,0
te_0057742,0
te_0057743,0
te_0057744,0
te_0057745,0
te_0057746,0
te_0057747,0
te_0057748,0
te_0057749,0
te_0057750,0
te_0057751,0
te_0057752,0
te_0057753,0
te_0057754,0
te_0057755,0
te_0057756,0
te_0057757,0
te_0057758,0
te_0057759,0
te_0057760,0
te_0057761,0
te_0057762,0
te_0057763,0
te_0057764,0
te_0057765,0
te_0057766,0
te_0057767,0
te_0057768,0
te_0057769,0
te_0057770,0
te_0057771,0
te_0057772,0
te_0057773,0
te_0057774,0
te_0057775,0
te_0057776,0
te_0057777,0
te_0057778,0
te_0057779,0
te_0057780,0
te_0057781,0
te_0057782,0
te_0057783,0
te_0057784,0
te_0057785,0
te_0057786,0
te_0057787,0
te_0057788,0
te_0057789,0
te_0057790,0
te_0057791,0
te_0057792,0
te_0057793,0
te_0057794,0
te_0057795,0
te_0057796,0
te_0057797,0
te_0057798,0
te_0057799,0
te_0057800,0
te_0057801,0
te_0057802,0
te_0057803,0
te_0057804,0
te_0057805,0
te_0057806,0
te_0057807,0
te_0057808,0
te_0057809,0
te_0057810,0
te_0057811,0
te_0057812,0
te_0057813,0
te_0057814,0
te_0057815,0
te_0057816,0
te_0057817,0
te_0057818,0
te_0057819,0
te_0057820,0
te_0057821,0
te_0057822,0
te_0057823,0
te_0057824,0
te_0057825,0
te_0057826,0
te_0057827,0
te_0057828,0
te_0057829,0
te_0057830,0
te_0057831,0
te_0057832,0
te_0057833,0
te_0057834,0
te_0057835,0
te_0057836,0
te_0057837,0
te_0057838,0
te_0057839,0
te_0057840,0
te_0057841,0
te_0057842,0
te_0057843,0
te_0057844,0
te_0057845,0
te_0057846,0
te_0057847,0
te_0057848,0
te_0057849,0
te_0057850,0
te_0057851,0
te_0057852,0
te_0057853,0
te_0057854,0
te_0057855,0
te_0057856,0
te_0057857,0
te_0057858,0
te_0057859,0
te_0057860,0
te_0057861,0
te_0057862,0
te_0057863,0
te_0057864,0
te_0057865,0
te_0057866,0
te_0057867,0
te_0057868,0
te_0057869,0
te_0057870,0
te_0057871,0
te_0057872,0
te_0057873,0
te_0057874,0
te_0057875,0
te_0057876,0
te_0057877,0
te_0057878,0
te_0057879,0
te_0057880,0
te_0057881,0
te_0057882,0
te_0057883,0
te_0057884,0
te_0057885,0
te_0057886,0
te_0057887,0
te_0057888,0
te_0057889,0
te_0057890,0
te_0057891,0
te_0057892,0
te_0057893,0
te_0057894,0
te_0057895,0
te_0057896,0
te_0057897,0
te_0057898,0
te_0057899,0
te_0057900,0
te_0057901,0
te_0057902,0
te_0057903,0
te_0057904,0
te_0057905,0
te_0057906,0
te_0057907,0
te_0057908,0
te_0057909,0
te_0057910,0
te_0057911,0
te_0057912,0
te_0057913,0
te_0057914,0
te_0057915,0
te_0057916,0
te_0057917,0
te_0057918,0
te_0057919,0
te_0057920,0
te_0057921,0
te_0057922,0
te_0057923,0
te_0057924,0
te_0057925,0
te_0057926,0
te_0057927,0
te_0057928,0
te_0057929,0
te_0057930,0
te_0057931,0
te_0057932,0
te_0057933,0
te_0057934,0
te_0057935,0
te_0057936,0
te_0057937,0
te_0057938,0
te_0057939,0
te_0057940,0
te_0057941,0
te_0057942,0
te_0057943,0
te_0057944,0
te_0057945,0
te_0057946,0
te_0057947,0
te_0057948,0
te_0057949,0
te_0057950,0
te_0057951,0
te_0057952,0
te_0057953,0
te_0057954,0
te_0057955,0
te_0057956,0
te_0057957,0
te_0057958,0
te_0057959,0
te_0057960,0
te_0057961,0
te_0057962,0
te_0057963,0
te_0057964,0
te_0057965,0
te_0057966,0
te_0057967,0
te_0057968,0
te_0057969,0
te_0057970,0
te_0057971,0
te_0057972,0
te_0057973,0
te_0057974,0
te_0057975,0
te_0057976,0
te_0057977,0
te_0057978,0
te_0057979,0
te_0057980,0
te_0057981,0
te_0057982,0
te_0057983,0
te_0057984,0
te_0057985,0
te_0057986,0
te_0057987,0
te_0057988,0
te_0057989,0
te_0057990,0
te_0057991,0
te_0057992,0
te_0057993,0
te_0057994,0
te_0057995,0
te_0057996,0
te_0057997,0
te_0057998,0
te_0057999,0
te_0058000,0
te_0058001,0
te_0058002,0
te_0058003,0
te_0058004,0
te_0058005,0
te_0058006,0
te_0058007,0
te_0058008,0
te_0058009,0
te_0058010,0
te_0058011,0
te_0058012,0
te_0058013,0
te_0058014,0
te_0058015,0
te_0058016,0
te_0058017,0
te_0058018,0
te_0058019,0
te_0058020,0
te_0058021,0
te_0058022,0
te_0058023,0
te_0058024,0
te_0058025,0
te_0058026,0
te_0058027,0
te_0058028,0
te_0058029,0
te_0058030,0
te_0058031,0
te_0058032,0
te_0058033,0
te_0058034,0
te_0058035,0
te_0058036,0
te_0058037,0
te_0058038,0
te_0058039,0
te_0058040,0
te_0058041,0
te_0058042,0
te_0058043,0
te_0058044,0
te_0058045,0
te_0058046,0
te_0058047,0
te_0058048,0
te_0058049,0
te_0058050,0
te_0058051,0
te_0058052,0
te_0058053,0
te_0058054,0
te_0058055,0
te_0058056,0
te_0058057,0
te_0058058,0
te_0058059,0
te_0058060,0
te_0058061,0
te_0058062,0
te_0058063,0
te_0058064,0
te_0058065,0
te_0058066,0
te_0058067,0
te_0058068,0
te_0058069,0
te_0058070,0
te_0058071,0
te_0058072,0
te_0058073,0
te_0058074,0
te_0058075,0
te_0058076,0
te_0058077,0
te_0058078,0
te_0058079,0
te_0058080,0
te_0058081,0
te_0058082,0
te_0058083,0
te_0058084,0
te_0058085,0
te_0058086,0
te_0058087,0
te_0058088,0
te_0058089,0
te_0058090,0
te_0058091,0
te_0058092,0
te_0058093,0
te_0058094,0
te_0058095,0
te_0058096,0
te_0058097,0
te_0058098,0
te_0058099,0
te_0058100,0
te_0058101,0
te_0058102,0
te_0058103,0
te_0058104,0
te_0058105,0
te_0058106,0
te_0058107,0
te_0058108,0
te_0058109,0
te_0058110,0
te_0058111,0
te_0058112,0
te_0058113,0
te_0058114,0
te_0058115,0
te_0058116,0
te_0058117,0
te_0058118,0
te_0058119,0
te_0058120,0
te_0058121,0
te_0058122,0
te_0058123,0
te_0058124,0
te_0058125,0
te_0058126,0
te_0058127,0
te_0058128,0
te_0058129,0
te_0058130,0
te_0058131,0
te_0058132,0
te_0058133,0
te_0058134,0
te_0058135,0
te_0058136,0
te_0058137,0
te_0058138,0
te_0058139,0
te_0058140,0
te_0058141,0
te_0058142,0
te_0058143,0
te_0058144,0
te_0058145,0
te_0058146,0
te_0058147,0
te_0058148,0
te_0058149,0
te_0058150,0
te_0058151,0
te_0058152,0
te_0058153,0
te_0058154,0
te_0058155,0
te_0058156,0
te_0058157,0
te_0058158,0
te_0058159,0
te_0058160,0
te_0058161,0
te_0058162,0
te_0058163,0
te_0058164,0
te_0058165,0
te_0058166,0
te_0058167,0
te_0058168,0
te_0058169,0
te_0058170,0
te_0058171,0
te_0058172,0
te_0058173,0
te_0058174,0
te_0058175,0
te_0058176,0
te_0058177,0
te_0058178,0
te_0058179,0
te_0058180,0
te_0058181,0
te_0058182,0
te_0058183,0
te_0058184,0
te_0058185,0
te_0058186,0
te_0058187,0
te_0058188,0
te_0058189,0
te_0058190,0
te_0058191,0
te_0058192,0
te_0058193,0
te_0058194,0
te_0058195,0
te_0058196,0
te_0058197,0
te_0058198,0
te_0058199,0
te_0058200,0
te_0058201,0
te_0058202,0
te_0058203,0
te_0058204,0
te_0058205,0
te_0058206,0
te_0058207,0
te_0058208,0
te_0058209,0
te_0058210,0
te_0058211,0
te_0058212,0
te_0058213,0
te_0058214,0
te_0058215,0
te_0058216,0
te_0058217,0
te_0058218,0
te_0058219,0
te_0058220,0
te_0058221,0
te_0058222,0
te_0058223,0
te_0058224,0
te_0058225,0
te_0058226,0
te_0058227,0
te_0058228,0
te_0058229,0
te_0058230,0
te_0058231,0
te_0058232,0
te_0058233,0
te_0058234,0
te_0058235,0
te_0058236,0
te_0058237,0
te_0058238,0
te_0058239,0
te_0058240,0
te_0058241,0
te_0058242,0
te_0058243,0
te_0058244,0
te_0058245,0
te_0058246,0
te_0058247,0
te_0058248,0
te_0058249,0
te_0058250,0
te_0058251,0
te_0058252,0
te_0058253,0
te_0058254,0
te_0058255,0
te_0058256,0
te_0058257,0
te_0058258,0
te_0058259,0
te_0058260,0
te_0058261,0
te_0058262,0
te_0058263,0
te_0058264,0
te_0058265,0
te_0058266,0
te_0058267,0
te_0058268,0
te_0058269,0
te_0058270,0
te_0058271,0
te_0058272,0
te_0058273,0
te_0058274,0
te_0058275,0
te_0058276,0
te_0058277,0
te_0058278,0
te_0058279,0
te_0058280,0
te_0058281,0
te_0058282,0
te_0058283,0
te_0058284,0
te_0058285,0
te_0058286,0
te_0058287,0
te_0058288,0
te_0058289,0
te_0058290,0
te_0058291,0
te_0058292,0
te_0058293,0
te_0058294,0
te_0058295,0
te_0058296,0
te_0058297,0
te_0058298,0
te_0058299,0
te_0058300,0
te_0058301,0
te_0058302,0
te_0058303,0
te_0058304,0
te_0058305,0
te_0058306,0
te_0058307,0
te_0058308,0
te_0058309,0
te_0058310,0
te_0058311,0
te_0058312,0
te_0058313,0
te_0058314,0
te_0058315,0
te_0058316,0
te_0058317,0
te_0058318,0
te_0058319,0
te_0058320,0
te_0058321,0
te_0058322,0
te_0058323,0
te_0058324,0
te_0058325,0
te_0058326,0
te_0058327,0
te_0058328,0
te_0058329,0
te_0058330,0
te_0058331,0
te_0058332,0
te_0058333,0
te_0058334,0
te_0058335,0
te_0058336,0
te_0058337,0
te_0058338,0
te_0058339,0
te_0058340,0
te_0058341,0
te_0058342,0
te_0058343,0
te_0058344,0
te_0058345,0
te_0058346,0
te_0058347,0
te_0058348,0
te_0058349,0
te_0058350,0
te_0058351,0
te_0058352,0
te_0058353,0
te_0058354,0
te_0058355,0
te_0058356,0
te_0058357,0
te_0058358,0
te_0058359,0
te_0058360,0
te_0058361,0
te_0058362,0
te_0058363,0
te_0058364,0
te_0058365,0
te_0058366,0
te_0058367,0
te_0058368,0
te_0058369,0
te_0058370,0
te_0058371,0
te_0058372,0
te_0058373,0
te_0058374,0
te_0058375,0
te_0058376,0
te_0058377,0
te_0058378,0
te_0058379,0
te_0058380,0
te_0058381,0
te_0058382,0
te_0058383,0
te_0058384,0
te_0058385,0
te_0058386,0
te_0058387,0
te_0058388,0
te_0058389,0
te_0058390,0
te_0058391,0
te_0058392,0
te_0058393,0
te_0058394,0
te_0058395,0
te_0058396,0
te_0058397,0
te_0058398,0
te_0058399,0
te_0058400,0
te_0058401,0
te_0058402,0
te_0058403,0
te_0058404,0
te_0058405,0
te_0058406,0
te_0058407,0
te_0058408,0
te_0058409,0
te_0058410,0
te_0058411,0
te_0058412,0
te_0058413,0
te_0058414,0
te_0058415,0
te_0058416,0
te_0058417,0
te_0058418,0
te_0058419,0
te_0058420,0
te_0058421,0
te_0058422,0
te_0058423,0
te_0058424,0
te_0058425,0
te_0058426,0
te_0058427,0
te_0058428,0
te_0058429,0
te_0058430,0
te_0058431,0
te_0058432,0
te_0058433,0
te_0058434,0
te_0058435,0
te_0058436,0
te_0058437,0
te_0058438,0
te_0058439,0
te_0058440,0
te_0058441,0
te_0058442,0
te_0058443,0
te_0058444,0
te_0058445,0
te_0058446,0
te_0058447,0
te_0058448,0
te_0058449,0
te_0058450,0
te_0058451,0
te_0058452,0
te_0058453,0
te_0058454,0
te_0058455,0
te_0058456,0
te_0058457,0
te_0058458,0
te_0058459,0
te_0058460,0
te_0058461,0
te_0058462,0
te_0058463,0
te_0058464,0
te_0058465,0
te_0058466,0
te_0058467,0
te_0058468,0
te_0058469,0
te_0058470,0
te_0058471,0
te_0058472,0
te_0058473,0
te_0058474,0
te_0058475,0
te_0058476,0
te_0058477,0
te_0058478,0
te_0058479,0
te_0058480,0
te_0058481,0
te_0058482,0
te_0058483,0
te_0058484,0
te_0058485,0
te_0058486,0
te_0058487,0
te_0058488,0
te_0058489,0
te_0058490,0
te_0058491,0
te_0058492,0
te_0058493,0
te_0058494,0
te_0058495,0
te_0058496,0
te_0058497,0
te_0058498,0
te_0058499,0
te_0058500,0
te_0058501,0
te_0058502,0
te_0058503,0
te_0058504,0
te_0058505,0
te_0058506,0
te_0058507,0
te_0058508,0
te_0058509,0
te_0058510,0
te_0058511,0
te_0058512,0
te_0058513,0
te_0058514,0
te_0058515,0
te_0058516,0
te_0058517,0
te_0058518,0
te_0058519,0
te_0058520,0
te_0058521,0
te_0058522,0
te_0058523,0
te_0058524,0
te_0058525,0
te_0058526,0
te_0058527,0
te_0058528,0
te_0058529,0
te_0058530,0
te_0058531,0
te_0058532,0
te_0058533,0
te_0058534,0
te_0058535,0
te_0058536,0
te_0058537,0
te_0058538,0
te_0058539,0
te_0058540,0
te_0058541,0
te_0058542,0
te_0058543,0
te_0058544,0
te_0058545,0
te_0058546,0
te_0058547,0
te_0058548,0
te_0058549,0
te_0058550,0
te_0058551,0
te_0058552,0
te_0058553,0
te_0058554,0
te_0058555,0
te_0058556,0
te_0058557,0
te_0058558,0
te_0058559,0
te_0058560,0
te_0058561,0
te_0058562,0
te_0058563,0
te_0058564,0
te_0058565,0
te_0058566,0
te_0058567,0
te_0058568,0
te_0058569,0
te_0058570,0
te_0058571,0
te_0058572,0
te_0058573,0
te_0058574,0
te_0058575,0
te_0058576,0
te_0058577,0
te_0058578,0
te_0058579,0
te_0058580,0
te_0058581,0
te_0058582,0
te_0058583,0
te_0058584,0
te_0058585,0
te_0058586,0
te_0058587,0
te_0058588,0
te_0058589,0
te_0058590,0
te_0058591,0
te_0058592,0
te_0058593,0
te_0058594,0
te_0058595,0
te_0058596,0
te_0058597,0
te_0058598,0
te_0058599,0
te_0058600,0
te_0058601,0
te_0058602,0
te_0058603,0
te_0058604,0
te_0058605,0
te_0058606,0
te_0058607,0
te_0058608,0
te_0058609,0
te_0058610,0
te_0058611,0
te_0058612,0
te_0058613,0
te_0058614,0
te_0058615,0
te_0058616,0
te_0058617,0
te_0058618,0
te_0058619,0
te_0058620,0
te_0058621,0
te_0058622,0
te_0058623,0
te_0058624,0
te_0058625,0
te_0058626,0
te_0058627,0
te_0058628,0
te_0058629,0
te_0058630,0
te_0058631,0
te_0058632,0
te_0058633,0
te_0058634,0
te_0058635,0
te_0058636,0
te_0058637,0
te_0058638,0
te_0058639,0
te_0058640,0
te_0058641,0
te_0058642,0
te_0058643,0
te_0058644,0
te_0058645,0
te_0058646,0
te_0058647,0
te_0058648,0
te_0058649,0
te_0058650,0
te_0058651,0
te_0058652,0
te_0058653,0
te_0058654,0
te_0058655,0
te_0058656,0
te_0058657,0
te_0058658,0
te_0058659,0
te_0058660,0
te_0058661,0
te_0058662,0
te_0058663,0
te_0058664,0
te_0058665,0
te_0058666,0
te_0058667,0
te_0058668,0
te_0058669,0
te_0058670,0
te_0058671,0
te_0058672,0
te_0058673,0
te_0058674,0
te_0058675,0
te_0058676,0
te_0058677,0
te_0058678,0
te_0058679,0
te_0058680,0
te_0058681,0
te_0058682,0
te_0058683,0
te_0058684,0
te_0058685,0
te_0058686,0
te_0058687,0
te_0058688,0
te_0058689,0
te_0058690,0
te_0058691,0
te_0058692,0
te_0058693,0
te_0058694,0
te_0058695,0
te_0058696,0
te_0058697,0
te_0058698,0
te_0058699,0
te_0058700,0
te_0058701,0
te_0058702,0
te_0058703,0
te_0058704,0
te_0058705,0
te_0058706,0
te_0058707,0
te_0058708,0
te_0058709,0
te_0058710,0
te_0058711,0
te_0058712,0
te_0058713,0
te_0058714,0
te_0058715,0
te_0058716,0
te_0058717,0
te_0058718,0
te_0058719,0
te_0058720,0
te_0058721,0
te_0058722,0
te_0058723,0
te_0058724,0
te_0058725,0
te_0058726,0
te_0058727,0
te_0058728,0
te_0058729,0
te_0058730,0
te_0058731,0
te_0058732,0
te_0058733,0
te_0058734,0
te_0058735,0
te_0058736,0
te_0058737,0
te_0058738,0
te_0058739,0
te_0058740,0
te_0058741,0
te_0058742,0
te_0058743,0
te_0058744,0
te_0058745,0
te_0058746,0
te_0058747,0
te_0058748,0
te_0058749,0
te_0058750,0
te_0058751,0
te_0058752,0
te_0058753,0
te_0058754,0
te_0058755,0
te_0058756,0
te_0058757,0
te_0058758,0
te_0058759,0
te_0058760,0
te_0058761,0
te_0058762,0
te_0058763,0
te_0058764,0
te_0058765,0
te_0058766,0
te_0058767,0
te_0058768,0
te_0058769,0
te_0058770,0
te_0058771,0
te_0058772,0
te_0058773,0
te_0058774,0
te_0058775,0
te_0058776,0
te_0058777,0
te_0058778,0
te_0058779,0
te_0058780,0
te_0058781,0
te_0058782,0
te_0058783,0
te_0058784,0
te_0058785,0
te_0058786,0
te_0058787,0
te_0058788,0
te_0058789,0
te_0058790,0
te_0058791,0
te_0058792,0
te_0058793,0
te_0058794,0
te_0058795,0
te_0058796,0
te_0058797,0
te_0058798,0
te_0058799,0
te_0058800,0
te_0058801,0
te_0058802,0
te_0058803,0
te_0058804,0
te_0058805,0
te_0058806,0
te_0058807,0
te_0058808,0
te_0058809,0
te_0058810,0
te_0058811,0
te_0058812,0
te_0058813,0
te_0058814,0
te_0058815,0
te_0058816,0
te_0058817,0
te_0058818,0
te_0058819,0
te_0058820,0
te_0058821,0
te_0058822,0
te_0058823,0
te_0058824,0
te_0058825,0
te_0058826,0
te_0058827,0
te_0058828,0
te_0058829,0
te_0058830,0
te_0058831,0
te_0058832,0
te_0058833,0
te_0058834,0
te_0058835,0
te_0058836,0
te_0058837,0
te_0058838,0
te_0058839,0
te_0058840,0
te_0058841,0
te_0058842,0
te_0058843,0
te_0058844,0
te_0058845,0
te_0058846,0
te_0058847,0
te_0058848,0
te_0058849,0
te_0058850,0
te_0058851,0
te_0058852,0
te_0058853,0
te_0058854,0
te_0058855,0
te_0058856,0
te_0058857,0
te_0058858,0
te_0058859,0
te_0058860,0
te_0058861,0
te_0058862,0
te_0058863,0
te_0058864,0
te_0058865,0
te_0058866,0
te_0058867,0
te_0058868,0
te_0058869,0
te_0058870,0
te_0058871,0
te_0058872,0
te_0058873,0
te_0058874,0
te_0058875,0
te_0058876,0
te_0058877,0
te_0058878,0
te_0058879,0
te_0058880,0
te_0058881,0
te_0058882,0
te_0058883,0
te_0058884,0
te_0058885,0
te_0058886,0
te_0058887,0
te_0058888,0
te_0058889,0
te_0058890,0
te_0058891,0
te_0058892,0
te_0058893,0
te_0058894,0
te_0058895,0
te_0058896,0
te_0058897,0
te_0058898,0
te_0058899,0
te_0058900,0
te_0058901,0
te_0058902,0
te_0058903,0
te_0058904,0
te_0058905,0
te_0058906,0
te_0058907,0
te_0058908,0
te_0058909,0
te_0058910,0
te_0058911,0
te_0058912,0
te_0058913,0
te_0058914,0
te_0058915,0
te_0058916,0
te_0058917,0
te_0058918,0
te_0058919,0
te_0058920,0
te_0058921,0
te_0058922,0
te_0058923,0
te_0058924,0
te_0058925,0
te_0058926,0
te_0058927,0
te_0058928,0
te_0058929,0
te_0058930,0
te_0058931,0
te_0058932,0
te_0058933,0
te_0058934,0
te_0058935,0
te_0058936,0
te_0058937,0
te_0058938,0
te_0058939,0
te_0058940,0
te_0058941,0
te_0058942,0
te_0058943,0
te_0058944,0
te_0058945,0
te_0058946,0
te_0058947,0
te_0058948,0
te_0058949,0
te_0058950,0
te_0058951,0
te_0058952,0
te_0058953,0
te_0058954,0
te_0058955,0
te_0058956,0
te_0058957,0
te_0058958,0
te_0058959,0
te_0058960,0
te_0058961,0
te_0058962,0
te_0058963,0
te_0058964,0
te_0058965,0
te_0058966,0
te_0058967,0
te_0058968,0
te_0058969,0
te_0058970,0
te_0058971,0
te_0058972,0
te_0058973,0
te_0058974,0
te_0058975,0
te_0058976,0
te_0058977,0
te_0058978,0
te_0058979,0
te_0058980,0
te_0058981,0
te_0058982,0
te_0058983,0
te_0058984,0
te_0058985,0
te_0058986,0
te_0058987,0
te_0058988,0
te_0058989,0
te_0058990,0
te_0058991,0
te_0058992,0
te_0058993,0
te_0058994,0
te_0058995,0
te_0058996,0
te_0058997,0
te_0058998,0
te_0058999,0
te_0059000,0
te_0059001,0
te_0059002,0
te_0059003,0
te_0059004,0
te_0059005,0
te_0059006,0
te_0059007,0
te_0059008,0
te_0059009,0
te_0059010,0
te_0059011,0
te_0059012,0
te_0059013,0
te_0059014,0
te_0059015,0
te_0059016,0
te_0059017,0
te_0059018,0
te_0059019,0
te_0059020,0
te_0059021,0
te_0059022,0
te_0059023,0
te_0059024,0
te_0059025,0
te_0059026,0
te_0059027,0
te_0059028,0
te_0059029,0
te_0059030,0
te_0059031,0
te_0059032,0
te_0059033,0
te_0059034,0
te_0059035,0
te_0059036,0
te_0059037,0
te_0059038,0
te_0059039,0
te_0059040,0
te_0059041,0
te_0059042,0
te_0059043,0
te_0059044,0
te_0059045,0
te_0059046,0
te_0059047,0
te_0059048,0
te_0059049,0
te_0059050,0
te_0059051,0
te_0059052,0
te_0059053,0
te_0059054,0
te_0059055,0
te_0059056,0
te_0059057,0
te_0059058,0
te_0059059,0
te_0059060,0
te_0059061,0
te_0059062,0
te_0059063,0
te_0059064,0
te_0059065,0
te_0059066,0
te_0059067,0
te_0059068,0
te_0059069,0
te_0059070,0
te_0059071,0
te_0059072,0
te_0059073,0
te_0059074,0
te_0059075,0
te_0059076,0
te_0059077,0
te_0059078,0
te_0059079,0
te_0059080,0
te_0059081,0
te_0059082,0
te_0059083,0
te_0059084,0
te_0059085,0
te_0059086,0
te_0059087,0
te_0059088,0
te_0059089,0
te_0059090,0
te_0059091,0
te_0059092,0
te_0059093,0
te_0059094,0
te_0059095,0
te_0059096,0
te_0059097,0
te_0059098,0
te_0059099,0
te_0059100,0
te_0059101,0
te_0059102,0
te_0059103,0
te_0059104,0
te_0059105,0
te_0059106,0
te_0059107,0
te_0059108,0
te_0059109,0
te_0059110,0
te_0059111,0
te_0059112,0
te_0059113,0
te_0059114,0
te_0059115,0
te_0059116,0
te_0059117,0
te_0059118,0
te_0059119,0
te_0059120,0
te_0059121,0
te_0059122,0
te_0059123,0
te_0059124,0
te_0059125,0
te_0059126,0
te_0059127,0
te_0059128,0
te_0059129,0
te_0059130,0
te_0059131,0
te_0059132,0
te_0059133,0
te_0059134,0
te_0059135,0
te_0059136,0
te_0059137,0
te_0059138,0
te_0059139,0
te_0059140,0
te_0059141,0
te_0059142,0
te_0059143,0
te_0059144,0
te_0059145,0
te_0059146,0
te_0059147,0
te_0059148,0
te_0059149,0
te_0059150,0
te_0059151,0
te_0059152,0
te_0059153,0
te_0059154,0
te_0059155,0
te_0059156,0
te_0059157,0
te_0059158,0
te_0059159,0
te_0059160,0
te_0059161,0
te_0059162,0
te_0059163,0
te_0059164,0
te_0059165,0
te_0059166,0
te_0059167,0
te_0059168,0
te_0059169,0
te_0059170,0
te_0059171,0
te_0059172,0
te_0059173,0
te_0059174,0
te_0059175,0
te_0059176,0
te_0059177,0
te_0059178,0
te_0059179,0
te_0059180,0
te_0059181,0
te_0059182,0
te_0059183,0
te_0059184,0
te_0059185,0
te_0059186,0
te_0059187,0
te_0059188,0
te_0059189,0
te_0059190,0
te_0059191,0
te_0059192,0
te_0059193,0
te_0059194,0
te_0059195,0
te_0059196,0
te_0059197,0
te_0059198,0
te_0059199,0
te_0059200,0
te_0059201,0
te_0059202,0
te_0059203,0
te_0059204,0
te_0059205,0
te_0059206,0
te_0059207,0
te_0059208,0
te_0059209,0
te_0059210,0
te_0059211,0
te_0059212,0
te_0059213,0
te_0059214,0
te_0059215,0
te_0059216,0
te_0059217,0
te_0059218,0
te_0059219,0
te_0059220,0
te_0059221,0
te_0059222,0
te_0059223,0
te_0059224,0
te_0059225,0
te_0059226,0
te_0059227,0
te_0059228,0
te_0059229,0
te_0059230,0
te_0059231,0
te_0059232,0
te_0059233,0
te_0059234,0
te_0059235,0
te_0059236,0
te_0059237,0
te_0059238,0
te_0059239,0
te_0059240,0
te_0059241,0
te_0059242,0
te_0059243,0
te_0059244,0
te_0059245,0
te_0059246,0
te_0059247,0
te_0059248,0
te_0059249,0
te_0059250,0
te_0059251,0
te_0059252,0
te_0059253,0
te_0059254,0
te_0059255,0
te_0059256,0
te_0059257,0
te_0059258,0
te_0059259,0
te_0059260,0
te_0059261,0
te_0059262,0
te_0059263,0
te_0059264,0
te_0059265,0
te_0059266,0
te_0059267,0
te_0059268,0
te_0059269,0
te_0059270,0
te_0059271,0
te_0059272,0
te_0059273,0
te_0059274,0
te_0059275,0
te_0059276,0
te_0059277,0
te_0059278,0
te_0059279,0
te_0059280,0
te_0059281,0
te_0059282,0
te_0059283,0
te_0059284,0
te_0059285,0
te_0059286,0
te_0059287,0
te_0059288,0
te_0059289,0
te_0059290,0
te_0059291,0
te_0059292,0
te_0059293,0
te_0059294,0
te_0059295,0
te_0059296,0
te_0059297,0
te_0059298,0
te_0059299,0
te_0059300,0
te_0059301,0
te_0059302,0
te_0059303,0
te_0059304,0
te_0059305,0
te_0059306,0
te_0059307,0
te_0059308,0
te_0059309,0
te_0059310,0
te_0059311,0
te_0059312,0
te_0059313,0
te_0059314,0
te_0059315,0
te_0059316,0
te_0059317,0
te_0059318,0
te_0059319,0
te_0059320,0
te_0059321,0
te_0059322,0
te_0059323,0
te_0059324,0
te_0059325,0
te_0059326,0
te_0059327,0
te_0059328,0
te_0059329,0
te_0059330,0
te_0059331,0
te_0059332,0
te_0059333,0
te_0059334,0
te_0059335,0
te_0059336,0
te_0059337,0
te_0059338,0
te_0059339,0
te_0059340,0
te_0059341,0
te_0059342,0
te_0059343,0
te_0059344,0
te_0059345,0
te_0059346,0
te_0059347,0
te_0059348,0
te_0059349,0
te_0059350,0
te_0059351,0
te_0059352,0
te_0059353,0
te_0059354,0
te_0059355,0
te_0059356,0
te_0059357,0
te_0059358,0
te_0059359,0
te_0059360,0
te_0059361,0
te_0059362,0
te_0059363,0
te_0059364,0
te_0059365,0
te_0059366,0
te_0059367,0
te_0059368,0
te_0059369,0
te_0059370,0
te_0059371,0
te_0059372,0
te_0059373,0
te_0059374,0
te_0059375,0
te_0059376,0
te_0059377,0
te_0059378,0
te_0059379,0
te_0059380,0
te_0059381,0
te_0059382,0
te_0059383,0
te_0059384,0
te_0059385,0
te_0059386,0
te_0059387,0
te_0059388,0
te_0059389,0
te_0059390,0
te_0059391,0
te_0059392,0
te_0059393,0
te_0059394,0
te_0059395,0
te_0059396,0
te_0059397,0
te_0059398,0
te_0059399,0
te_0059400,0
te_0059401,0
te_0059402,0
te_0059403,0
te_0059404,0
te_0059405,0
te_0059406,0
te_0059407,0
te_0059408,0
te_0059409,0
te_0059410,0
te_0059411,0
te_0059412,0
te_0059413,0
te_0059414,0
te_0059415,0
te_0059416,0
te_0059417,0
te_0059418,0
te_0059419,0
te_0059420,0
te_0059421,0
te_0059422,0
te_0059423,0
te_0059424,0
te_0059425,0
te_0059426,0
te_0059427,0
te_0059428,0
te_0059429,0
te_0059430,0
te_0059431,0
te_0059432,0
te_0059433,0
te_0059434,0
te_0059435,0
te_0059436,0
te_0059437,0
te_0059438,0
te_0059439,0
te_0059440,0
te_0059441,0
te_0059442,0
te_0059443,0
te_0059444,0
te_0059445,0
te_0059446,0
te_0059447,0
te_0059448,0
te_0059449,0
te_0059450,0
te_0059451,0
te_0059452,0
te_0059453,0
te_0059454,0
te_0059455,0
te_0059456,0
te_0059457,0
te_0059458,0
te_0059459,0
te_0059460,0
te_0059461,0
te_0059462,0
te_0059463,0
te_0059464,0
te_0059465,0
te_0059466,0
te_0059467,0
te_0059468,0
te_0059469,0
te_0059470,0
te_0059471,0
te_0059472,0
te_0059473,0
te_0059474,0
te_0059475,0
te_0059476,0
te_0059477,0
te_0059478,0
te_0059479,0
te_0059480,0
te_0059481,0
te_0059482,0
te_0059483,0
te_0059484,0
te_0059485,0
te_0059486,0
te_0059487,0
te_0059488,0
te_0059489,0
te_0059490,0
te_0059491,0
te_0059492,0
te_0059493,0
te_0059494,0
te_0059495,0
te_0059496,0
te_0059497,0
te_0059498,0
te_0059499,0
te_0059500,0
te_0059501,0
te_0059502,0
te_0059503,0
te_0059504,0
te_0059505,0
te_0059506,0
te_0059507,0
te_0059508,0
te_0059509,0
te_0059510,0
te_0059511,0
te_0059512,0
te_0059513,0
te_0059514,0
te_0059515,0
te_0059516,0
te_0059517,0
te_0059518,0
te_0059519,0
te_0059520,0
te_0059521,0
te_0059522,0
te_0059523,0
te_0059524,0
te_0059525,0
te_0059526,0
te_0059527,0
te_0059528,0
te_0059529,0
te_0059530,0
te_0059531,0
te_0059532,0
te_0059533,0
te_0059534,0
te_0059535,0
te_0059536,0
te_0059537,0
te_0059538,0
te_0059539,0
te_0059540,0
te_0059541,0
te_0059542,0
te_0059543,0
te_0059544,0
te_0059545,0
te_0059546,0
te_0059547,0
te_0059548,0
te_0059549,0
te_0059550,0
te_0059551,0
te_0059552,0
te_0059553,0
te_0059554,0
te_0059555,0
te_0059556,0
te_0059557,0
te_0059558,0
te_0059559,0
te_0059560,0
te_0059561,0
te_0059562,0
te_0059563,0
te_0059564,0
te_0059565,0
te_0059566,0
te_0059567,0
te_0059568,0
te_0059569,0
te_0059570,0
te_0059571,0
te_0059572,0
te_0059573,0
te_0059574,0
te_0059575,0
te_0059576,0
te_0059577,0
te_0059578,0
te_0059579,0
te_0059580,0
te_0059581,0
te_0059582,0
te_0059583,0
te_0059584,0
te_0059585,0
te_0059586,0
te_0059587,0
te_0059588,0
te_0059589,0
te_0059590,0
te_0059591,0
te_0059592,0
te_0059593,0
te_0059594,0
te_0059595,0
te_0059596,0
te_0059597,0
te_0059598,0
te_0059599,0
te_0059600,0
te_0059601,0
te_0059602,0
te_0059603,0
te_0059604,0
te_0059605,0
te_0059606,0
te_0059607,0
te_0059608,0
te_0059609,0
te_0059610,0
te_0059611,0
te_0059612,0
te_0059613,0
te_0059614,0
te_0059615,0
te_0059616,0
te_0059617,0
te_0059618,0
te_0059619,0
te_0059620,0
te_0059621,0
te_0059622,0
te_0059623,0
te_0059624,0
te_0059625,0
te_0059626,0
te_0059627,0
te_0059628,0
te_0059629,0
te_0059630,0
te_0059631,0
te_0059632,0
te_0059633,0
te_0059634,0
te_0059635,0
te_0059636,0
te_0059637,0
te_0059638,0
te_0059639,0
te_0059640,0
te_0059641,0
te_0059642,0
te_0059643,0
te_0059644,0
te_0059645,0
te_0059646,0
te_0059647,0
te_0059648,0
te_0059649,0
te_0059650,0
te_0059651,0
te_0059652,0
te_0059653,0
te_0059654,0
te_0059655,0
te_0059656,0
te_0059657,0
te_0059658,0
te_0059659,0
te_0059660,0
te_0059661,0
te_0059662,0
te_0059663,0
te_0059664,0
te_0059665,0
te_0059666,0
te_0059667,0
te_0059668,0
te_0059669,0
te_0059670,0
te_0059671,0
te_0059672,0
te_0059673,0
te_0059674,0
te_0059675,0
te_0059676,0
te_0059677,0
te_0059678,0
te_0059679,0
te_0059680,0
te_0059681,0
te_0059682,0
te_0059683,0
te_0059684,0
te_0059685,0
te_0059686,0
te_0059687,0
te_0059688,0
te_0059689,0
te_0059690,0
te_0059691,0
te_0059692,0
te_0059693,0
te_0059694,0
te_0059695,0
te_0059696,0
te_0059697,0
te_0059698,0
te_0059699,0
te_0059700,0
te_0059701,0
te_0059702,0
te_0059703,0
te_0059704,0
te_0059705,0
te_0059706,0
te_0059707,0
te_0059708,0
te_0059709,0
te_0059710,0
te_0059711,0
te_0059712,0
te_0059713,0
te_0059714,0
te_0059715,0
te_0059716,0
te_0059717,0
te_0059718,0
te_0059719,0
te_0059720,0
te_0059721,0
te_0059722,0
te_0059723,0
te_0059724,0
te_0059725,0
te_0059726,0
te_0059727,0
te_0059728,0
te_0059729,0
te_0059730,0
te_0059731,0
te_0059732,0
te_0059733,0
te_0059734,0
te_0059735,0
te_0059736,0
te_0059737,0
te_0059738,0
te_0059739,0
te_0059740,0
te_0059741,0
te_0059742,0
te_0059743,0
te_0059744,0
te_0059745,0
te_0059746,0
te_0059747,0
te_0059748,0
te_0059749,0
te_0059750,0
te_0059751,0
te_0059752,0
te_0059753,0
te_0059754,0
te_0059755,0
te_0059756,0
te_0059757,0
te_0059758,0
te_0059759,0
te_0059760,0
te_0059761,0
te_0059762,0
te_0059763,0
te_0059764,0
te_0059765,0
te_0059766,0
te_0059767,0
te_0059768,0
te_0059769,0
te_0059770,0
te_0059771,0
te_0059772,0
te_0059773,0
te_0059774,0
te_0059775,0
te_0059776,0
te_0059777,0
te_0059778,0
te_0059779,0
te_0059780,0
te_0059781,0
te_0059782,0
te_0059783,0
te_0059784,0
te_0059785,0
te_0059786,0
te_0059787,0
te_0059788,0
te_0059789,0
te_0059790,0
te_0059791,0
te_0059792,0
te_0059793,0
te_0059794,0
te_0059795,0
te_0059796,0
te_0059797,0
te_0059798,0
te_0059799,0
te_0059800,0
te_0059801,0
te_0059802,0
te_0059803,0
te_0059804,0
te_0059805,0
te_0059806,0
te_0059807,0
te_0059808,0
te_0059809,0
te_0059810,0
te_0059811,0
te_0059812,0
te_0059813,0
te_0059814,0
te_0059815,0
te_0059816,0
te_0059817,0
te_0059818,0
te_0059819,0
te_0059820,0
te_0059821,0
te_0059822,0
te_0059823,0
te_0059824,0
te_0059825,0
te_0059826,0
te_0059827,0
te_0059828,0
te_0059829,0
te_0059830,0
te_0059831,0
te_0059832,0
te_0059833,0
te_0059834,0
te_0059835,0
te_0059836,0
te_0059837,0
te_0059838,0
te_0059839,0
te_0059840,0
te_0059841,0
te_0059842,0
te_0059843,0
te_0059844,0
te_0059845,0
te_0059846,0
te_0059847,0
te_0059848,0
te_0059849,0
te_0059850,0
te_0059851,0
te_0059852,0
te_0059853,0
te_0059854,0
te_0059855,0
te_0059856,0
te_0059857,0
te_0059858,0
te_0059859,0
te_0059860,0
te_0059861,0
te_0059862,0
te_0059863,0
te_0059864,0
te_0059865,0
te_0059866,0
te_0059867,0
te_0059868,0
te_0059869,0
te_0059870,0
te_0059871,0
te_0059872,0
te_0059873,0
te_0059874,0
te_0059875,0
te_0059876,0
te_0059877,0
te_0059878,0
te_0059879,0
te_0059880,0
te_0059881,0
te_0059882,0
te_0059883,0
te_0059884,0
te_0059885,0
te_0059886,0
te_0059887,0
te_0059888,0
te_0059889,0
te_0059890,0
te_0059891,0
te_0059892,0
te_0059893,0
te_0059894,0
te_0059895,0
te_0059896,0
te_0059897,0
te_0059898,0
te_0059899,0
te_0059900,0
te_0059901,0
te_0059902,0
te_0059903,0
te_0059904,0
te_0059905,0
te_0059906,0
te_0059907,0
te_0059908,0
te_0059909,0
te_0059910,0
te_0059911,0
te_0059912,0
te_0059913,0
te_0059914,0
te_0059915,0
te_0059916,0
te_0059917,0
te_0059918,0
te_0059919,0
te_0059920,0
te_0059921,0
te_0059922,0
te_0059923,0
te_0059924,0
te_0059925,0
te_0059926,0
te_0059927,0
te_0059928,0
te_0059929,0
te_0059930,0
te_0059931,0
te_0059932,0
te_0059933,0
te_0059934,0
te_0059935,0
te_0059936,0
te_0059937,0
te_0059938,0
te_0059939,0
te_0059940,0
te_0059941,0
te_0059942,0
te_0059943,0
te_0059944,0
te_0059945,0
te_0059946,0
te_0059947,0
te_0059948,0
te_0059949,0
te_0059950,0
te_0059951,0
te_0059952,0
te_0059953,0
te_0059954,0
te_0059955,0
te_0059956,0
te_0059957,0
te_0059958,0
te_0059959,0
te_0059960,0
te_0059961,0
te_0059962,0
te_0059963,0
te_0059964,0
te_0059965,0
te_0059966,0
te_0059967,0
te_0059968,0
te_0059969,0
te_0059970,0
te_0059971,0
te_0059972,0
te_0059973,0
te_0059974,0
te_0059975,0
te_0059976,0
te_0059977,0
te_0059978,0
te_0059979,0
te_0059980,0
te_0059981,0
te_0059982,0
te_0059983,0
te_0059984,0
te_0059985,0
te_0059986,0
te_0059987,0
te_0059988,0
te_0059989,0
te_0059990,0
te_0059991,0
te_0059992,0
te_0059993,0
te_0059994,0
te_0059995,0
te_0059996,0
te_0059997,0
te_0059998,0
te_0059999,0
te_0060000,0
te_0060001,0
te_0060002,0
te_0060003,0
te_0060004,0
te_0060005,0
te_0060006,0
te_0060007,0
te_0060008,0
te_0060009,0
te_0060010,0
te_0060011,0
te_0060012,0
te_0060013,0
te_0060014,0
te_0060015,0
te_0060016,0
te_0060017,0
te_0060018,0
te_0060019,0
te_0060020,0
te_0060021,0
te_0060022,0
te_0060023,0
te_0060024,0
te_0060025,0
te_0060026,0
te_0060027,0
te_0060028,0
te_0060029,0
te_0060030,0
te_0060031,0
te_0060032,0
te_0060033,0
te_0060034,0
te_0060035,0
te_0060036,0
te_0060037,0
te_0060038,0
te_0060039,0
te_0060040,0
te_0060041,0
te_0060042,0
te_0060043,0
te_0060044,0
te_0060045,0
te_0060046,0
te_0060047,0
te_0060048,0
te_0060049,0
te_0060050,0
te_0060051,0
te_0060052,0
te_0060053,0
te_0060054,0
te_0060055,0
te_0060056,0
te_0060057,0
te_0060058,0
te_0060059,0
te_0060060,0
te_0060061,0
te_0060062,0
te_0060063,0
te_0060064,0
te_0060065,0
te_0060066,0
te_0060067,0
te_0060068,0
te_0060069,0
te_0060070,0
te_0060071,0
te_0060072,0
te_0060073,0
te_0060074,0
te_0060075,0
te_0060076,0
te_0060077,0
te_0060078,0
te_0060079,0
te_0060080,0
te_0060081,0
te_0060082,0
te_0060083,0
te_0060084,0
te_0060085,0
te_0060086,0
te_0060087,0
te_0060088,0
te_0060089,0
te_0060090,0
te_0060091,0
te_0060092,0
te_0060093,0
te_0060094,0
te_0060095,0
te_0060096,0
te_0060097,0
te_0060098,0
te_0060099,0
te_0060100,0
te_0060101,0
te_0060102,0
te_0060103,0
te_0060104,0
te_0060105,0
te_0060106,0
te_0060107,0
te_0060108,0
te_0060109,0
te_0060110,0
te_0060111,0
te_0060112,0
te_0060113,0
te_0060114,0
te_0060115,0
te_0060116,0
te_0060117,0
te_0060118,0
te_0060119,0
te_0060120,0
te_0060121,0
te_0060122,0
te_0060123,0
te_0060124,0
te_0060125,0
te_0060126,0
te_0060127,0
te_0060128,0
te_0060129,0
te_0060130,0
te_0060131,0
te_0060132,0
te_0060133,0
te_0060134,0
te_0060135,0
te_0060136,0
te_0060137,0
te_0060138,0
te_0060139,0
te_0060140,0
te_0060141,0
te_0060142,0
te_0060143,0
te_0060144,0
te_0060145,0
te_0060146,0
te_0060147,0
te_0060148,0
te_0060149,0
te_0060150,0
te_0060151,0
te_0060152,0
te_0060153,0
te_0060154,0
te_0060155,0
te_0060156,0
te_0060157,0
te_0060158,0
te_0060159,0
te_0060160,0
te_0060161,0
te_0060162,0
te_0060163,0
te_0060164,0
te_0060165,0
te_0060166,0
te_0060167,0
te_0060168,0
te_0060169,0
te_0060170,0
te_0060171,0
te_0060172,0
te_0060173,0
te_0060174,0
te_0060175,0
te_0060176,0
te_0060177,0
te_0060178,0
te_0060179,0
te_0060180,0
te_0060181,0
te_0060182,0
te_0060183,0
te_0060184,0
te_0060185,0
te_0060186,0
te_0060187,0
te_0060188,0
te_0060189,0
te_0060190,0
te_0060191,0
te_0060192,0
te_0060193,0
te_0060194,0
te_0060195,0
te_0060196,0
te_0060197,0
te_0060198,0
te_0060199,0
te_0060200,0
te_0060201,0
te_0060202,0
te_0060203,0
te_0060204,0
te_0060205,0
te_0060206,0
te_0060207,0
te_0060208,0
te_0060209,0
te_0060210,0
te_0060211,0
te_0060212,0
te_0060213,0
te_0060214,0
te_0060215,0
te_0060216,0
te_0060217,0
te_0060218,0
te_0060219,0
te_0060220,0
te_0060221,0
te_0060222,0
te_0060223,0
te_0060224,0
te_0060225,0
te_0060226,0
te_0060227,0
te_0060228,0
te_0060229,0
te_0060230,0
te_0060231,0
te_0060232,0
te_0060233,0
te_0060234,0
te_0060235,0
te_0060236,0
te_0060237,0
te_0060238,0
te_0060239,0
te_0060240,0
te_0060241,0
te_0060242,0
te_0060243,0
te_0060244,0
te_0060245,0
te_0060246,0
te_0060247,0
te_0060248,0
te_0060249,0
te_0060250,0
te_0060251,0
te_0060252,0
te_0060253,0
te_0060254,0
te_0060255,0
te_0060256,0
te_0060257,0
te_0060258,0
te_0060259,0
te_0060260,0
te_0060261,0
te_0060262,0
te_0060263,0
te_0060264,0
te_0060265,0
te_0060266,0
te_0060267,0
te_0060268,0
te_0060269,0
te_0060270,0
te_0060271,0
te_0060272,0
te_0060273,0
te_0060274,0
te_0060275,0
te_0060276,0
te_0060277,0
te_0060278,0
te_0060279,0
te_0060280,0
te_0060281,0
te_0060282,0
te_0060283,0
te_0060284,0
te_0060285,0
te_0060286,0
te_0060287,0
te_0060288,0
te_0060289,0
te_0060290,0
te_0060291,0
te_0060292,0
te_0060293,0
te_0060294,0
te_0060295,0
te_0060296,0
te_0060297,0
te_0060298,0
te_0060299,0
te_0060300,0
te_0060301,0
te_0060302,0
te_0060303,0
te_0060304,0
te_0060305,0
te_0060306,0
te_0060307,0
te_0060308,0
te_0060309,0
te_0060310,0
te_0060311,0
te_0060312,0
te_0060313,0
te_0060314,0
te_0060315,0
te_0060316,0
te_0060317,0
te_0060318,0
te_0060319,0
te_0060320,0
te_0060321,0
te_0060322,0
te_0060323,0
te_0060324,0
te_0060325,0
te_0060326,0
te_0060327,0
te_0060328,0
te_0060329,0
te_0060330,0
te_0060331,0
te_0060332,0
te_0060333,0
te_0060334,0
te_0060335,0
te_0060336,0
te_0060337,0
te_0060338,0
te_0060339,0
te_0060340,0
te_0060341,0
te_0060342,0
te_0060343,0
te_0060344,0
te_0060345,0
te_0060346,0
te_0060347,0
te_0060348,0
te_0060349,0
te_0060350,0
te_0060351,0
te_0060352,0
te_0060353,0
te_0060354,0
te_0060355,0
te_0060356,0
te_0060357,0
te_0060358,0
te_0060359,0
te_0060360,0
te_0060361,0
te_0060362,0
te_0060363,0
te_0060364,0
te_0060365,0
te_0060366,0
te_0060367,0
te_0060368,0
te_0060369,0
te_0060370,0
te_0060371,0
te_0060372,0
te_0060373,0
te_0060374,0
te_0060375,0
te_0060376,0
te_0060377,0
te_0060378,0
te_0060379,0
te_0060380,0
te_0060381,0
te_0060382,0
te_0060383,0
te_0060384,0
te_0060385,0
te_0060386,0
te_0060387,0
te_0060388,0
te_0060389,0
te_0060390,0
te_0060391,0
te_0060392,0
te_0060393,0
te_0060394,0
te_0060395,0
te_0060396,0
te_0060397,0
te_0060398,0
te_0060399,0
te_0060400,0
te_0060401,0
te_0060402,0
te_0060403,0
te_0060404,0
te_0060405,0
te_0060406,0
te_0060407,0
te_0060408,0
te_0060409,0
te_0060410,0
te_0060411,0
te_0060412,0
te_0060413,0
te_0060414,0
te_0060415,0
te_0060416,0
te_0060417,0
te_0060418,0
te_0060419,0
te_0060420,0
te_0060421,0
te_0060422,0
te_0060423,0
te_0060424,0
te_0060425,0
te_0060426,0
te_0060427,0
te_0060428,0
te_0060429,0
te_0060430,0
te_0060431,0
te_0060432,0
te_0060433,0
te_0060434,0
te_0060435,0
te_0060436,0
te_0060437,0
te_0060438,0
te_0060439,0
te_0060440,0
te_0060441,0
te_0060442,0
te_0060443,0
te_0060444,0
te_0060445,0
te_0060446,0
te_0060447,0
te_0060448,0
te_0060449,0
te_0060450,0
te_0060451,0
te_0060452,0
te_0060453,0
te_0060454,0
te_0060455,0
te_0060456,0
te_0060457,0
te_0060458,0
te_0060459,0
te_0060460,0
te_0060461,0
te_0060462,0
te_0060463,0
te_0060464,0
te_0060465,0
te_0060466,0
te_0060467,0
te_0060468,0
te_0060469,0
te_0060470,0
te_0060471,0
te_0060472,0
te_0060473,0
te_0060474,0
te_0060475,0
te_0060476,0
te_0060477,0
te_0060478,0
te_0060479,0
te_0060480,0
te_0060481,0
te_0060482,0
te_0060483,0
te_0060484,0
te_0060485,0
te_0060486,0
te_0060487,0
te_0060488,0
te_0060489,0
te_0060490,0
te_0060491,0
te_0060492,0
te_0060493,0
te_0060494,0
te_0060495,0
te_0060496,0
te_0060497,0
te_0060498,0
te_0060499,0
te_0060500,0
te_0060501,0
te_0060502,0
te_0060503,0
te_0060504,0
te_0060505,0
te_0060506,0
te_0060507,0
te_0060508,0
te_0060509,0
te_0060510,0
te_0060511,0
te_0060512,0
te_0060513,0
te_0060514,0
te_0060515,0
te_0060516,0
te_0060517,0
te_0060518,0
te_0060519,0
te_0060520,0
te_0060521,0
te_0060522,0
te_0060523,0
te_0060524,0
te_0060525,0
te_0060526,0
te_0060527,0
te_0060528,0
te_0060529,0
te_0060530,0
te_0060531,0
te_0060532,0
te_0060533,0
te_0060534,0
te_0060535,0
te_0060536,0
te_0060537,0
te_0060538,0
te_0060539,0
te_0060540,0
te_0060541,0
te_0060542,0
te_0060543,0
te_0060544,0
te_0060545,0
te_0060546,0
te_0060547,0
te_0060548,0
te_0060549,0
te_0060550,0
te_0060551,0
te_0060552,0
te_0060553,0
te_0060554,0
te_0060555,0
te_0060556,0
te_0060557,0
te_0060558,0
te_0060559,0
te_0060560,0
te_0060561,0
te_0060562,0
te_0060563,0
te_0060564,0
te_0060565,0
te_0060566,0
te_0060567,0
te_0060568,0
te_0060569,0
te_0060570,0
te_0060571,0
te_0060572,0
te_0060573,0
te_0060574,0
te_0060575,0
te_0060576,0
te_0060577,0
te_0060578,0
te_0060579,0
te_0060580,0
te_0060581,0
te_0060582,0
te_0060583,0
te_0060584,0
te_0060585,0
te_0060586,0
te_0060587,0
te_0060588,0
te_0060589,0
te_0060590,0
te_0060591,0
te_0060592,0
te_0060593,0
te_0060594,0
te_0060595,0
te_0060596,0
te_0060597,0
te_0060598,0
te_0060599,0
te_0060600,0
te_0060601,0
te_0060602,0
te_0060603,0
te_0060604,0
te_0060605,0
te_0060606,0
te_0060607,0
te_0060608,0
te_0060609,0
te_0060610,0
te_0060611,0
te_0060612,0
te_0060613,0
te_0060614,0
te_0060615,0
te_0060616,0
te_0060617,0
te_0060618,0
te_0060619,0
te_0060620,0
te_0060621,0
te_0060622,0
te_0060623,0
te_0060624,0
te_0060625,0
te_0060626,0
te_0060627,0
te_0060628,0
te_0060629,0
te_0060630,0
te_0060631,0
te_0060632,0
te_0060633,0
te_0060634,0
te_0060635,0
te_0060636,0
te_0060637,0
te_0060638,0
te_0060639,0
te_0060640,0
te_0060641,0
te_0060642,0
te_0060643,0
te_0060644,0
te_0060645,0
te_0060646,0
te_0060647,0
te_0060648,0
te_0060649,0
te_0060650,0
te_0060651,0
te_0060652,0
te_0060653,0
te_0060654,0
te_0060655,0
te_0060656,0
te_0060657,0
te_0060658,0
te_0060659,0
te_0060660,0
te_0060661,0
te_0060662,0
te_0060663,0
te_0060664,0
te_0060665,0
te_0060666,0
te_0060667,0
te_0060668,0
te_0060669,0
te_0060670,0
te_0060671,0
te_0060672,0
te_0060673,0
te_0060674,0
te_0060675,0
te_0060676,0
te_0060677,0
te_0060678,0
te_0060679,0
te_0060680,0
te_0060681,0
te_0060682,0
te_0060683,0
te_0060684,0
te_0060685,0
te_0060686,0
te_0060687,0
te_0060688,0
te_0060689,0
te_0060690,0
te_0060691,0
te_0060692,0
te_0060693,0
te_0060694,0
te_0060695,0
te_0060696,0
te_0060697,0
te_0060698,0
te_0060699,0
te_0060700,0
te_0060701,0
te_0060702,0
te_0060703,0
te_0060704,0
te_0060705,0
te_0060706,0
te_0060707,0
te_0060708,0
te_0060709,0
te_0060710,0
te_0060711,0
te_0060712,0
te_0060713,0
te_0060714,0
te_0060715,0
te_0060716,0
te_0060717,0
te_0060718,0
te_0060719,0
te_0060720,0
te_0060721,0
te_0060722,0
te_0060723,0
te_0060724,0
te_0060725,0
te_0060726,0
te_0060727,0
te_0060728,0
te_0060729,0
te_0060730,0
te_0060731,0
te_0060732,0
te_0060733,0
te_0060734,0
te_0060735,0
te_0060736,0
te_0060737,0
te_0060738,0
te_0060739,0
te_0060740,0
te_0060741,0
te_0060742,0
te_0060743,0
te_0060744,0
te_0060745,0
te_0060746,0
te_0060747,0
te_0060748,0
te_0060749,0
te_0060750,0
te_0060751,0
te_0060752,0
te_0060753,0
te_0060754,0
te_0060755,0
te_0060756,0
te_0060757,0
te_0060758,0
te_0060759,0
te_0060760,0
te_0060761,0
te_0060762,0
te_0060763,0
te_0060764,0
te_0060765,0
te_0060766,0
te_0060767,0
te_0060768,0
te_0060769,0
te_0060770,0
te_0060771,0
te_0060772,0
te_0060773,0
te_0060774,0
te_0060775,0
te_0060776,0
te_0060777,0
te_0060778,0
te_0060779,0
te_0060780,0
te_0060781,0
te_0060782,0
te_0060783,0
te_0060784,0
te_0060785,0
te_0060786,0
te_0060787,0
te_0060788,0
te_0060789,0
te_0060790,0
te_0060791,0
te_0060792,0
te_0060793,0
te_0060794,0
te_0060795,0
te_0060796,0
te_0060797,0
te_0060798,0
te_0060799,0
te_0060800,0
te_0060801,0
te_0060802,0
te_0060803,0
te_0060804,0
te_0060805,0
te_0060806,0
te_0060807,0
te_0060808,0
te_0060809,0
te_0060810,0
te_0060811,0
te_0060812,0
te_0060813,0
te_0060814,0
te_0060815,0
te_0060816,0
te_0060817,0
te_0060818,0
te_0060819,0
te_0060820,0
te_0060821,0
te_0060822,0
te_0060823,0
te_0060824,0
te_0060825,0
te_0060826,0
te_0060827,0
te_0060828,0
te_0060829,0
te_0060830,0
te_0060831,0
te_0060832,0
te_0060833,0
te_0060834,0
te_0060835,0
te_0060836,0
te_0060837,0
te_0060838,0
te_0060839,0
te_0060840,0
te_0060841,0
te_0060842,0
te_0060843,0
te_0060844,0
te_0060845,0
te_0060846,0
te_0060847,0
te_0060848,0
te_0060849,0
te_0060850,0
te_0060851,0
te_0060852,0
te_0060853,0
te_0060854,0
te_0060855,0
te_0060856,0
te_0060857,0
te_0060858,0
te_0060859,0
te_0060860,0
te_0060861,0
te_0060862,0
te_0060863,0
te_0060864,0
te_0060865,0
te_0060866,0
te_0060867,0
te_0060868,0
te_0060869,0
te_0060870,0
te_0060871,0
te_0060872,0
te_0060873,0
te_0060874,0
te_0060875,0
te_0060876,0
te_0060877,0
te_0060878,0
te_0060879,0
te_0060880,0
te_0060881,0
te_0060882,0
te_0060883,0
te_0060884,0
te_0060885,0
te_0060886,0
te_0060887,0
te_0060888,0
te_0060889,0
te_0060890,0
te_0060891,0
te_0060892,0
te_0060893,0
te_0060894,0
te_0060895,0
te_0060896,0
te_0060897,0
te_0060898,0
te_0060899,0
te_0060900,0
te_0060901,0
te_0060902,0
te_0060903,0
te_0060904,0
te_0060905,0
te_0060906,0
te_0060907,0
te_0060908,0
te_0060909,0
te_0060910,0
te_0060911,0
te_0060912,0
te_0060913,0
te_0060914,0
te_0060915,0
te_0060916,0
te_0060917,0
te_0060918,0
te_0060919,0
te_0060920,0
te_0060921,0
te_0060922,0
te_0060923,0
te_0060924,0
te_0060925,0
te_0060926,0
te_0060927,0
te_0060928,0
te_0060929,0
te_0060930,0
te_0060931,0
te_0060932,0
te_0060933,0
te_0060934,0
te_0060935,0
te_0060936,0
te_0060937,0
te_0060938,0
te_0060939,0
te_0060940,0
te_0060941,0
te_0060942,0
te_0060943,0
te_0060944,0
te_0060945,0
te_0060946,0
te_0060947,0
te_0060948,0
te_0060949,0
te_0060950,0
te_0060951,0
te_0060952,0
te_0060953,0
te_0060954,0
te_0060955,0
te_0060956,0
te_0060957,0
te_0060958,0
te_0060959,0
te_0060960,0
te_0060961,0
te_0060962,0
te_0060963,0
te_0060964,0
te_0060965,0
te_0060966,0
te_0060967,0
te_0060968,0
te_0060969,0
te_0060970,0
te_0060971,0
te_0060972,0
te_0060973,0
te_0060974,0
te_0060975,0
te_0060976,0
te_0060977,0
te_0060978,0
te_0060979,0
te_0060980,0
te_0060981,0
te_0060982,0
te_0060983,0
te_0060984,0
te_0060985,0
te_0060986,0
te_0060987,0
te_0060988,0
te_0060989,0
te_0060990,0
te_0060991,0
te_0060992,0
te_0060993,0
te_0060994,0
te_0060995,0
te_0060996,0
te_0060997,0
te_0060998,0
te_0060999,0
te_0061000,0
te_0061001,0
te_0061002,0
te_0061003,0
te_0061004,0
te_0061005,0
te_0061006,0
te_0061007,0
te_0061008,0
te_0061009,0
te_0061010,0
te_0061011,0
te_0061012,0
te_0061013,0
te_0061014,0
te_0061015,0
te_0061016,0
te_0061017,0
te_0061018,0
te_0061019,0
te_0061020,0
te_0061021,0
te_0061022,0
te_0061023,0
te_0061024,0
te_0061025,0
te_0061026,0
te_0061027,0
te_0061028,0
te_0061029,0
te_0061030,0
te_0061031,0
te_0061032,0
te_0061033,0
te_0061034,0
te_0061035,0
te_0061036,0
te_0061037,0
te_0061038,0
te_0061039,0
te_0061040,0
te_0061041,0
te_0061042,0
te_0061043,0
te_0061044,0
te_0061045,0
te_0061046,0
te_0061047,0
te_0061048,0
te_0061049,0
te_0061050,0
te_0061051,0
te_0061052,0
te_0061053,0
te_0061054,0
te_0061055,0
te_0061056,0
te_0061057,0
te_0061058,0
te_0061059,0
te_0061060,0
te_0061061,0
te_0061062,0
te_0061063,0
te_0061064,0
te_0061065,0
te_0061066,0
te_0061067,0
te_0061068,0
te_0061069,0
te_0061070,0
te_0061071,0
te_0061072,0
te_0061073,0
te_0061074,0
te_0061075,0
te_0061076,0
te_0061077,0
te_0061078,0
te_0061079,0
te_0061080,0
te_0061081,0
te_0061082,0
te_0061083,0
te_0061084,0
te_0061085,0
te_0061086,0
te_0061087,0
te_0061088,0
te_0061089,0
te_0061090,0
te_0061091,0
te_0061092,0
te_0061093,0
te_0061094,0
te_0061095,0
te_0061096,0
te_0061097,0
te_0061098,0
te_0061099,0
te_0061100,0
te_0061101,0
te_0061102,0
te_0061103,0
te_0061104,0
te_0061105,0
te_0061106,0
te_0061107,0
te_0061108,0
te_0061109,0
te_0061110,0
te_0061111,0
te_0061112,0
te_0061113,0
te_0061114,0
te_0061115,0
te_0061116,0
te_0061117,0
te_0061118,0
te_0061119,0
te_0061120,0
te_0061121,0
te_0061122,0
te_0061123,0
te_0061124,0
te_0061125,0
te_0061126,0
te_0061127,0
te_0061128,0
te_0061129,0
te_0061130,0
te_0061131,0
te_0061132,0
te_0061133,0
te_0061134,0
te_0061135,0
te_0061136,0
te_0061137,0
te_0061138,0
te_0061139,0
te_0061140,0
te_0061141,0
te_0061142,0
te_0061143,0
te_0061144,0
te_0061145,0
te_0061146,0
te_0061147,0
te_0061148,0
te_0061149,0
te_0061150,0
te_0061151,0
te_0061152,0
te_0061153,0
te_0061154,0
te_0061155,0
te_0061156,0
te_0061157,0
te_0061158,0
te_0061159,0
te_0061160,0
te_0061161,0
te_0061162,0
te_0061163,0
te_0061164,0
te_0061165,0
te_0061166,0
te_0061167,0
te_0061168,0
te_0061169,0
te_0061170,0
te_0061171,0
te_0061172,0
te_0061173,0
te_0061174,0
te_0061175,0
te_0061176,0
te_0061177,0
te_0061178,0
te_0061179,0
te_0061180,0
te_0061181,0
te_0061182,0
te_0061183,0
te_0061184,0
te_0061185,0
te_0061186,0
te_0061187,0
te_0061188,0
te_0061189,0
te_0061190,0
te_0061191,0
te_0061192,0
te_0061193,0
te_0061194,0
te_0061195,0
te_0061196,0
te_0061197,0
te_0061198,0
te_0061199,0
te_0061200,0
te_0061201,0
te_0061202,0
te_0061203,0
te_0061204,0
te_0061205,0
te_0061206,0
te_0061207,0
te_0061208,0
te_0061209,0
te_0061210,0
te_0061211,0
te_0061212,0
te_0061213,0
te_0061214,0
te_0061215,0
te_0061216,0
te_0061217,0
te_0061218,0
te_0061219,0
te_0061220,0
te_0061221,0
te_0061222,0
te_0061223,0
te_0061224,0
te_0061225,0
te_0061226,0
te_0061227,0
te_0061228,0
te_0061229,0
te_0061230,0
te_0061231,0
te_0061232,0
te_0061233,0
te_0061234,0
te_0061235,0
te_0061236,0
te_0061237,0
te_0061238,0
te_0061239,0
te_0061240,0
te_0061241,0
te_0061242,0
te_0061243,0
te_0061244,0
te_0061245,0
te_0061246,0
te_0061247,0
te_0061248,0
te_0061249,0
te_0061250,0
te_0061251,0
te_0061252,0
te_0061253,0
te_0061254,0
te_0061255,0
te_0061256,0
te_0061257,0
te_0061258,0
te_0061259,0
te_0061260,0
te_0061261,0
te_0061262,0
te_0061263,0
te_0061264,0
te_0061265,0
te_0061266,0
te_0061267,0
te_0061268,0
te_0061269,0
te_0061270,0
te_0061271,0
te_0061272,0
te_0061273,0
te_0061274,0
te_0061275,0
te_0061276,0
te_0061277,0
te_0061278,0
te_0061279,0
te_0061280,0
te_0061281,0
te_0061282,0
te_0061283,0
te_0061284,0
te_0061285,0
te_0061286,0
te_0061287,0
te_0061288,0
te_0061289,0
te_0061290,0
te_0061291,0
te_0061292,0
te_0061293,0
te_0061294,0
te_0061295,0
te_0061296,0
te_0061297,0
te_0061298,0
te_0061299,0
te_0061300,0
te_0061301,0
te_0061302,0
te_0061303,0
te_0061304,0
te_0061305,0
te_0061306,0
te_0061307,0
te_0061308,0
te_0061309,0
te_0061310,0
te_0061311,0
te_0061312,0
te_0061313,0
te_0061314,0
te_0061315,0
te_0061316,0
te_0061317,0
te_0061318,0
te_0061319,0
te_0061320,0
te_0061321,0
te_0061322,0
te_0061323,0
te_0061324,0
te_0061325,0
te_0061326,0
te_0061327,0
te_0061328,0
te_0061329,0
te_0061330,0
te_0061331,0
te_0061332,0
te_0061333,0
te_0061334,0
te_0061335,0
te_0061336,0
te_0061337,0
te_0061338,0
te_0061339,0
te_0061340,0
te_0061341,0
te_0061342,0
te_0061343,0
te_0061344,0
te_0061345,0
te_0061346,0
te_0061347,0
te_0061348,0
te_0061349,0
te_0061350,0
te_0061351,0
te_0061352,0
te_0061353,0
te_0061354,0
te_0061355,0
te_0061356,0
te_0061357,0
te_0061358,0
te_0061359,0
te_0061360,0
te_0061361,0
te_0061362,0
te_0061363,0
te_0061364,0
te_0061365,0
te_0061366,0
te_0061367,0
te_0061368,0
te_0061369,0
te_0061370,0
te_0061371,0
te_0061372,0
te_0061373,0
te_0061374,0
te_0061375,0
te_0061376,0
te_0061377,0
te_0061378,0
te_0061379,0
te_0061380,0
te_0061381,0
te_0061382,0
te_0061383,0
te_0061384,0
te_0061385,0
te_0061386,0
te_0061387,0
te_0061388,0
te_0061389,0
te_0061390,0
te_0061391,0
te_0061392,0
te_0061393,0
te_0061394,0
te_0061395,0
te_0061396,0
te_0061397,0
te_0061398,0
te_0061399,0
te_0061400,0
te_0061401,0
te_0061402,0
te_0061403,0
te_0061404,0
te_0061405,0
te_0061406,0
te_0061407,0
te_0061408,0
te_0061409,0
te_0061410,0
te_0061411,0
te_0061412,0
te_0061413,0
te_0061414,0
te_0061415,0
te_0061416,0
te_0061417,0
te_0061418,0
te_0061419,0
te_0061420,0
te_0061421,0
te_0061422,0
te_0061423,0
te_0061424,0
te_0061425,0
te_0061426,0
te_0061427,0
te_0061428,0
te_0061429,0
te_0061430,0
te_0061431,0
te_0061432,0
te_0061433,0
te_0061434,0
te_0061435,0
te_0061436,0
te_0061437,0
te_0061438,0
te_0061439,0
te_0061440,0
te_0061441,0
te_0061442,0
te_0061443,0
te_0061444,0
te_0061445,0
te_0061446,0
te_0061447,0
te_0061448,0
te_0061449,0
te_0061450,0
te_0061451,0
te_0061452,0
te_0061453,0
te_0061454,0
te_0061455,0
te_0061456,0
te_0061457,0
te_0061458,0
te_0061459,0
te_0061460,0
te_0061461,0
te_0061462,0
te_0061463,0
te_0061464,0
te_0061465,0
te_0061466,0
te_0061467,0
te_0061468,0
te_0061469,0
te_0061470,0
te_0061471,0
te_0061472,0
te_0061473,0
te_0061474,0
te_0061475,0
te_0061476,0
te_0061477,0
te_0061478,0
te_0061479,0
te_0061480,0
te_0061481,0
te_0061482,0
te_0061483,0
te_0061484,0
te_0061485,0
te_0061486,0
te_0061487,0
te_0061488,0
te_0061489,0
te_0061490,0
te_0061491,0
te_0061492,0
te_0061493,0
te_0061494,0
te_0061495,0
te_0061496,0
te_0061497,0
te_0061498,0
te_0061499,0
te_0061500,0
te_0061501,0
te_0061502,0
te_0061503,0
te_0061504,0
te_0061505,0
te_0061506,0
te_0061507,0
te_0061508,0
te_0061509,0
te_0061510,0
te_0061511,0
te_0061512,0
te_0061513,0
te_0061514,0
te_0061515,0
te_0061516,0
te_0061517,0
te_0061518,0
te_0061519,0
te_0061520,0
te_0061521,0
te_0061522,0
te_0061523,0
te_0061524,0
te_0061525,0
te_0061526,0
te_0061527,0
te_0061528,0
te_0061529,0
te_0061530,0
te_0061531,0
te_0061532,0
te_0061533,0
te_0061534,0
te_0061535,0
te_0061536,0
te_0061537,0
te_0061538,0
te_0061539,0
te_0061540,0
te_0061541,0
te_0061542,0
te_0061543,0
te_0061544,0
te_0061545,0
te_0061546,0
te_0061547,0
te_0061548,0
te_0061549,0
te_0061550,0
te_0061551,0
te_0061552,0
te_0061553,0
te_0061554,0
te_0061555,0
te_0061556,0
te_0061557,0
te_0061558,0
te_0061559,0
te_0061560,0
te_0061561,0
te_0061562,0
te_0061563,0
te_0061564,0
te_0061565,0
te_0061566,0
te_0061567,0
te_0061568,0
te_0061569,0
te_0061570,0
te_0061571,0
te_0061572,0
te_0061573,0
te_0061574,0
te_0061575,0
te_0061576,0
te_0061577,0
te_0061578,0
te_0061579,0
te_0061580,0
te_0061581,0
te_0061582,0
te_0061583,0
te_0061584,0
te_0061585,0
te_0061586,0
te_0061587,0
te_0061588,0
te_0061589,0
te_0061590,0
te_0061591,0
te_0061592,0
te_0061593,0
te_0061594,0
te_0061595,0
te_0061596,0
te_0061597,0
te_0061598,0
te_0061599,0
te_0061600,0
te_0061601,0
te_0061602,0
te_0061603,0
te_0061604,0
te_0061605,0
te_0061606,0
te_0061607,0
te_0061608,0
te_0061609,0
te_0061610,0
te_0061611,0
te_0061612,0
te_0061613,0
te_0061614,0
te_0061615,0
te_0061616,0
te_0061617,0
te_0061618,0
te_0061619,0
te_0061620,0
te_0061621,0
te_0061622,0
te_0061623,0
te_0061624,0
te_0061625,0
te_0061626,0
te_0061627,0
te_0061628,0
te_0061629,0
te_0061630,0
te_0061631,0
te_0061632,0
te_0061633,0
te_0061634,0
te_0061635,0
te_0061636,0
te_0061637,0
te_0061638,0
te_0061639,0
te_0061640,0
te_0061641,0
te_0061642,0
te_0061643,0
te_0061644,0
te_0061645,0
te_0061646,0
te_0061647,0
te_0061648,0
te_0061649,0
te_0061650,0
te_0061651,0
te_0061652,0
te_0061653,0
te_0061654,0
te_0061655,0
te_0061656,0
te_0061657,0
te_0061658,0
te_0061659,0
te_0061660,0
te_0061661,0
te_0061662,0
te_0061663,0
te_0061664,0
te_0061665,0
te_0061666,0
te_0061667,0
te_0061668,0
te_0061669,0
te_0061670,0
te_0061671,0
te_0061672,0
te_0061673,0
te_0061674,0
te_0061675,0
te_0061676,0
te_0061677,0
te_0061678,0
te_0061679,0
te_0061680,0
te_0061681,0
te_0061682,0
te_0061683,0
te_0061684,0
te_0061685,0
te_0061686,0
te_0061687,0
te_0061688,0
te_0061689,0
te_0061690,0
te_0061691,0
te_0061692,0
te_0061693,0
te_0061694,0
te_0061695,0
te_0061696,0
te_0061697,0
te_0061698,0
te_0061699,0
te_0061700,0
te_0061701,0
te_0061702,0
te_0061703,0
te_0061704,0
te_0061705,0
te_0061706,0
te_0061707,0
te_0061708,0
te_0061709,0
te_0061710,0
te_0061711,0
te_0061712,0
te_0061713,0
te_0061714,0
te_0061715,0
te_0061716,0
te_0061717,0
te_0061718,0
te_0061719,0
te_0061720,0
te_0061721,0
te_0061722,0
te_0061723,0
te_0061724,0
te_0061725,0
te_0061726,0
te_0061727,0
te_0061728,0
te_0061729,0
te_0061730,0
te_0061731,0
te_0061732,0
te_0061733,0
te_0061734,0
te_0061735,0
te_0061736,0
te_0061737,0
te_0061738,0
te_0061739,0
te_0061740,0
te_0061741,0
te_0061742,0
te_0061743,0
te_0061744,0
te_0061745,0
te_0061746,0
te_0061747,0
te_0061748,0
te_0061749,0
te_0061750,0
te_0061751,0
te_0061752,0
te_0061753,0
te_0061754,0
te_0061755,0
te_0061756,0
te_0061757,0
te_0061758,0
te_0061759,0
te_0061760,0
te_0061761,0
te_0061762,0
te_0061763,0
te_0061764,0
te_0061765,0
te_0061766,0
te_0061767,0
te_0061768,0
te_0061769,0
te_0061770,0
te_0061771,0
te_0061772,0
te_0061773,0
te_0061774,0
te_0061775,0
te_0061776,0
te_0061777,0
te_0061778,0
te_0061779,0
te_0061780,0
te_0061781,0
te_0061782,0
te_0061783,0
te_0061784,0
te_0061785,0
te_0061786,0
te_0061787,0
te_0061788,0
te_0061789,0
te_0061790,0
te_0061791,0
te_0061792,0
te_0061793,0
te_0061794,0
te_0061795,0
te_0061796,0
te_0061797,0
te_0061798,0
te_0061799,0
te_0061800,0
te_0061801,0
te_0061802,0
te_0061803,0
te_0061804,0
te_0061805,0
te_0061806,0
te_0061807,0
te_0061808,0
te_0061809,0
te_0061810,0
te_0061811,0
te_0061812,0
te_0061813,0
te_0061814,0
te_0061815,0
te_0061816,0
te_0061817,0
te_0061818,0
te_0061819,0
te_0061820,0
te_0061821,0
te_0061822,0
te_0061823,0
te_0061824,0
te_0061825,0
te_0061826,0
te_0061827,0
te_0061828,0
te_0061829,0
te_0061830,0
te_0061831,0
te_0061832,0
te_0061833,0
te_0061834,0
te_0061835,0
te_0061836,0
te_0061837,0
te_0061838,0
te_0061839,0
te_0061840,0
te_0061841,0
te_0061842,0
te_0061843,0
te_0061844,0
te_0061845,0
te_0061846,0
te_0061847,0
te_0061848,0
te_0061849,0
te_0061850,0
te_0061851,0
te_0061852,0
te_0061853,0
te_0061854,0
te_0061855,0
te_0061856,0
te_0061857,0
te_0061858,0
te_0061859,0
te_0061860,0
te_0061861,0
te_0061862,0
te_0061863,0
te_0061864,0
te_0061865,0
te_0061866,0
te_0061867,0
te_0061868,0
te_0061869,0
te_0061870,0
te_0061871,0
te_0061872,0
te_0061873,0
te_0061874,0
te_0061875,0
te_0061876,0
te_0061877,0
te_0061878,0
te_0061879,0
te_0061880,0
te_0061881,0
te_0061882,0
te_0061883,0
te_0061884,0
te_0061885,0
te_0061886,0
te_0061887,0
te_0061888,0
te_0061889,0
te_0061890,0
te_0061891,0
te_0061892,0
te_0061893,0
te_0061894,0
te_0061895,0
te_0061896,0
te_0061897,0
te_0061898,0
te_0061899,0
te_0061900,0
te_0061901,0
te_0061902,0
te_0061903,0
te_0061904,0
te_0061905,0
te_0061906,0
te_0061907,0
te_0061908,0
te_0061909,0
te_0061910,0
te_0061911,0
te_0061912,0
te_0061913,0
te_0061914,0
te_0061915,0
te_0061916,0
te_0061917,0
te_0061918,0
te_0061919,0
te_0061920,0
te_0061921,0
te_0061922,0
te_0061923,0
te_0061924,0
te_0061925,0
te_0061926,0
te_0061927,0
te_0061928,0
te_0061929,0
te_0061930,0
te_0061931,0
te_0061932,0
te_0061933,0
te_0061934,0
te_0061935,0
te_0061936,0
te_0061937,0
te_0061938,0
te_0061939,0
te_0061940,0
te_0061941,0
te_0061942,0
te_0061943,0
te_0061944,0
te_0061945,0
te_0061946,0
te_0061947,0
te_0061948,0
te_0061949,0
te_0061950,0
te_0061951,0
te_0061952,0
te_0061953,0
te_0061954,0
te_0061955,0
te_0061956,0
te_0061957,0
te_0061958,0
te_0061959,0
te_0061960,0
te_0061961,0
te_0061962,0
te_0061963,0
te_0061964,0
te_0061965,0
te_0061966,0
te_0061967,0
te_0061968,0
te_0061969,0
te_0061970,0
te_0061971,0
te_0061972,0
te_0061973,0
te_0061974,0
te_0061975,0
te_0061976,0
te_0061977,0
te_0061978,0
te_0061979,0
te_0061980,0
te_0061981,0
te_0061982,0
te_0061983,0
te_0061984,0
te_0061985,0
te_0061986,0
te_0061987,0
te_0061988,0
te_0061989,0
te_0061990,0
te_0061991,0
te_0061992,0
te_0061993,0
te_0061994,0
te_0061995,0
te_0061996,0
te_0061997,0
te_0061998,0
te_0061999,0
te_0062000,0
te_0062001,0
te_0062002,0
te_0062003,0
te_0062004,0
te_0062005,0
te_0062006,0
te_0062007,0
te_0062008,0
te_0062009,0
te_0062010,0
te_0062011,0
te_0062012,0
te_0062013,0
te_0062014,0
te_0062015,0
te_0062016,0
te_0062017,0
te_0062018,0
te_0062019,0
te_0062020,0
te_0062021,0
te_0062022,0
te_0062023,0
te_0062024,0
te_0062025,0
te_0062026,0
te_0062027,0
te_0062028,0
te_0062029,0
te_0062030,0
te_0062031,0
te_0062032,0
te_0062033,0
te_0062034,0
te_0062035,0
te_0062036,0
te_0062037,0
te_0062038,0
te_0062039,0
te_0062040,0
te_0062041,0
te_0062042,0
te_0062043,0
te_0062044,0
te_0062045,0
te_0062046,0
te_0062047,0
te_0062048,0
te_0062049,0
te_0062050,0
te_0062051,0
te_0062052,0
te_0062053,0
te_0062054,0
te_0062055,0
te_0062056,0
te_0062057,0
te_0062058,0
te_0062059,0
te_0062060,0
te_0062061,0
te_0062062,0
te_0062063,0
te_0062064,0
te_0062065,0
te_0062066,0
te_0062067,0
te_0062068,0
te_0062069,0
te_0062070,0
te_0062071,0
te_0062072,0
te_0062073,0
te_0062074,0
te_0062075,0
te_0062076,0
te_0062077,0
te_0062078,0
te_0062079,0
te_0062080,0
te_0062081,0
te_0062082,0
te_0062083,0
te_0062084,0
te_0062085,0
te_0062086,0
te_0062087,0
te_0062088,0
te_0062089,0
te_0062090,0
te_0062091,0
te_0062092,0
te_0062093,0
te_0062094,0
te_0062095,0
te_0062096,0
te_0062097,0
te_0062098,0
te_0062099,0
te_0062100,0
te_0062101,0
te_0062102,0
te_0062103,0
te_0062104,0
te_0062105,0
te_0062106,0
te_0062107,0
te_0062108,0
te_0062109,0
te_0062110,0
te_0062111,0
te_0062112,0
te_0062113,0
te_0062114,0
te_0062115,0
te_0062116,0
te_0062117,0
te_0062118,0
te_0062119,0
te_0062120,0
te_0062121,0
te_0062122,0
te_0062123,0
te_0062124,0
te_0062125,0
te_0062126,0
te_0062127,0
te_0062128,0
te_0062129,0
te_0062130,0
te_0062131,0
te_0062132,0
te_0062133,0
te_0062134,0
te_0062135,0
te_0062136,0
te_0062137,0
te_0062138,0
te_0062139,0
te_0062140,0
te_0062141,0
te_0062142,0
te_0062143,0
te_0062144,0
te_0062145,0
te_0062146,0
te_0062147,0
te_0062148,0
te_0062149,0
te_0062150,0
te_0062151,0
te_0062152,0
te_0062153,0
te_0062154,0
te_0062155,0
te_0062156,0
te_0062157,0
te_0062158,0
te_0062159,0
te_0062160,0
te_0062161,0
te_0062162,0
te_0062163,0
te_0062164,0
te_0062165,0
te_0062166,0
te_0062167,0
te_0062168,0
te_0062169,0
te_0062170,0
te_0062171,0
te_0062172,0
te_0062173,0
te_0062174,0
te_0062175,0
te_0062176,0
te_0062177,0
te_0062178,0
te_0062179,0
te_0062180,0
te_0062181,0
te_0062182,0
te_0062183,0
te_0062184,0
te_0062185,0
te_0062186,0
te_0062187,0
te_0062188,0
te_0062189,0
te_0062190,0
te_0062191,0
te_0062192,0
te_0062193,0
te_0062194,0
te_0062195,0
te_0062196,0
te_0062197,0
te_0062198,0
te_0062199,0
te_0062200,0
te_0062201,0
te_0062202,0
te_0062203,0
te_0062204,0
te_0062205,0
te_0062206,0
te_0062207,0
te_0062208,0
te_0062209,0
te_0062210,0
te_0062211,0
te_0062212,0
te_0062213,0
te_0062214,0
te_0062215,0
te_0062216,0
te_0062217,0
te_0062218,0
te_0062219,0
te_0062220,0
te_0062221,0
te_0062222,0
te_0062223,0
te_0062224,0
te_0062225,0
te_0062226,0
te_0062227,0
te_0062228,0
te_0062229,0
te_0062230,0
te_0062231,0
te_0062232,0
te_0062233,0
te_0062234,0
te_0062235,0
te_0062236,0
te_0062237,0
te_0062238,0
te_0062239,0
te_0062240,0
te_0062241,0
te_0062242,0
te_0062243,0
te_0062244,0
te_0062245,0
te_0062246,0
te_0062247,0
te_0062248,0
te_0062249,0
te_0062250,0
te_0062251,0
te_0062252,0
te_0062253,0
te_0062254,0
te_0062255,0
te_0062256,0
te_0062257,0
te_0062258,0
te_0062259,0
te_0062260,0
te_0062261,0
te_0062262,0
te_0062263,0
te_0062264,0
te_0062265,0
te_0062266,0
te_0062267,0
te_0062268,0
te_0062269,0
te_0062270,0
te_0062271,0
te_0062272,0
te_0062273,0
te_0062274,0
te_0062275,0
te_0062276,0
te_0062277,0
te_0062278,0
te_0062279,0
te_0062280,0
te_0062281,0
te_0062282,0
te_0062283,0
te_0062284,0
te_0062285,0
te_0062286,0
te_0062287,0
te_0062288,0
te_0062289,0
te_0062290,0
te_0062291,0
te_0062292,0
te_0062293,0
te_0062294,0
te_0062295,0
te_0062296,0
te_0062297,0
te_0062298,0
te_0062299,0
te_0062300,0
te_0062301,0
te_0062302,0
te_0062303,0
te_0062304,0
te_0062305,0
te_0062306,0
te_0062307,0
te_0062308,0
te_0062309,0
te_0062310,0
te_0062311,0
te_0062312,0
te_0062313,0
te_0062314,0
te_0062315,0
te_0062316,0
te_0062317,0
te_0062318,0
te_0062319,0
te_0062320,0
te_0062321,0
te_0062322,0
te_0062323,0
te_0062324,0
te_0062325,0
te_0062326,0
te_0062327,0
te_0062328,0
te_0062329,0
te_0062330,0
te_0062331,0
te_0062332,0
te_0062333,0
te_0062334,0
te_0062335,0
te_0062336,0
te_0062337,0
te_0062338,0
te_0062339,0
te_0062340,0
te_0062341,0
te_0062342,0
te_0062343,0
te_0062344,0
te_0062345,0
te_0062346,0
te_0062347,0
te_0062348,0
te_0062349,0
te_0062350,0
te_0062351,0
te_0062352,0
te_0062353,0
te_0062354,0
te_0062355,0
te_0062356,0
te_0062357,0
te_0062358,0
te_0062359,0
te_0062360,0
te_0062361,0
te_0062362,0
te_0062363,0
te_0062364,0
te_0062365,0
te_0062366,0
te_0062367,0
te_0062368,0
te_0062369,0
te_0062370,0
te_0062371,0
te_0062372,0
te_0062373,0
te_0062374,0
te_0062375,0
te_0062376,0
te_0062377,0
te_0062378,0
te_0062379,0
te_0062380,0
te_0062381,0
te_0062382,0
te_0062383,0
te_0062384,0
te_0062385,0
te_0062386,0
te_0062387,0
te_0062388,0
te_0062389,0
te_0062390,0
te_0062391,0
te_0062392,0
te_0062393,0
te_0062394,0
te_0062395,0
te_0062396,0
te_0062397,0
te_0062398,0
te_0062399,0
te_0062400,0
te_0062401,0
te_0062402,0
te_0062403,0
te_0062404,0
te_0062405,0
te_0062406,0
te_0062407,0
te_0062408,0
te_0062409,0
te_0062410,0
te_0062411,0
te_0062412,0
te_0062413,0
te_0062414,0
te_0062415,0
te_0062416,0
te_0062417,0
te_0062418,0
te_0062419,0
te_0062420,0
te_0062421,0
te_0062422,0
te_0062423,0
te_0062424,0
te_0062425,0
te_0062426,0
te_0062427,0
te_0062428,0
te_0062429,0
te_0062430,0
te_0062431,0
te_0062432,0
te_0062433,0
te_0062434,0
te_0062435,0
te_0062436,0
te_0062437,0
te_0062438,0
te_0062439,0
te_0062440,0
te_0062441,0
te_0062442,0
te_0062443,0
te_0062444,0
te_0062445,0
te_0062446,0
te_0062447,0
te_0062448,0
te_0062449,0
te_0062450,0
te_0062451,0
te_0062452,0
te_0062453,0
te_0062454,0
te_0062455,0
te_0062456,0
te_0062457,0
te_0062458,0
te_0062459,0
te_0062460,0
te_0062461,0
te_0062462,0
te_0062463,0
te_0062464,0
te_0062465,0
te_0062466,0
te_0062467,0
te_0062468,0
te_0062469,0
te_0062470,0
te_0062471,0
te_0062472,0
te_0062473,0
te_0062474,0
te_0062475,0
te_0062476,0
te_0062477,0
te_0062478,0
te_0062479,0
te_0062480,0
te_0062481,0
te_0062482,0
te_0062483,0
te_0062484,0
te_0062485,0
te_0062486,0
te_0062487,0
te_0062488,0
te_0062489,0
te_0062490,0
te_0062491,0
te_0062492,0
te_0062493,0
te_0062494,0
te_0062495,0
te_0062496,0
te_0062497,0
te_0062498,0
te_0062499,0
te_0062500,0
te_0062501,0
te_0062502,0
te_0062503,0
te_0062504,0
te_0062505,0
te_0062506,0
te_0062507,0
te_0062508,0
te_0062509,0
te_0062510,0
te_0062511,0
te_0062512,0
te_0062513,0
te_0062514,0
te_0062515,0
te_0062516,0
te_0062517,0
te_0062518,0
te_0062519,0
te_0062520,0
te_0062521,0
te_0062522,0
te_0062523,0
te_0062524,0
te_0062525,0
te_0062526,0
te_0062527,0
te_0062528,0
te_0062529,0
te_0062530,0
te_0062531,0
te_0062532,0
te_0062533,0
te_0062534,0
te_0062535,0
te_0062536,0
te_0062537,0
te_0062538,0
te_0062539,0
te_0062540,0
te_0062541,0
te_0062542,0
te_0062543,0
te_0062544,0
te_0062545,0
te_0062546,0
te_0062547,0
te_0062548,0
te_0062549,0
te_0062550,0
te_0062551,0
te_0062552,0
te_0062553,0
te_0062554,0
te_0062555,0
te_0062556,0
te_0062557,0
te_0062558,0
te_0062559,0
te_0062560,0
te_0062561,0
te_0062562,0
te_0062563,0
te_0062564,0
te_0062565,0
te_0062566,0
te_0062567,0
te_0062568,0
te_0062569,0
te_0062570,0
te_0062571,0
te_0062572,0
te_0062573,0
te_0062574,0
te_0062575,0
te_0062576,0
te_0062577,0
te_0062578,0
te_0062579,0
te_0062580,0
te_0062581,0
te_0062582,0
te_0062583,0
te_0062584,0
te_0062585,0
te_0062586,0
te_0062587,0
te_0062588,0
te_0062589,0
te_0062590,0
te_0062591,0
te_0062592,0
te_0062593,0
te_0062594,0
te_0062595,0
te_0062596,0
te_0062597,0
te_0062598,0
te_0062599,0
te_0062600,0
te_0062601,0
te_0062602,0
te_0062603,0
te_0062604,0
te_0062605,0
te_0062606,0
te_0062607,0
te_0062608,0
te_0062609,0
te_0062610,0
te_0062611,0
te_0062612,0
te_0062613,0
te_0062614,0
te_0062615,0
te_0062616,0
te_0062617,0
te_0062618,0
te_0062619,0
te_0062620,0
te_0062621,0
te_0062622,0
te_0062623,0
te_0062624,0
te_0062625,0
te_0062626,0
te_0062627,0
te_0062628,0
te_0062629,0
te_0062630,0
te_0062631,0
te_0062632,0
te_0062633,0
te_0062634,0
te_0062635,0
te_0062636,0
te_0062637,0
te_0062638,0
te_0062639,0
te_0062640,0
te_0062641,0
te_0062642,0
te_0062643,0
te_0062644,0
te_0062645,0
te_0062646,0
te_0062647,0
te_0062648,0
te_0062649,0
te_0062650,0
te_0062651,0
te_0062652,0
te_0062653,0
te_0062654,0
te_0062655,0
te_0062656,0
te_0062657,0
te_0062658,0
te_0062659,0
te_0062660,0
te_0062661,0
te_0062662,0
te_0062663,0
te_0062664,0
te_0062665,0
te_0062666,0
te_0062667,0
te_0062668,0
te_0062669,0
te_0062670,0
te_0062671,0
te_0062672,0
te_0062673,0
te_0062674,0
te_0062675,0
te_0062676,0
te_0062677,0
te_0062678,0
te_0062679,0
te_0062680,0
te_0062681,0
te_0062682,0
te_0062683,0
te_0062684,0
te_0062685,0
te_0062686,0
te_0062687,0
te_0062688,0
te_0062689,0
te_0062690,0
te_0062691,0
te_0062692,0
te_0062693,0
te_0062694,0
te_0062695,0
te_0062696,0
te_0062697,0
te_0062698,0
te_0062699,0
te_0062700,0
te_0062701,0
te_0062702,0
te_0062703,0
te_0062704,0
te_0062705,0
te_0062706,0
te_0062707,0
te_0062708,0
te_0062709,0
te_0062710,0
te_0062711,0
te_0062712,0
te_0062713,0
te_0062714,0
te_0062715,0
te_0062716,0
te_0062717,0
te_0062718,0
te_0062719,0
te_0062720,0
te_0062721,0
te_0062722,0
te_0062723,0
te_0062724,0
te_0062725,0
te_0062726,0
te_0062727,0
te_0062728,0
te_0062729,0
te_0062730,0
te_0062731,0
te_0062732,0
te_0062733,0
te_0062734,0
te_0062735,0
te_0062736,0
te_0062737,0
te_0062738,0
te_0062739,0
te_0062740,0
te_0062741,0
te_0062742,0
te_0062743,0
te_0062744,0
te_0062745,0
te_0062746,0
te_0062747,0
te_0062748,0
te_0062749,0
te_0062750,0
te_0062751,0
te_0062752,0
te_0062753,0
te_0062754,0
te_0062755,0
te_0062756,0
te_0062757,0
te_0062758,0
te_0062759,0
te_0062760,0
te_0062761,0
te_0062762,0
te_0062763,0
te_0062764,0
te_0062765,0
te_0062766,0
te_0062767,0
te_0062768,0
te_0062769,0
te_0062770,0
te_0062771,0
te_0062772,0
te_0062773,0
te_0062774,0
te_0062775,0
te_0062776,0
te_0062777,0
te_0062778,0
te_0062779,0
te_0062780,0
te_0062781,0
te_0062782,0
te_0062783,0
te_0062784,0
te_0062785,0
te_0062786,0
te_0062787,0
te_0062788,0
te_0062789,0
te_0062790,0
te_0062791,0
te_0062792,0
te_0062793,0
te_0062794,0
te_0062795,0
te_0062796,0
te_0062797,0
te_0062798,0
te_0062799,0
te_0062800,0
te_0062801,0
te_0062802,0
te_0062803,0
te_0062804,0
te_0062805,0
te_0062806,0
te_0062807,0
te_0062808,0
te_0062809,0
te_0062810,0
te_0062811,0
te_0062812,0
te_0062813,0
te_0062814,0
te_0062815,0
te_0062816,0
te_0062817,0
te_0062818,0
te_0062819,0
te_0062820,0
te_0062821,0
te_0062822,0
te_0062823,0
te_0062824,0
te_0062825,0
te_0062826,0
te_0062827,0
te_0062828,0
te_0062829,0
te_0062830,0
te_0062831,0
te_0062832,0
te_0062833,0
te_0062834,0
te_0062835,0
te_0062836,0
te_0062837,0
te_0062838,0
te_0062839,0
te_0062840,0
te_0062841,0
te_0062842,0
te_0062843,0
te_0062844,0
te_0062845,0
te_0062846,0
te_0062847,0
te_0062848,0
te_0062849,0
te_0062850,0
te_0062851,0
te_0062852,0
te_0062853,0
te_0062854,0
te_0062855,0
te_0062856,0
te_0062857,0
te_0062858,0
te_0062859,0
te_0062860,0
te_0062861,0
te_0062862,0
te_0062863,0
te_0062864,0
te_0062865,0
te_0062866,0
te_0062867,0
te_0062868,0
te_0062869,0
te_0062870,0
te_0062871,0
te_0062872,0
te_0062873,0
te_0062874,0
te_0062875,0
te_0062876,0
te_0062877,0
te_0062878,0
te_0062879,0
te_0062880,0
te_0062881,0
te_0062882,0
te_0062883,0
te_0062884,0
te_0062885,0
te_0062886,0
te_0062887,0
te_0062888,0
te_0062889,0
te_0062890,0
te_0062891,0
te_0062892,0
te_0062893,0
te_0062894,0
te_0062895,0
te_0062896,0
te_0062897,0
te_0062898,0
te_0062899,0
te_0062900,0
te_0062901,0
te_0062902,0
te_0062903,0
te_0062904,0
te_0062905,0
te_0062906,0
te_0062907,0
te_0062908,0
te_0062909,0
te_0062910,0
te_0062911,0
te_0062912,0
te_0062913,0
te_0062914,0
te_0062915,0
te_0062916,0
te_0062917,0
te_0062918,0
te_0062919,0
te_0062920,0
te_0062921,0
te_0062922,0
te_0062923,0
te_0062924,0
te_0062925,0
te_0062926,0
te_0062927,0
te_0062928,0
te_0062929,0
te_0062930,0
te_0062931,0
te_0062932,0
te_0062933,0
te_0062934,0
te_0062935,0
te_0062936,0
te_0062937,0
te_0062938,0
te_0062939,0
te_0062940,0
te_0062941,0
te_0062942,0
te_0062943,0
te_0062944,0
te_0062945,0
te_0062946,0
te_0062947,0
te_0062948,0
te_0062949,0
te_0062950,0
te_0062951,0
te_0062952,0
te_0062953,0
te_0062954,0
te_0062955,0
te_0062956,0
te_0062957,0
te_0062958,0
te_0062959,0
te_0062960,0
te_0062961,0
te_0062962,0
te_0062963,0
te_0062964,0
te_0062965,0
te_0062966,0
te_0062967,0
te_0062968,0
te_0062969,0
te_0062970,0
te_0062971,0
te_0062972,0
te_0062973,0
te_0062974,0
te_0062975,0
te_0062976,0
te_0062977,0
te_0062978,0
te_0062979,0
te_0062980,0
te_0062981,0
te_0062982,0
te_0062983,0
te_0062984,0
te_0062985,0
te_0062986,0
te_0062987,0
te_0062988,0
te_0062989,0
te_0062990,0
te_0062991,0
te_0062992,0
te_0062993,0
te_0062994,0
te_0062995,0
te_0062996,0
te_0062997,0
te_0062998,0
te_0062999,0
te_0063000,0
te_0063001,0
te_0063002,0
te_0063003,0
te_0063004,0
te_0063005,0
te_0063006,0
te_0063007,0
te_0063008,0
te_0063009,0
te_0063010,0
te_0063011,0
te_0063012,0
te_0063013,0
te_0063014,0
te_0063015,0
te_0063016,0
te_0063017,0
te_0063018,0
te_0063019,0
te_0063020,0
te_0063021,0
te_0063022,0
te_0063023,0
te_0063024,0
te_0063025,0
te_0063026,0
te_0063027,0
te_0063028,0
te_0063029,0
te_0063030,0
te_0063031,0
te_0063032,0
te_0063033,0
te_0063034,0
te_0063035,0
te_0063036,0
te_0063037,0
te_0063038,0
te_0063039,0
te_0063040,0
te_0063041,0
te_0063042,0
te_0063043,0
te_0063044,0
te_0063045,0
te_0063046,0
te_0063047,0
te_0063048,0
te_0063049,0
te_0063050,0
te_0063051,0
te_0063052,0
te_0063053,0
te_0063054,0
te_0063055,0
te_0063056,0
te_0063057,0
te_0063058,0
te_0063059,0
te_0063060,0
te_0063061,0
te_0063062,0
te_0063063,0
te_0063064,0
te_0063065,0
te_0063066,0
te_0063067,0
te_0063068,0
te_0063069,0
te_0063070,0
te_0063071,0
te_0063072,0
te_0063073,0
te_0063074,0
te_0063075,0
te_0063076,0
te_0063077,0
te_0063078,0
te_0063079,0
te_0063080,0
te_0063081,0
te_0063082,0
te_0063083,0
te_0063084,0
te_0063085,0
te_0063086,0
te_0063087,0
te_0063088,0
te_0063089,0
te_0063090,0
te_0063091,0
te_0063092,0
te_0063093,0
te_0063094,0
te_0063095,0
te_0063096,0
te_0063097,0
te_0063098,0
te_0063099,0
te_0063100,0
te_0063101,0
te_0063102,0
te_0063103,0
te_0063104,0
te_0063105,0
te_0063106,0
te_0063107,0
te_0063108,0
te_0063109,0
te_0063110,0
te_0063111,0
te_0063112,0
te_0063113,0
te_0063114,0
te_0063115,0
te_0063116,0
te_0063117,0
te_0063118,0
te_0063119,0
te_0063120,0
te_0063121,0
te_0063122,0
te_0063123,0
te_0063124,0
te_0063125,0
te_0063126,0
te_0063127,0
te_0063128,0
te_0063129,0
te_0063130,0
te_0063131,0
te_0063132,0
te_0063133,0
te_0063134,0
te_0063135,0
te_0063136,0
te_0063137,0
te_0063138,0
te_0063139,0
te_0063140,0
te_0063141,0
te_0063142,0
te_0063143,0
te_0063144,0
te_0063145,0
te_0063146,0
te_0063147,0
te_0063148,0
te_0063149,0
te_0063150,0
te_0063151,0
te_0063152,0
te_0063153,0
te_0063154,0
te_0063155,0
te_0063156,0
te_0063157,0
te_0063158,0
te_0063159,0
te_0063160,0
te_0063161,0
te_0063162,0
te_0063163,0
te_0063164,0
te_0063165,0
te_0063166,0
te_0063167,0
te_0063168,0
te_0063169,0
te_0063170,0
te_0063171,0
te_0063172,0
te_0063173,0
te_0063174,0
te_0063175,0
te_0063176,0
te_0063177,0
te_0063178,0
te_0063179,0
te_0063180,0
te_0063181,0
te_0063182,0
te_0063183,0
te_0063184,0
te_0063185,0
te_0063186,0
te_0063187,0
te_0063188,0
te_0063189,0
te_0063190,0
te_0063191,0
te_0063192,0
te_0063193,0
te_0063194,0
te_0063195,0
te_0063196,0
te_0063197,0
te_0063198,0
te_0063199,0
te_0063200,0
te_0063201,0
te_0063202,0
te_0063203,0
te_0063204,0
te_0063205,0
te_0063206,0
te_0063207,0
te_0063208,0
te_0063209,0
te_0063210,0
te_0063211,0
te_0063212,0
te_0063213,0
te_0063214,0
te_0063215,0
te_0063216,0
te_0063217,0
te_0063218,0
te_0063219,0
te_0063220,0
te_0063221,0
te_0063222,0
te_0063223,0
te_0063224,0
te_0063225,0
te_0063226,0
te_0063227,0
te_0063228,0
te_0063229,0
te_0063230,0
te_0063231,0
te_0063232,0
te_0063233,0
te_0063234,0
te_0063235,0
te_0063236,0
te_0063237,0
te_0063238,0
te_0063239,0
te_0063240,0
te_0063241,0
te_0063242,0
te_0063243,0
te_0063244,0
te_0063245,0
te_0063246,0
te_0063247,0
te_0063248,0
te_0063249,0
te_0063250,0
te_0063251,0
te_0063252,0
te_0063253,0
te_0063254,0
te_0063255,0
te_0063256,0
te_0063257,0
te_0063258,0
te_0063259,0
te_0063260,0
te_0063261,0
te_0063262,0
te_0063263,0
te_0063264,0
te_0063265,0
te_0063266,0
te_0063267,0
te_0063268,0
te_0063269,0
te_0063270,0
te_0063271,0
te_0063272,0
te_0063273,0
te_0063274,0
te_0063275,0
te_0063276,0
te_0063277,0
te_0063278,0
te_0063279,0
te_0063280,0
te_0063281,0
te_0063282,0
te_0063283,0
te_0063284,0
te_0063285,0
te_0063286,0
te_0063287,0
te_0063288,0
te_0063289,0
te_0063290,0
te_0063291,0
te_0063292,0
te_0063293,0
te_0063294,0
te_0063295,0
te_0063296,0
te_0063297,0
te_0063298,0
te_0063299,0
te_0063300,0
te_0063301,0
te_0063302,0
te_0063303,0
te_0063304,0
te_0063305,0
te_0063306,0
te_0063307,0
te_0063308,0
te_0063309,0
te_0063310,0
te_0063311,0
te_0063312,0
te_0063313,0
te_0063314,0
te_0063315,0
te_0063316,0
te_0063317,0
te_0063318,0
te_0063319,0
te_0063320,0
te_0063321,0
te_0063322,0
te_0063323,0
te_0063324,0
te_0063325,0
te_0063326,0
te_0063327,0
te_0063328,0
te_0063329,0
te_0063330,0
te_0063331,0
te_0063332,0
te_0063333,0
te_0063334,0
te_0063335,0
te_0063336,0
te_0063337,0
te_0063338,0
te_0063339,0
te_0063340,0
te_0063341,0
te_0063342,0
te_0063343,0
te_0063344,0
te_0063345,0
te_0063346,0
te_0063347,0
te_0063348,0
te_0063349,0
te_0063350,0
te_0063351,0
te_0063352,0
te_0063353,0
te_0063354,0
te_0063355,0
te_0063356,0
te_0063357,0
te_0063358,0
te_0063359,0
te_0063360,0
te_0063361,0
te_0063362,0
te_0063363,0
te_0063364,0
te_0063365,0
te_0063366,0
te_0063367,0
te_0063368,0
te_0063369,0
te_0063370,0
te_0063371,0
te_0063372,0
te_0063373,0
te_0063374,0
te_0063375,0
te_0063376,0
te_0063377,0
te_0063378,0
te_0063379,0
te_0063380,0
te_0063381,0
te_0063382,0
te_0063383,0
te_0063384,0
te_0063385,0
te_0063386,0
te_0063387,0
te_0063388,0
te_0063389,0
te_0063390,0
te_0063391,0
te_0063392,0
te_0063393,0
te_0063394,0
te_0063395,0
te_0063396,0
te_0063397,0
te_0063398,0
te_0063399,0
te_0063400,0
te_0063401,0
te_0063402,0
te_0063403,0
te_0063404,0
te_0063405,0
te_0063406,0
te_0063407,0
te_0063408,0
te_0063409,0
te_0063410,0
te_0063411,0
te_0063412,0
te_0063413,0
te_0063414,0
te_0063415,0
te_0063416,0
te_0063417,0
te_0063418,0
te_0063419,0
te_0063420,0
te_0063421,0
te_0063422,0
te_0063423,0
te_0063424,0
te_0063425,0
te_0063426,0
te_0063427,0
te_0063428,0
te_0063429,0
te_0063430,0
te_0063431,0
te_0063432,0
te_0063433,0
te_0063434,0
te_0063435,0
te_0063436,0
te_0063437,0
te_0063438,0
te_0063439,0
te_0063440,0
te_0063441,0
te_0063442,0
te_0063443,0
te_0063444,0
te_0063445,0
te_0063446,0
te_0063447,0
te_0063448,0
te_0063449,0
te_0063450,0
te_0063451,0
te_0063452,0
te_0063453,0
te_0063454,0
te_0063455,0
te_0063456,0
te_0063457,0
te_0063458,0
te_0063459,0
te_0063460,0
te_0063461,0
te_0063462,0
te_0063463,0
te_0063464,0
te_0063465,0
te_0063466,0
te_0063467,0
te_0063468,0
te_0063469,0
te_0063470,0
te_0063471,0
te_0063472,0
te_0063473,0
te_0063474,0
te_0063475,0
te_0063476,0
te_0063477,0
te_0063478,0
te_0063479,0
te_0063480,0
te_0063481,0
te_0063482,0
te_0063483,0
te_0063484,0
te_0063485,0
te_0063486,0
te_0063487,0
te_0063488,0
te_0063489,0
te_0063490,0
te_0063491,0
te_0063492,0
te_0063493,0
te_0063494,0
te_0063495,0
te_0063496,0
te_0063497,0
te_0063498,0
te_0063499,0
te_0063500,0
te_0063501,0
te_0063502,0
te_0063503,0
te_0063504,0
te_0063505,0
te_0063506,0
te_0063507,0
te_0063508,0
te_0063509,0
te_0063510,0
te_0063511,0
te_0063512,0
te_0063513,0
te_0063514,0
te_0063515,0
te_0063516,0
te_0063517,0
te_0063518,0
te_0063519,0
te_0063520,0
te_0063521,0
te_0063522,0
te_0063523,0
te_0063524,0
te_0063525,0
te_0063526,0
te_0063527,0
te_0063528,0
te_0063529,0
te_0063530,0
te_0063531,0
te_0063532,0
te_0063533,0
te_0063534,0
te_0063535,0
te_0063536,0
te_0063537,0
te_0063538,0
te_0063539,0
te_0063540,0
te_0063541,0
te_0063542,0
te_0063543,0
te_0063544,0
te_0063545,0
te_0063546,0
te_0063547,0
te_0063548,0
te_0063549,0
te_0063550,0
te_0063551,0
te_0063552,0
te_0063553,0
te_0063554,0
te_0063555,0
te_0063556,0
te_0063557,0
te_0063558,0
te_0063559,0
te_0063560,0
te_0063561,0
te_0063562,0
te_0063563,0
te_0063564,0
te_0063565,0
te_0063566,0
te_0063567,0
te_0063568,0
te_0063569,0
te_0063570,0
te_0063571,0
te_0063572,0
te_0063573,0
te_0063574,0
te_0063575,0
te_0063576,0
te_0063577,0
te_0063578,0
te_0063579,0
te_0063580,0
te_0063581,0
te_0063582,0
te_0063583,0
te_0063584,0
te_0063585,0
te_0063586,0
te_0063587,0
te_0063588,0
te_0063589,0
te_0063590,0
te_0063591,0
te_0063592,0
te_0063593,0
te_0063594,0
te_0063595,0
te_0063596,0
te_0063597,0
te_0063598,0
te_0063599,0
te_0063600,0
te_0063601,0
te_0063602,0
te_0063603,0
te_0063604,0
te_0063605,0
te_0063606,0
te_0063607,0
te_0063608,0
te_0063609,0
te_0063610,0
te_0063611,0
te_0063612,0
te_0063613,0
te_0063614,0
te_0063615,0
te_0063616,0
te_0063617,0
te_0063618,0
te_0063619,0
te_0063620,0
te_0063621,0
te_0063622,0
te_0063623,0
te_0063624,0
te_0063625,0
te_0063626,0
te_0063627,0
te_0063628,0
te_0063629,0
te_0063630,0
te_0063631,0
te_0063632,0
te_0063633,0
te_0063634,0
te_0063635,0
te_0063636,0
te_0063637,0
te_0063638,0
te_0063639,0
te_0063640,0
te_0063641,0
te_0063642,0
te_0063643,0
te_0063644,0
te_0063645,0
te_0063646,0
te_0063647,0
te_0063648,0
te_0063649,0
te_0063650,0
te_0063651,0
te_0063652,0
te_0063653,0
te_0063654,0
te_0063655,0
te_0063656,0
te_0063657,0
te_0063658,0
te_0063659,0
te_0063660,0
te_0063661,0
te_0063662,0
te_0063663,0
te_0063664,0
te_0063665,0
te_0063666,0
te_0063667,0
te_0063668,0
te_0063669,0
te_0063670,0
te_0063671,0
te_0063672,0
te_0063673,0
te_0063674,0
te_0063675,0
te_0063676,0
te_0063677,0
te_0063678,0
te_0063679,0
te_0063680,0
te_0063681,0
te_0063682,0
te_0063683,0
te_0063684,0
te_0063685,0
te_0063686,0
te_0063687,0
te_0063688,0
te_0063689,0
te_0063690,0
te_0063691,0
te_0063692,0
te_0063693,0
te_0063694,0
te_0063695,0
te_0063696,0
te_0063697,0
te_0063698,0
te_0063699,0
te_0063700,0
te_0063701,0
te_0063702,0
te_0063703,0
te_0063704,0
te_0063705,0
te_0063706,0
te_0063707,0
te_0063708,0
te_0063709,0
te_0063710,0
te_0063711,0
te_0063712,0
te_0063713,0
te_0063714,0
te_0063715,0
te_0063716,0
te_0063717,0
te_0063718,0
te_0063719,0
te_0063720,0
te_0063721,0
te_0063722,0
te_0063723,0
te_0063724,0
te_0063725,0
te_0063726,0
te_0063727,0
te_0063728,0
te_0063729,0
te_0063730,0
te_0063731,0
te_0063732,0
te_0063733,0
te_0063734,0
te_0063735,0
te_0063736,0
te_0063737,0
te_0063738,0
te_0063739,0
te_0063740,0
te_0063741,0
te_0063742,0
te_0063743,0
te_0063744,0
te_0063745,0
te_0063746,0
te_0063747,0
te_0063748,0
te_0063749,0
te_0063750,0
te_0063751,0
te_0063752,0
te_0063753,0
te_0063754,0
te_0063755,0
te_0063756,0
te_0063757,0
te_0063758,0
te_0063759,0
te_0063760,0
te_0063761,0
te_0063762,0
te_0063763,0
te_0063764,0
te_0063765,0
te_0063766,0
te_0063767,0
te_0063768,0
te_0063769,0
te_0063770,0
te_0063771,0
te_0063772,0
te_0063773,0
te_0063774,0
te_0063775,0
te_0063776,0
te_0063777,0
te_0063778,0
te_0063779,0
te_0063780,0
te_0063781,0
te_0063782,0
te_0063783,0
te_0063784,0
te_0063785,0
te_0063786,0
te_0063787,0
te_0063788,0
te_0063789,0
te_0063790,0
te_0063791,0
te_0063792,0
te_0063793,0
te_0063794,0
te_0063795,0
te_0063796,0
te_0063797,0
te_0063798,0
te_0063799,0
te_0063800,0
te_0063801,0
te_0063802,0
te_0063803,0
te_0063804,0
te_0063805,0
te_0063806,0
te_0063807,0
te_0063808,0
te_0063809,0
te_0063810,0
te_0063811,0
te_0063812,0
te_0063813,0
te_0063814,0
te_0063815,0
te_0063816,0
te_0063817,0
te_0063818,0
te_0063819,0
te_0063820,0
te_0063821,0
te_0063822,0
te_0063823,0
te_0063824,0
te_0063825,0
te_0063826,0
te_0063827,0
te_0063828,0
te_0063829,0
te_0063830,0
te_0063831,0
te_0063832,0
te_0063833,0
te_0063834,0
te_0063835,0
te_0063836,0
te_0063837,0
te_0063838,0
te_0063839,0
te_0063840,0
te_0063841,0
te_0063842,0
te_0063843,0
te_0063844,0
te_0063845,0
te_0063846,0
te_0063847,0
te_0063848,0
te_0063849,0
te_0063850,0
te_0063851,0
te_0063852,0
te_0063853,0
te_0063854,0
te_0063855,0
te_0063856,0
te_0063857,0
te_0063858,0
te_0063859,0
te_0063860,0
te_0063861,0
te_0063862,0
te_0063863,0
te_0063864,0
te_0063865,0
te_0063866,0
te_0063867,0
te_0063868,0
te_0063869,0
te_0063870,0
te_0063871,0
te_0063872,0
te_0063873,0
te_0063874,0
te_0063875,0
te_0063876,0
te_0063877,0
te_0063878,0
te_0063879,0
te_0063880,0
te_0063881,0
te_0063882,0
te_0063883,0
te_0063884,0
te_0063885,0
te_0063886,0
te_0063887,0
te_0063888,0
te_0063889,0
te_0063890,0
te_0063891,0
te_0063892,0
te_0063893,0
te_0063894,0
te_0063895,0
te_0063896,0
te_0063897,0
te_0063898,0
te_0063899,0
te_0063900,0
te_0063901,0
te_0063902,0
te_0063903,0
te_0063904,0
te_0063905,0
te_0063906,0
te_0063907,0
te_0063908,0
te_0063909,0
te_0063910,0
te_0063911,0
te_0063912,0
te_0063913,0
te_0063914,0
te_0063915,0
te_0063916,0
te_0063917,0
te_0063918,0
te_0063919,0
te_0063920,0
te_0063921,0
te_0063922,0
te_0063923,0
te_0063924,0
te_0063925,0
te_0063926,0
te_0063927,0
te_0063928,0
te_0063929,0
te_0063930,0
te_0063931,0
te_0063932,0
te_0063933,0
te_0063934,0
te_0063935,0
te_0063936,0
te_0063937,0
te_0063938,0
te_0063939,0
te_0063940,0
te_0063941,0
te_0063942,0
te_0063943,0
te_0063944,0
te_0063945,0
te_0063946,0
te_0063947,0
te_0063948,0
te_0063949,0
te_0063950,0
te_0063951,0
te_0063952,0
te_0063953,0
te_0063954,0
te_0063955,0
te_0063956,0
te_0063957,0
te_0063958,0
te_0063959,0
te_0063960,0
te_0063961,0
te_0063962,0
te_0063963,0
te_0063964,0
te_0063965,0
te_0063966,0
te_0063967,0
te_0063968,0
te_0063969,0
te_0063970,0
te_0063971,0
te_0063972,0
te_0063973,0
te_0063974,0
te_0063975,0
te_0063976,0
te_0063977,0
te_0063978,0
te_0063979,0
te_0063980,0
te_0063981,0
te_0063982,0
te_0063983,0
te_0063984,0
te_0063985,0
te_0063986,0
te_0063987,0
te_0063988,0
te_0063989,0
te_0063990,0
te_0063991,0
te_0063992,0
te_0063993,0
te_0063994,0
te_0063995,0
te_0063996,0
te_0063997,0
te_0063998,0
te_0063999,0
te_0064000,0
te_0064001,0
te_0064002,0
te_0064003,0
te_0064004,0
te_0064005,0
te_0064006,0
te_0064007,0
te_0064008,0
te_0064009,0
te_0064010,0
te_0064011,0
te_0064012,0
te_0064013,0
te_0064014,0
te_0064015,0
te_0064016,0
te_0064017,0
te_0064018,0
te_0064019,0
te_0064020,0
te_0064021,0
te_0064022,0
te_0064023,0
te_0064024,0
te_0064025,0
te_0064026,0
te_0064027,0
te_0064028,0
te_0064029,0
te_0064030,0
te_0064031,0
te_0064032,0
te_0064033,0
te_0064034,0
te_0064035,0
te_0064036,0
te_0064037,0
te_0064038,0
te_0064039,0
te_0064040,0
te_0064041,0
te_0064042,0
te_0064043,0
te_0064044,0
te_0064045,0
te_0064046,0
te_0064047,0
te_0064048,0
te_0064049,0
te_0064050,0
te_0064051,0
te_0064052,0
te_0064053,0
te_0064054,0
te_0064055,0
te_0064056,0
te_0064057,0
te_0064058,0
te_0064059,0
te_0064060,0
te_0064061,0
te_0064062,0
te_0064063,0
te_0064064,0
te_0064065,0
te_0064066,0
te_0064067,0
te_0064068,0
te_0064069,0
te_0064070,0
te_0064071,0
te_0064072,0
te_0064073,0
te_0064074,0
te_0064075,0
te_0064076,0
te_0064077,0
te_0064078,0
te_0064079,0
te_0064080,0
te_0064081,0
te_0064082,0
te_0064083,0
te_0064084,0
te_0064085,0
te_0064086,0
te_0064087,0
te_0064088,0
te_0064089,0
te_0064090,0
te_0064091,0
te_0064092,0
te_0064093,0
te_0064094,0
te_0064095,0
te_0064096,0
te_0064097,0
te_0064098,0
te_0064099,0
te_0064100,0
te_0064101,0
te_0064102,0
te_0064103,0
te_0064104,0
te_0064105,0
te_0064106,0
te_0064107,0
te_0064108,0
te_0064109,0
te_0064110,0
te_0064111,0
te_0064112,0
te_0064113,0
te_0064114,0
te_0064115,0
te_0064116,0
te_0064117,0
te_0064118,0
te_0064119,0
te_0064120,0
te_0064121,0
te_0064122,0
te_0064123,0
te_0064124,0
te_0064125,0
te_0064126,0
te_0064127,0
te_0064128,0
te_0064129,0
te_0064130,0
te_0064131,0
te_0064132,0
te_0064133,0
te_0064134,0
te_0064135,0
te_0064136,0
te_0064137,0
te_0064138,0
te_0064139,0
te_0064140,0
te_0064141,0
te_0064142,0
te_0064143,0
te_0064144,0
te_0064145,0
te_0064146,0
te_0064147,0
te_0064148,0
te_0064149,0
te_0064150,0
te_0064151,0
te_0064152,0
te_0064153,0
te_0064154,0
te_0064155,0
te_0064156,0
te_0064157,0
te_0064158,0
te_0064159,0
te_0064160,0
te_0064161,0
te_0064162,0
te_0064163,0
te_0064164,0
te_0064165,0
te_0064166,0
te_0064167,0
te_0064168,0
te_0064169,0
te_0064170,0
te_0064171,0
te_0064172,0
te_0064173,0
te_0064174,0
te_0064175,0
te_0064176,0
te_0064177,0
te_0064178,0
te_0064179,0
te_0064180,0
te_0064181,0
te_0064182,0
te_0064183,0
te_0064184,0
te_0064185,0
te_0064186,0
te_0064187,0
te_0064188,0
te_0064189,0
te_0064190,0
te_0064191,0
te_0064192,0
te_0064193,0
te_0064194,0
te_0064195,0
te_0064196,0
te_0064197,0
te_0064198,0
te_0064199,0
te_0064200,0
te_0064201,0
te_0064202,0
te_0064203,0
te_0064204,0
te_0064205,0
te_0064206,0
te_0064207,0
te_0064208,0
te_0064209,0
te_0064210,0
te_0064211,0
te_0064212,0
te_0064213,0
te_0064214,0
te_0064215,0
te_0064216,0
te_0064217,0
te_0064218,0
te_0064219,0
te_0064220,0
te_0064221,0
te_0064222,0
te_0064223,0
te_0064224,0
te_0064225,0
te_0064226,0
te_0064227,0
te_0064228,0
te_0064229,0
te_0064230,0
te_0064231,0
te_0064232,0
te_0064233,0
te_0064234,0
te_0064235,0
te_0064236,0
te_0064237,0
te_0064238,0
te_0064239,0
te_0064240,0
te_0064241,0
te_0064242,0
te_0064243,0
te_0064244,0
te_0064245,0
te_0064246,0
te_0064247,0
te_0064248,0
te_0064249,0
te_0064250,0
te_0064251,0
te_0064252,0
te_0064253,0
te_0064254,0
te_0064255,0
te_0064256,0
te_0064257,0
te_0064258,0
te_0064259,0
te_0064260,0
te_0064261,0
te_0064262,0
te_0064263,0
te_0064264,0
te_0064265,0
te_0064266,0
te_0064267,0
te_0064268,0
te_0064269,0
te_0064270,0
te_0064271,0
te_0064272,0
te_0064273,0
te_0064274,0
te_0064275,0
te_0064276,0
te_0064277,0
te_0064278,0
te_0064279,0
te_0064280,0
te_0064281,0
te_0064282,0
te_0064283,0
te_0064284,0
te_0064285,0
te_0064286,0
te_0064287,0
te_0064288,0
te_0064289,0
te_0064290,0
te_0064291,0
te_0064292,0
te_0064293,0
te_0064294,0
te_0064295,0
te_0064296,0
te_0064297,0
te_0064298,0
te_0064299,0
te_0064300,0
te_0064301,0
te_0064302,0
te_0064303,0
te_0064304,0
te_0064305,0
te_0064306,0
te_0064307,0
te_0064308,0
te_0064309,0
te_0064310,0
te_0064311,0
te_0064312,0
te_0064313,0
te_0064314,0
te_0064315,0
te_0064316,0
te_0064317,0
te_0064318,0
te_0064319,0
te_0064320,0
te_0064321,0
te_0064322,0
te_0064323,0
te_0064324,0
te_0064325,0
te_0064326,0
te_0064327,0
te_0064328,0
te_0064329,0
te_0064330,0
te_0064331,0
te_0064332,0
te_0064333,0
te_0064334,0
te_0064335,0
te_0064336,0
te_0064337,0
te_0064338,0
te_0064339,0
te_0064340,0
te_0064341,0
te_0064342,0
te_0064343,0
te_0064344,0
te_0064345,0
te_0064346,0
te_0064347,0
te_0064348,0
te_0064349,0
te_0064350,0
te_0064351,0
te_0064352,0
te_0064353,0
te_0064354,0
te_0064355,0
te_0064356,0
te_0064357,0
te_0064358,0
te_0064359,0
te_0064360,0
te_0064361,0
te_0064362,0
te_0064363,0
te_0064364,0
te_0064365,0
te_0064366,0
te_0064367,0
te_0064368,0
te_0064369,0
te_0064370,0
te_0064371,0
te_0064372,0
te_0064373,0
te_0064374,0
te_0064375,0
te_0064376,0
te_0064377,0
te_0064378,0
te_0064379,0
te_0064380,0
te_0064381,0
te_0064382,0
te_0064383,0
te_0064384,0
te_0064385,0
te_0064386,0
te_0064387,0
te_0064388,0
te_0064389,0
te_0064390,0
te_0064391,0
te_0064392,0
te_0064393,0
te_0064394,0
te_0064395,0
te_0064396,0
te_0064397,0
te_0064398,0
te_0064399,0
te_0064400,0
te_0064401,0
te_0064402,0
te_0064403,0
te_0064404,0
te_0064405,0
te_0064406,0
te_0064407,0
te_0064408,0
te_0064409,0
te_0064410,0
te_0064411,0
te_0064412,0
te_0064413,0
te_0064414,0
te_0064415,0
te_0064416,0
te_0064417,0
te_0064418,0
te_0064419,0
te_0064420,0
te_0064421,0
te_0064422,0
te_0064423,0
te_0064424,0
te_0064425,0
te_0064426,0
te_0064427,0
te_0064428,0
te_0064429,0
te_0064430,0
te_0064431,0
te_0064432,0
te_0064433,0
te_0064434,0
te_0064435,0
te_0064436,0
te_0064437,0
te_0064438,0
te_0064439,0
te_0064440,0
te_0064441,0
te_0064442,0
te_0064443,0
te_0064444,0
te_0064445,0
te_0064446,0
te_0064447,0
te_0064448,0
te_0064449,0
te_0064450,0
te_0064451,0
te_0064452,0
te_0064453,0
te_0064454,0
te_0064455,0
te_0064456,0
te_0064457,0
te_0064458,0
te_0064459,0
te_0064460,0
te_0064461,0
te_0064462,0
te_0064463,0
te_0064464,0
te_0064465,0
te_0064466,0
te_0064467,0
te_0064468,0
te_0064469,0
te_0064470,0
te_0064471,0
te_0064472,0
te_0064473,0
te_0064474,0
te_0064475,0
te_0064476,0
te_0064477,0
te_0064478,0
te_0064479,0
te_0064480,0
te_0064481,0
te_0064482,0
te_0064483,0
te_0064484,0
te_0064485,0
te_0064486,0
te_0064487,0
te_0064488,0
te_0064489,0
te_0064490,0
te_0064491,0
te_0064492,0
te_0064493,0
te_0064494,0
te_0064495,0
te_0064496,0
te_0064497,0
te_0064498,0
te_0064499,0
te_0064500,0
te_0064501,0
te_0064502,0
te_0064503,0
te_0064504,0
te_0064505,0
te_0064506,0
te_0064507,0
te_0064508,0
te_0064509,0
te_0064510,0
te_0064511,0
te_0064512,0
te_0064513,0
te_0064514,0
te_0064515,0
te_0064516,0
te_0064517,0
te_0064518,0
te_0064519,0
te_0064520,0
te_0064521,0
te_0064522,0
te_0064523,0
te_0064524,0
te_0064525,0
te_0064526,0
te_0064527,0
te_0064528,0
te_0064529,0
te_0064530,0
te_0064531,0
te_0064532,0
te_0064533,0
te_0064534,0
te_0064535,0
te_0064536,0
te_0064537,0
te_0064538,0
te_0064539,0
te_0064540,0
te_0064541,0
te_0064542,0
te_0064543,0
te_0064544,0
te_0064545,0
te_0064546,0
te_0064547,0
te_0064548,0
te_0064549,0
te_0064550,0
te_0064551,0
te_0064552,0
te_0064553,0
te_0064554,0
te_0064555,0
te_0064556,0
te_0064557,0
te_0064558,0
te_0064559,0
te_0064560,0
te_0064561,0
te_0064562,0
te_0064563,0
te_0064564,0
te_0064565,0
te_0064566,0
te_0064567,0
te_0064568,0
te_0064569,0
te_0064570,0
te_0064571,0
te_0064572,0
te_0064573,0
te_0064574,0
te_0064575,0
te_0064576,0
te_0064577,0
te_0064578,0
te_0064579,0
te_0064580,0
te_0064581,0
te_0064582,0
te_0064583,0
te_0064584,0
te_0064585,0
te_0064586,0
te_0064587,0
te_0064588,0
te_0064589,0
te_0064590,0
te_0064591,0
te_0064592,0
te_0064593,0
te_0064594,0
te_0064595,0
te_0064596,0
te_0064597,0
te_0064598,0
te_0064599,0
te_0064600,0
te_0064601,0
te_0064602,0
te_0064603,0
te_0064604,0
te_0064605,0
te_0064606,0
te_0064607,0
te_0064608,0
te_0064609,0
te_0064610,0
te_0064611,0
te_0064612,0
te_0064613,0
te_0064614,0
te_0064615,0
te_0064616,0
te_0064617,0
te_0064618,0
te_0064619,0
te_0064620,0
te_0064621,0
te_0064622,0
te_0064623,0
te_0064624,0
te_0064625,0
te_0064626,0
te_0064627,0
te_0064628,0
te_0064629,0
te_0064630,0
te_0064631,0
te_0064632,0
te_0064633,0
te_0064634,0
te_0064635,0
te_0064636,0
te_0064637,0
te_0064638,0
te_0064639,0
te_0064640,0
te_0064641,0
te_0064642,0
te_0064643,0
te_0064644,0
te_0064645,0
te_0064646,0
te_0064647,0
te_0064648,0
te_0064649,0
te_0064650,0
te_0064651,0
te_0064652,0
te_0064653,0
te_0064654,0
te_0064655,0
te_0064656,0
te_0064657,0
te_0064658,0
te_0064659,0
te_0064660,0
te_0064661,0
te_0064662,0
te_0064663,0
te_0064664,0
te_0064665,0
te_0064666,0
te_0064667,0
te_0064668,0
te_0064669,0
te_0064670,0
te_0064671,0
te_0064672,0
te_0064673,0
te_0064674,0
te_0064675,0
te_0064676,0
te_0064677,0
te_0064678,0
te_0064679,0
te_0064680,0
te_0064681,0
te_0064682,0
te_0064683,0
te_0064684,0
te_0064685,0
te_0064686,0
te_0064687,0
te_0064688,0
te_0064689,0
te_0064690,0
te_0064691,0
te_0064692,0
te_0064693,0
te_0064694,0
te_0064695,0
te_0064696,0
te_0064697,0
te_0064698,0
te_0064699,0
te_0064700,0
te_0064701,0
te_0064702,0
te_0064703,0
te_0064704,0
te_0064705,0
te_0064706,0
te_0064707,0
te_0064708,0
te_0064709,0
te_0064710,0
te_0064711,0
te_0064712,0
te_0064713,0
te_0064714,0
te_0064715,0
te_0064716,0
te_0064717,0
te_0064718,0
te_0064719,0
te_0064720,0
te_0064721,0
te_0064722,0
te_0064723,0
te_0064724,0
te_0064725,0
te_0064726,0
te_0064727,0
te_0064728,0
te_0064729,0
te_0064730,0
te_0064731,0
te_0064732,0
te_0064733,0
te_0064734,0
te_0064735,0
te_0064736,0
te_0064737,0
te_0064738,0
te_0064739,0
te_0064740,0
te_0064741,0
te_0064742,0
te_0064743,0
te_0064744,0
te_0064745,0
te_0064746,0
te_0064747,0
te_0064748,0
te_0064749,0
te_0064750,0
te_0064751,0
te_0064752,0
te_0064753,0
te_0064754,0
te_0064755,0
te_0064756,0
te_0064757,0
te_0064758,0
te_0064759,0
te_0064760,0
te_0064761,0
te_0064762,0
te_0064763,0
te_0064764,0
te_0064765,0
te_0064766,0
te_0064767,0
te_0064768,0
te_0064769,0
te_0064770,0
te_0064771,0
te_0064772,0
te_0064773,0
te_0064774,0
te_0064775,0
te_0064776,0
te_0064777,0
te_0064778,0
te_0064779,0
te_0064780,0
te_0064781,0
te_0064782,0
te_0064783,0
te_0064784,0
te_0064785,0
te_0064786,0
te_0064787,0
te_0064788,0
te_0064789,0
te_0064790,0
te_0064791,0
te_0064792,0
te_0064793,0
te_0064794,0
te_0064795,0
te_0064796,0
te_0064797,0
te_0064798,0
te_0064799,0
te_0064800,0
te_0064801,0
te_0064802,0
te_0064803,0
te_0064804,0
te_0064805,0
te_0064806,0
te_0064807,0
te_0064808,0
te_0064809,0
te_0064810,0
te_0064811,0
te_0064812,0
te_0064813,0
te_0064814,0
te_0064815,0
te_0064816,0
te_0064817,0
te_0064818,0
te_0064819,0
te_0064820,0
te_0064821,0
te_0064822,0
te_0064823,0
te_0064824,0
te_0064825,0
te_0064826,0
te_0064827,0
te_0064828,0
te_0064829,0
te_0064830,0
te_0064831,0
te_0064832,0
te_0064833,0
te_0064834,0
te_0064835,0
te_0064836,0
te_0064837,0
te_0064838,0
te_0064839,0
te_0064840,0
te_0064841,0
te_0064842,0
te_0064843,0
te_0064844,0
te_0064845,0
te_0064846,0
te_0064847,0
te_0064848,0
te_0064849,0
te_0064850,0
te_0064851,0
te_0064852,0
te_0064853,0
te_0064854,0
te_0064855,0
te_0064856,0
te_0064857,0
te_0064858,0
te_0064859,0
te_0064860,0
te_0064861,0
te_0064862,0
te_0064863,0
te_0064864,0
te_0064865,0
te_0064866,0
te_0064867,0
te_0064868,0
te_0064869,0
te_0064870,0
te_0064871,0
te_0064872,0
te_0064873,0
te_0064874,0
te_0064875,0
te_0064876,0
te_0064877,0
te_0064878,0
te_0064879,0
te_0064880,0
te_0064881,0
te_0064882,0
te_0064883,0
te_0064884,0
te_0064885,0
te_0064886,0
te_0064887,0
te_0064888,0
te_0064889,0
te_0064890,0
te_0064891,0
te_0064892,0
te_0064893,0
te_0064894,0
te_0064895,0
te_0064896,0
te_0064897,0
te_0064898,0
te_0064899,0
te_0064900,0
te_0064901,0
te_0064902,0
te_0064903,0
te_0064904,0
te_0064905,0
te_0064906,0
te_0064907,0
te_0064908,0
te_0064909,0
te_0064910,0
te_0064911,0
te_0064912,0
te_0064913,0
te_0064914,0
te_0064915,0
te_0064916,0
te_0064917,0
te_0064918,0
te_0064919,0
te_0064920,0
te_0064921,0
te_0064922,0
te_0064923,0
te_0064924,0
te_0064925,0
te_0064926,0
te_0064927,0
te_0064928,0
te_0064929,0
te_0064930,0
te_0064931,0
te_0064932,0
te_0064933,0
te_0064934,0
te_0064935,0
te_0064936,0
te_0064937,0
te_0064938,0
te_0064939,0
te_0064940,0
te_0064941,0
te_0064942,0
te_0064943,0
te_0064944,0
te_0064945,0
te_0064946,0
te_0064947,0
te_0064948,0
te_0064949,0
te_0064950,0
te_0064951,0
te_0064952,0
te_0064953,0
te_0064954,0
te_0064955,0
te_0064956,0
te_0064957,0
te_0064958,0
te_0064959,0
te_0064960,0
te_0064961,0
te_0064962,0
te_0064963,0
te_0064964,0
te_0064965,0
te_0064966,0
te_0064967,0
te_0064968,0
te_0064969,0
te_0064970,0
te_0064971,0
te_0064972,0
te_0064973,0
te_0064974,0
te_0064975,0
te_0064976,0
te_0064977,0
te_0064978,0
te_0064979,0
te_0064980,0
te_0064981,0
te_0064982,0
te_0064983,0
te_0064984,0
te_0064985,0
te_0064986,0
te_0064987,0
te_0064988,0
te_0064989,0
te_0064990,0
te_0064991,0
te_0064992,0
te_0064993,0
te_0064994,0
te_0064995,0
te_0064996,0
te_0064997,0
te_0064998,0
te_0064999,0
te_0065000,0
te_0065001,0
te_0065002,0
te_0065003,0
te_0065004,0
te_0065005,0
te_0065006,0
te_0065007,0
te_0065008,0
te_0065009,0
te_0065010,0
te_0065011,0
te_0065012,0
te_0065013,0
te_0065014,0
te_0065015,0
te_0065016,0
te_0065017,0
te_0065018,0
te_0065019,0
te_0065020,0
te_0065021,0
te_0065022,0
te_0065023,0
te_0065024,0
te_0065025,0
te_0065026,0
te_0065027,0
te_0065028,0
te_0065029,0
te_0065030,0
te_0065031,0
te_0065032,0
te_0065033,0
te_0065034,0
te_0065035,0
te_0065036,0
te_0065037,0
te_0065038,0
te_0065039,0
te_0065040,0
te_0065041,0
te_0065042,0
te_0065043,0
te_0065044,0
te_0065045,0
te_0065046,0
te_0065047,0
te_0065048,0
te_0065049,0
te_0065050,0
te_0065051,0
te_0065052,0
te_0065053,0
te_0065054,0
te_0065055,0
te_0065056,0
te_0065057,0
te_0065058,0
te_0065059,0
te_0065060,0
te_0065061,0
te_0065062,0
te_0065063,0
te_0065064,0
te_0065065,0
te_0065066,0
te_0065067,0
te_0065068,0
te_0065069,0
te_0065070,0
te_0065071,0
te_0065072,0
te_0065073,0
te_0065074,0
te_0065075,0
te_0065076,0
te_0065077,0
te_0065078,0
te_0065079,0
te_0065080,0
te_0065081,0
te_0065082,0
te_0065083,0
te_0065084,0
te_0065085,0
te_0065086,0
te_0065087,0
te_0065088,0
te_0065089,0
te_0065090,0
te_0065091,0
te_0065092,0
te_0065093,0
te_0065094,0
te_0065095,0
te_0065096,0
te_0065097,0
te_0065098,0
te_0065099,0
te_0065100,0
te_0065101,0
te_0065102,0
te_0065103,0
te_0065104,0
te_0065105,0
te_0065106,0
te_0065107,0
te_0065108,0
te_0065109,0
te_0065110,0
te_0065111,0
te_0065112,0
te_0065113,0
te_0065114,0
te_0065115,0
te_0065116,0
te_0065117,0
te_0065118,0
te_0065119,0
te_0065120,0
te_0065121,0
te_0065122,0
te_0065123,0
te_0065124,0
te_0065125,0
te_0065126,0
te_0065127,0
te_0065128,0
te_0065129,0
te_0065130,0
te_0065131,0
te_0065132,0
te_0065133,0
te_0065134,0
te_0065135,0
te_0065136,0
te_0065137,0
te_0065138,0
te_0065139,0
te_0065140,0
te_0065141,0
te_0065142,0
te_0065143,0
te_0065144,0
te_0065145,0
te_0065146,0
te_0065147,0
te_0065148,0
te_0065149,0
te_0065150,0
te_0065151,0
te_0065152,0
te_0065153,0
te_0065154,0
te_0065155,0
te_0065156,0
te_0065157,0
te_0065158,0
te_0065159,0
te_0065160,0
te_0065161,0
te_0065162,0
te_0065163,0
te_0065164,0
te_0065165,0
te_0065166,0
te_0065167,0
te_0065168,0
te_0065169,0
te_0065170,0
te_0065171,0
te_0065172,0
te_0065173,0
te_0065174,0
te_0065175,0
te_0065176,0
te_0065177,0
te_0065178,0
te_0065179,0
te_0065180,0
te_0065181,0
te_0065182,0
te_0065183,0
te_0065184,0
te_0065185,0
te_0065186,0
te_0065187,0
te_0065188,0
te_0065189,0
te_0065190,0
te_0065191,0
te_0065192,0
te_0065193,0
te_0065194,0
te_0065195,0
te_0065196,0
te_0065197,0
te_0065198,0
te_0065199,0
te_0065200,0
te_0065201,0
te_0065202,0
te_0065203,0
te_0065204,0
te_0065205,0
te_0065206,0
te_0065207,0
te_0065208,0
te_0065209,0
te_0065210,0
te_0065211,0
te_0065212,0
te_0065213,0
te_0065214,0
te_0065215,0
te_0065216,0
te_0065217,0
te_0065218,0
te_0065219,0
te_0065220,0
te_0065221,0
te_0065222,0
te_0065223,0
te_0065224,0
te_0065225,0
te_0065226,0
te_0065227,0
te_0065228,0
te_0065229,0
te_0065230,0
te_0065231,0
te_0065232,0
te_0065233,0
te_0065234,0
te_0065235,0
te_0065236,0
te_0065237,0
te_0065238,0
te_0065239,0
te_0065240,0
te_0065241,0
te_0065242,0
te_0065243,0
te_0065244,0
te_0065245,0
te_0065246,0
te_0065247,0
te_0065248,0
te_0065249,0
te_0065250,0
te_0065251,0
te_0065252,0
te_0065253,0
te_0065254,0
te_0065255,0
te_0065256,0
te_0065257,0
te_0065258,0
te_0065259,0
te_0065260,0
te_0065261,0
te_0065262,0
te_0065263,0
te_0065264,0
te_0065265,0
te_0065266,0
te_0065267,0
te_0065268,0
te_0065269,0
te_0065270,0
te_0065271,0
te_0065272,0
te_0065273,0
te_0065274,0
te_0065275,0
te_0065276,0
te_0065277,0
te_0065278,0
te_0065279,0
te_0065280,0
te_0065281,0
te_0065282,0
te_0065283,0
te_0065284,0
te_0065285,0
te_0065286,0
te_0065287,0
te_0065288,0
te_0065289,0
te_0065290,0
te_0065291,0
te_0065292,0
te_0065293,0
te_0065294,0
te_0065295,0
te_0065296,0
te_0065297,0
te_0065298,0
te_0065299,0
te_0065300,0
te_0065301,0
te_0065302,0
te_0065303,0
te_0065304,0
te_0065305,0
te_0065306,0
te_0065307,0
te_0065308,0
te_0065309,0
te_0065310,0
te_0065311,0
te_0065312,0
te_0065313,0
te_0065314,0
te_0065315,0
te_0065316,0
te_0065317,0
te_0065318,0
te_0065319,0
te_0065320,0
te_0065321,0
te_0065322,0
te_0065323,0
te_0065324,0
te_0065325,0
te_0065326,0
te_0065327,0
te_0065328,0
te_0065329,0
te_0065330,0
te_0065331,0
te_0065332,0
te_0065333,0
te_0065334,0
te_0065335,0
te_0065336,0
te_0065337,0
te_0065338,0
te_0065339,0
te_0065340,0
te_0065341,0
te_0065342,0
te_0065343,0
te_0065344,0
te_0065345,0
te_0065346,0
te_0065347,0
te_0065348,0
te_0065349,0
te_0065350,0
te_0065351,0
te_0065352,0
te_0065353,0
te_0065354,0
te_0065355,0
te_0065356,0
te_0065357,0
te_0065358,0
te_0065359,0
te_0065360,0
te_0065361,0
te_0065362,0
te_0065363,0
te_0065364,0
te_0065365,0
te_0065366,0
te_0065367,0
te_0065368,0
te_0065369,0
te_0065370,0
te_0065371,0
te_0065372,0
te_0065373,0
te_0065374,0
te_0065375,0
te_0065376,0
te_0065377,0
te_0065378,0
te_0065379,0
te_0065380,0
te_0065381,0
te_0065382,0
te_0065383,0
te_0065384,0
te_0065385,0
te_0065386,0
te_0065387,0
te_0065388,0
te_0065389,0
te_0065390,0
te_0065391,0
te_0065392,0
te_0065393,0
te_0065394,0
te_0065395,0
te_0065396,0
te_0065397,0
te_0065398,0
te_0065399,0
te_0065400,0
te_0065401,0
te_0065402,0
te_0065403,0
te_0065404,0
te_0065405,0
te_0065406,0
te_0065407,0
te_0065408,0
te_0065409,0
te_0065410,0
te_0065411,0
te_0065412,0
te_0065413,0
te_0065414,0
te_0065415,0
te_0065416,0
te_0065417,0
te_0065418,0
te_0065419,0
te_0065420,0
te_0065421,0
te_0065422,0
te_0065423,0
te_0065424,0
te_0065425,0
te_0065426,0
te_0065427,0
te_0065428,0
te_0065429,0
te_0065430,0
te_0065431,0
te_0065432,0
te_0065433,0
te_0065434,0
te_0065435,0
te_0065436,0
te_0065437,0
te_0065438,0
te_0065439,0
te_0065440,0
te_0065441,0
te_0065442,0
te_0065443,0
te_0065444,0
te_0065445,0
te_0065446,0
te_0065447,0
te_0065448,0
te_0065449,0
te_0065450,0
te_0065451,0
te_0065452,0
te_0065453,0
te_0065454,0
te_0065455,0
te_0065456,0
te_0065457,0
te_0065458,0
te_0065459,0
te_0065460,0
te_0065461,0
te_0065462,0
te_0065463,0
te_0065464,0
te_0065465,0
te_0065466,0
te_0065467,0
te_0065468,0
te_0065469,0
te_0065470,0
te_0065471,0
te_0065472,0
te_0065473,0
te_0065474,0
te_0065475,0
te_0065476,0
te_0065477,0
te_0065478,0
te_0065479,0
te_0065480,0
te_0065481,0
te_0065482,0
te_0065483,0
te_0065484,0
te_0065485,0
te_0065486,0
te_0065487,0
te_0065488,0
te_0065489,0
te_0065490,0
te_0065491,0
te_0065492,0
te_0065493,0
te_0065494,0
te_0065495,0
te_0065496,0
te_0065497,0
te_0065498,0
te_0065499,0
te_0065500,0
te_0065501,0
te_0065502,0
te_0065503,0
te_0065504,0
te_0065505,0
te_0065506,0
te_0065507,0
te_0065508,0
te_0065509,0
te_0065510,0
te_0065511,0
te_0065512,0
te_0065513,0
te_0065514,0
te_0065515,0
te_0065516,0
te_0065517,0
te_0065518,0
te_0065519,0
te_0065520,0
te_0065521,0
te_0065522,0
te_0065523,0
te_0065524,0
te_0065525,0
te_0065526,0
te_0065527,0
te_0065528,0
te_0065529,0
te_0065530,0
te_0065531,0
te_0065532,0
te_0065533,0
te_0065534,0
te_0065535,0
te_0065536,0
te_0065537,0
te_0065538,0
te_0065539,0
te_0065540,0
te_0065541,0
te_0065542,0
te_0065543,0
te_0065544,0
te_0065545,0
te_0065546,0
te_0065547,0
te_0065548,0
te_0065549,0
te_0065550,0
te_0065551,0
te_0065552,0
te_0065553,0
te_0065554,0
te_0065555,0
te_0065556,0
te_0065557,0
te_0065558,0
te_0065559,0
te_0065560,0
te_0065561,0
te_0065562,0
te_0065563,0
te_0065564,0
te_0065565,0
te_0065566,0
te_0065567,0
te_0065568,0
te_0065569,0
te_0065570,0
te_0065571,0
te_0065572,0
te_0065573,0
te_0065574,0
te_0065575,0
te_0065576,0
te_0065577,0
te_0065578,0
te_0065579,0
te_0065580,0
te_0065581,0
te_0065582,0
te_0065583,0
te_0065584,0
te_0065585,0
te_0065586,0
te_0065587,0
te_0065588,0
te_0065589,0
te_0065590,0
te_0065591,0
te_0065592,0
te_0065593,0
te_0065594,0
te_0065595,0
te_0065596,0
te_0065597,0
te_0065598,0
te_0065599,0
te_0065600,0
te_0065601,0
te_0065602,0
te_0065603,0
te_0065604,0
te_0065605,0
te_0065606,0
te_0065607,0
te_0065608,0
te_0065609,0
te_0065610,0
te_0065611,0
te_0065612,0
te_0065613,0
te_0065614,0
te_0065615,0
te_0065616,0
te_0065617,0
te_0065618,0
te_0065619,0
te_0065620,0
te_0065621,0
te_0065622,0
te_0065623,0
te_0065624,0
te_0065625,0
te_0065626,0
te_0065627,0
te_0065628,0
te_0065629,0
te_0065630,0
te_0065631,0
te_0065632,0
te_0065633,0
te_0065634,0
te_0065635,0
te_0065636,0
te_0065637,0
te_0065638,0
te_0065639,0
te_0065640,0
te_0065641,0
te_0065642,0
te_0065643,0
te_0065644,0
te_0065645,0
te_0065646,0
te_0065647,0
te_0065648,0
te_0065649,0
te_0065650,0
te_0065651,0
te_0065652,0
te_0065653,0
te_0065654,0
te_0065655,0
te_0065656,0
te_0065657,0
te_0065658,0
te_0065659,0
te_0065660,0
te_0065661,0
te_0065662,0
te_0065663,0
te_0065664,0
te_0065665,0
te_0065666,0
te_0065667,0
te_0065668,0
te_0065669,0
te_0065670,0
te_0065671,0
te_0065672,0
te_0065673,0
te_0065674,0
te_0065675,0
te_0065676,0
te_0065677,0
te_0065678,0
te_0065679,0
te_0065680,0
te_0065681,0
te_0065682,0
te_0065683,0
te_0065684,0
te_0065685,0
te_0065686,0
te_0065687,0
te_0065688,0
te_0065689,0
te_0065690,0
te_0065691,0
te_0065692,0
te_0065693,0
te_0065694,0
te_0065695,0
te_0065696,0
te_0065697,0
te_0065698,0
te_0065699,0
te_0065700,0
te_0065701,0
te_0065702,0
te_0065703,0
te_0065704,0
te_0065705,0
te_0065706,0
te_0065707,0
te_0065708,0
te_0065709,0
te_0065710,0
te_0065711,0
te_0065712,0
te_0065713,0
te_0065714,0
te_0065715,0
te_0065716,0
te_0065717,0
te_0065718,0
te_0065719,0
te_0065720,0
te_0065721,0
te_0065722,0
te_0065723,0
te_0065724,0
te_0065725,0
te_0065726,0
te_0065727,0
te_0065728,0
te_0065729,0
te_0065730,0
te_0065731,0
te_0065732,0
te_0065733,0
te_0065734,0
te_0065735,0
te_0065736,0
te_0065737,0
te_0065738,0
te_0065739,0
te_0065740,0
te_0065741,0
te_0065742,0
te_0065743,0
te_0065744,0
te_0065745,0
te_0065746,0
te_0065747,0
te_0065748,0
te_0065749,0
te_0065750,0
te_0065751,0
te_0065752,0
te_0065753,0
te_0065754,0
te_0065755,0
te_0065756,0
te_0065757,0
te_0065758,0
te_0065759,0
te_0065760,0
te_0065761,0
te_0065762,0
te_0065763,0
te_0065764,0
te_0065765,0
te_0065766,0
te_0065767,0
te_0065768,0
te_0065769,0
te_0065770,0
te_0065771,0
te_0065772,0
te_0065773,0
te_0065774,0
te_0065775,0
te_0065776,0
te_0065777,0
te_0065778,0
te_0065779,0
te_0065780,0
te_0065781,0
te_0065782,0
te_0065783,0
te_0065784,0
te_0065785,0
te_0065786,0
te_0065787,0
te_0065788,0
te_0065789,0
te_0065790,0
te_0065791,0
te_0065792,0
te_0065793,0
te_0065794,0
te_0065795,0
te_0065796,0
te_0065797,0
te_0065798,0
te_0065799,0
te_0065800,0
te_0065801,0
te_0065802,0
te_0065803,0
te_0065804,0
te_0065805,0
te_0065806,0
te_0065807,0
te_0065808,0
te_0065809,0
te_0065810,0
te_0065811,0
te_0065812,0
te_0065813,0
te_0065814,0
te_0065815,0
te_0065816,0
te_0065817,0
te_0065818,0
te_0065819,0
te_0065820,0
te_0065821,0
te_0065822,0
te_0065823,0
te_0065824,0
te_0065825,0
te_0065826,0
te_0065827,0
te_0065828,0
te_0065829,0
te_0065830,0
te_0065831,0
te_0065832,0
te_0065833,0
te_0065834,0
te_0065835,0
te_0065836,0
te_0065837,0
te_0065838,0
te_0065839,0
te_0065840,0
te_0065841,0
te_0065842,0
te_0065843,0
te_0065844,0
te_0065845,0
te_0065846,0
te_0065847,0
te_0065848,0
te_0065849,0
te_0065850,0
te_0065851,0
te_0065852,0
te_0065853,0
te_0065854,0
te_0065855,0
te_0065856,0
te_0065857,0
te_0065858,0
te_0065859,0
te_0065860,0
te_0065861,0
te_0065862,0
te_0065863,0
te_0065864,0
te_0065865,0
te_0065866,0
te_0065867,0
te_0065868,0
te_0065869,0
te_0065870,0
te_0065871,0
te_0065872,0
te_0065873,0
te_0065874,0
te_0065875,0
te_0065876,0
te_0065877,0
te_0065878,0
te_0065879,0
te_0065880,0
te_0065881,0
te_0065882,0
te_0065883,0
te_0065884,0
te_0065885,0
te_0065886,0
te_0065887,0
te_0065888,0
te_0065889,0
te_0065890,0
te_0065891,0
te_0065892,0
te_0065893,0
te_0065894,0
te_0065895,0
te_0065896,0
te_0065897,0
te_0065898,0
te_0065899,0
te_0065900,0
te_0065901,0
te_0065902,0
te_0065903,0
te_0065904,0
te_0065905,0
te_0065906,0
te_0065907,0
te_0065908,0
te_0065909,0
te_0065910,0
te_0065911,0
te_0065912,0
te_0065913,0
te_0065914,0
te_0065915,0
te_0065916,0
te_0065917,0
te_0065918,0
te_0065919,0
te_0065920,0
te_0065921,0
te_0065922,0
te_0065923,0
te_0065924,0
te_0065925,0
te_0065926,0
te_0065927,0
te_0065928,0
te_0065929,0
te_0065930,0
te_0065931,0
te_0065932,0
te_0065933,0
te_0065934,0
te_0065935,0
te_0065936,0
te_0065937,0
te_0065938,0
te_0065939,0
te_0065940,0
te_0065941,0
te_0065942,0
te_0065943,0
te_0065944,0
te_0065945,0
te_0065946,0
te_0065947,0
te_0065948,0
te_0065949,0
te_0065950,0
te_0065951,0
te_0065952,0
te_0065953,0
te_0065954,0
te_0065955,0
te_0065956,0
te_0065957,0
te_0065958,0
te_0065959,0
te_0065960,0
te_0065961,0
te_0065962,0
te_0065963,0
te_0065964,0
te_0065965,0
te_0065966,0
te_0065967,0
te_0065968,0
te_0065969,0
te_0065970,0
te_0065971,0
te_0065972,0
te_0065973,0
te_0065974,0
te_0065975,0
te_0065976,0
te_0065977,0
te_0065978,0
te_0065979,0
te_0065980,0
te_0065981,0
te_0065982,0
te_0065983,0
te_0065984,0
te_0065985,0
te_0065986,0
te_0065987,0
te_0065988,0
te_0065989,0
te_0065990,0
te_0065991,0
te_0065992,0
te_0065993,0
te_0065994,0
te_0065995,0
te_0065996,0
te_0065997,0
te_0065998,0
te_0065999,0
te_0066000,0
te_0066001,0
te_0066002,0
te_0066003,0
te_0066004,0
te_0066005,0
te_0066006,0
te_0066007,0
te_0066008,0
te_0066009,0
te_0066010,0
te_0066011,0
te_0066012,0
te_0066013,0
te_0066014,0
te_0066015,0
te_0066016,0
te_0066017,0
te_0066018,0
te_0066019,0
te_0066020,0
te_0066021,0
te_0066022,0
te_0066023,0
te_0066024,0
te_0066025,0
te_0066026,0
te_0066027,0
te_0066028,0
te_0066029,0
te_0066030,0
te_0066031,0
te_0066032,0
te_0066033,0
te_0066034,0
te_0066035,0
te_0066036,0
te_0066037,0
te_0066038,0
te_0066039,0
te_0066040,0
te_0066041,0
te_0066042,0
te_0066043,0
te_0066044,0
te_0066045,0
te_0066046,0
te_0066047,0
te_0066048,0
te_0066049,0
te_0066050,0
te_0066051,0
te_0066052,0
te_0066053,0
te_0066054,0
te_0066055,0
te_0066056,0
te_0066057,0
te_0066058,0
te_0066059,0
te_0066060,0
te_0066061,0
te_0066062,0
te_0066063,0
te_0066064,0
te_0066065,0
te_0066066,0
te_0066067,0
te_0066068,0
te_0066069,0
te_0066070,0
te_0066071,0
te_0066072,0
te_0066073,0
te_0066074,0
te_0066075,0
te_0066076,0
te_0066077,0
te_0066078,0
te_0066079,0
te_0066080,0
te_0066081,0
te_0066082,0
te_0066083,0
te_0066084,0
te_0066085,0
te_0066086,0
te_0066087,0
te_0066088,0
te_0066089,0
te_0066090,0
te_0066091,0
te_0066092,0
te_0066093,0
te_0066094,0
te_0066095,0
te_0066096,0
te_0066097,0
te_0066098,0
te_0066099,0
te_0066100,0
te_0066101,0
te_0066102,0
te_0066103,0
te_0066104,0
te_0066105,0
te_0066106,0
te_0066107,0
te_0066108,0
te_0066109,0
te_0066110,0
te_0066111,0
te_0066112,0
te_0066113,0
te_0066114,0
te_0066115,0
te_0066116,0
te_0066117,0
te_0066118,0
te_0066119,0
te_0066120,0
te_0066121,0
te_0066122,0
te_0066123,0
te_0066124,0
te_0066125,0
te_0066126,0
te_0066127,0
te_0066128,0
te_0066129,0
te_0066130,0
te_0066131,0
te_0066132,0
te_0066133,0
te_0066134,0
te_0066135,0
te_0066136,0
te_0066137,0
te_0066138,0
te_0066139,0
te_0066140,0
te_0066141,0
te_0066142,0
te_0066143,0
te_0066144,0
te_0066145,0
te_0066146,0
te_0066147,0
te_0066148,0
te_0066149,0
te_0066150,0
te_0066151,0
te_0066152,0
te_0066153,0
te_0066154,0
te_0066155,0
te_0066156,0
te_0066157,0
te_0066158,0
te_0066159,0
te_0066160,0
te_0066161,0
te_0066162,0
te_0066163,0
te_0066164,0
te_0066165,0
te_0066166,0
te_0066167,0
te_0066168,0
te_0066169,0
te_0066170,0
te_0066171,0
te_0066172,0
te_0066173,0
te_0066174,0
te_0066175,0
te_0066176,0
te_0066177,0
te_0066178,0
te_0066179,0
te_0066180,0
te_0066181,0
te_0066182,0
te_0066183,0
te_0066184,0
te_0066185,0
te_0066186,0
te_0066187,0
te_0066188,0
te_0066189,0
te_0066190,0
te_0066191,0
te_0066192,0
te_0066193,0
te_0066194,0
te_0066195,0
te_0066196,0
te_0066197,0
te_0066198,0
te_0066199,0
te_0066200,0
te_0066201,0
te_0066202,0
te_0066203,0
te_0066204,0
te_0066205,0
te_0066206,0
te_0066207,0
te_0066208,0
te_0066209,0
te_0066210,0
te_0066211,0
te_0066212,0
te_0066213,0
te_0066214,0
te_0066215,0
te_0066216,0
te_0066217,0
te_0066218,0
te_0066219,0
te_0066220,0
te_0066221,0
te_0066222,0
te_0066223,0
te_0066224,0
te_0066225,0
te_0066226,0
te_0066227,0
te_0066228,0
te_0066229,0
te_0066230,0
te_0066231,0
te_0066232,0
te_0066233,0
te_0066234,0
te_0066235,0
te_0066236,0
te_0066237,0
te_0066238,0
te_0066239,0
te_0066240,0
te_0066241,0
te_0066242,0
te_0066243,0
te_0066244,0
te_0066245,0
te_0066246,0
te_0066247,0
te_0066248,0
te_0066249,0
te_0066250,0
te_0066251,0
te_0066252,0
te_0066253,0
te_0066254,0
te_0066255,0
te_0066256,0
te_0066257,0
te_0066258,0
te_0066259,0
te_0066260,0
te_0066261,0
te_0066262,0
te_0066263,0
te_0066264,0
te_0066265,0
te_0066266,0
te_0066267,0
te_0066268,0
te_0066269,0
te_0066270,0
te_0066271,0
te_0066272,0
te_0066273,0
te_0066274,0
te_0066275,0
te_0066276,0
te_0066277,0
te_0066278,0
te_0066279,0
te_0066280,0
te_0066281,0
te_0066282,0
te_0066283,0
te_0066284,0
te_0066285,0
te_0066286,0
te_0066287,0
te_0066288,0
te_0066289,0
te_0066290,0
te_0066291,0
te_0066292,0
te_0066293,0
te_0066294,0
te_0066295,0
te_0066296,0
te_0066297,0
te_0066298,0
te_0066299,0
te_0066300,0
te_0066301,0
te_0066302,0
te_0066303,0
te_0066304,0
te_0066305,0
te_0066306,0
te_0066307,0
te_0066308,0
te_0066309,0
te_0066310,0
te_0066311,0
te_0066312,0
te_0066313,0
te_0066314,0
te_0066315,0
te_0066316,0
te_0066317,0
te_0066318,0
te_0066319,0
te_0066320,0
te_0066321,0
te_0066322,0
te_0066323,0
te_0066324,0
te_0066325,0
te_0066326,0
te_0066327,0
te_0066328,0
te_0066329,0
te_0066330,0
te_0066331,0
te_0066332,0
te_0066333,0
te_0066334,0
te_0066335,0
te_0066336,0
te_0066337,0
te_0066338,0
te_0066339,0
te_0066340,0
te_0066341,0
te_0066342,0
te_0066343,0
te_0066344,0
te_0066345,0
te_0066346,0
te_0066347,0
te_0066348,0
te_0066349,0
te_0066350,0
te_0066351,0
te_0066352,0
te_0066353,0
te_0066354,0
te_0066355,0
te_0066356,0
te_0066357,0
te_0066358,0
te_0066359,0
te_0066360,0
te_0066361,0
te_0066362,0
te_0066363,0
te_0066364,0
te_0066365,0
te_0066366,0
te_0066367,0
te_0066368,0
te_0066369,0
te_0066370,0
te_0066371,0
te_0066372,0
te_0066373,0
te_0066374,0
te_0066375,0
te_0066376,0
te_0066377,0
te_0066378,0
te_0066379,0
te_0066380,0
te_0066381,0
te_0066382,0
te_0066383,0
te_0066384,0
te_0066385,0
te_0066386,0
te_0066387,0
te_0066388,0
te_0066389,0
te_0066390,0
te_0066391,0
te_0066392,0
te_0066393,0
te_0066394,0
te_0066395,0
te_0066396,0
te_0066397,0
te_0066398,0
te_0066399,0
te_0066400,0
te_0066401,0
te_0066402,0
te_0066403,0
te_0066404,0
te_0066405,0
te_0066406,0
te_0066407,0
te_0066408,0
te_0066409,0
te_0066410,0
te_0066411,0
te_0066412,0
te_0066413,0
te_0066414,0
te_0066415,0
te_0066416,0
te_0066417,0
te_0066418,0
te_0066419,0
te_0066420,0
te_0066421,0
te_0066422,0
te_0066423,0
te_0066424,0
te_0066425,0
te_0066426,0
te_0066427,0
te_0066428,0
te_0066429,0
te_0066430,0
te_0066431,0
te_0066432,0
te_0066433,0
te_0066434,0
te_0066435,0
te_0066436,0
te_0066437,0
te_0066438,0
te_0066439,0
te_0066440,0
te_0066441,0
te_0066442,0
te_0066443,0
te_0066444,0
te_0066445,0
te_0066446,0
te_0066447,0
te_0066448,0
te_0066449,0
te_0066450,0
te_0066451,0
te_0066452,0
te_0066453,0
te_0066454,0
te_0066455,0
te_0066456,0
te_0066457,0
te_0066458,0
te_0066459,0
te_0066460,0
te_0066461,0
te_0066462,0
te_0066463,0
te_0066464,0
te_0066465,0
te_0066466,0
te_0066467,0
te_0066468,0
te_0066469,0
te_0066470,0
te_0066471,0
te_0066472,0
te_0066473,0
te_0066474,0
te_0066475,0
te_0066476,0
te_0066477,0
te_0066478,0
te_0066479,0
te_0066480,0
te_0066481,0
te_0066482,0
te_0066483,0
te_0066484,0
te_0066485,0
te_0066486,0
te_0066487,0
te_0066488,0
te_0066489,0
te_0066490,0
te_0066491,0
te_0066492,0
te_0066493,0
te_0066494,0
te_0066495,0
te_0066496,0
te_0066497,0
te_0066498,0
te_0066499,0
te_0066500,0
te_0066501,0
te_0066502,0
te_0066503,0
te_0066504,0
te_0066505,0
te_0066506,0
te_0066507,0
te_0066508,0
te_0066509,0
te_0066510,0
te_0066511,0
te_0066512,0
te_0066513,0
te_0066514,0
te_0066515,0
te_0066516,0
te_0066517,0
te_0066518,0
te_0066519,0
te_0066520,0
te_0066521,0
te_0066522,0
te_0066523,0
te_0066524,0
te_0066525,0
te_0066526,0
te_0066527,0
te_0066528,0
te_0066529,0
te_0066530,0
te_0066531,0
te_0066532,0
te_0066533,0
te_0066534,0
te_0066535,0
te_0066536,0
te_0066537,0
te_0066538,0
te_0066539,0
te_0066540,0
te_0066541,0
te_0066542,0
te_0066543,0
te_0066544,0
te_0066545,0
te_0066546,0
te_0066547,0
te_0066548,0
te_0066549,0
te_0066550,0
te_0066551,0
te_0066552,0
te_0066553,0
te_0066554,0
te_0066555,0
te_0066556,0
te_0066557,0
te_0066558,0
te_0066559,0
te_0066560,0
te_0066561,0
te_0066562,0
te_0066563,0
te_0066564,0
te_0066565,0
te_0066566,0
te_0066567,0
te_0066568,0
te_0066569,0
te_0066570,0
te_0066571,0
te_0066572,0
te_0066573,0
te_0066574,0
te_0066575,0
te_0066576,0
te_0066577,0
te_0066578,0
te_0066579,0
te_0066580,0
te_0066581,0
te_0066582,0
te_0066583,0
te_0066584,0
te_0066585,0
te_0066586,0
te_0066587,0
te_0066588,0
te_0066589,0
te_0066590,0
te_0066591,0
te_0066592,0
te_0066593,0
te_0066594,0
te_0066595,0
te_0066596,0
te_0066597,0
te_0066598,0
te_0066599,0
te_0066600,0
te_0066601,0
te_0066602,0
te_0066603,0
te_0066604,0
te_0066605,0
te_0066606,0
te_0066607,0
te_0066608,0
te_0066609,0
te_0066610,0
te_0066611,0
te_0066612,0
te_0066613,0
te_0066614,0
te_0066615,0
te_0066616,0
te_0066617,0
te_0066618,0
te_0066619,0
te_0066620,0
te_0066621,0
te_0066622,0
te_0066623,0
te_0066624,0
te_0066625,0
te_0066626,0
te_0066627,0
te_0066628,0
te_0066629,0
te_0066630,0
te_0066631,0
te_0066632,0
te_0066633,0
te_0066634,0
te_0066635,0
te_0066636,0
te_0066637,0
te_0066638,0
te_0066639,0
te_0066640,0
te_0066641,0
te_0066642,0
te_0066643,0
te_0066644,0
te_0066645,0
te_0066646,0
te_0066647,0
te_0066648,0
te_0066649,0
te_0066650,0
te_0066651,0
te_0066652,0
te_0066653,0
te_0066654,0
te_0066655,0
te_0066656,0
te_0066657,0
te_0066658,0
te_0066659,0
te_0066660,0
te_0066661,0
te_0066662,0
te_0066663,0
te_0066664,0
te_0066665,0
te_0066666,0
te_0066667,0
te_0066668,0
te_0066669,0
te_0066670,0
te_0066671,0
te_0066672,0
te_0066673,0
te_0066674,0
te_0066675,0
te_0066676,0
te_0066677,0
te_0066678,0
te_0066679,0
te_0066680,0
te_0066681,0
te_0066682,0
te_0066683,0
te_0066684,0
te_0066685,0
te_0066686,0
te_0066687,0
te_0066688,0
te_0066689,0
te_0066690,0
te_0066691,0
te_0066692,0
te_0066693,0
te_0066694,0
te_0066695,0
te_0066696,0
te_0066697,0
te_0066698,0
te_0066699,0
te_0066700,0
te_0066701,0
te_0066702,0
te_0066703,0
te_0066704,0
te_0066705,0
te_0066706,0
te_0066707,0
te_0066708,0
te_0066709,0
te_0066710,0
te_0066711,0
te_0066712,0
te_0066713,0
te_0066714,0
te_0066715,0
te_0066716,0
te_0066717,0
te_0066718,0
te_0066719,0
te_0066720,0
te_0066721,0
te_0066722,0
te_0066723,0
te_0066724,0
te_0066725,0
te_0066726,0
te_0066727,0
te_0066728,0
te_0066729,0
te_0066730,0
te_0066731,0
te_0066732,0
te_0066733,0
te_0066734,0
te_0066735,0
te_0066736,0
te_0066737,0
te_0066738,0
te_0066739,0
te_0066740,0
te_0066741,0
te_0066742,0
te_0066743,0
te_0066744,0
te_0066745,0
te_0066746,0
te_0066747,0
te_0066748,0
te_0066749,0
te_0066750,0
te_0066751,0
te_0066752,0
te_0066753,0
te_0066754,0
te_0066755,0
te_0066756,0
te_0066757,0
te_0066758,0
te_0066759,0
te_0066760,0
te_0066761,0
te_0066762,0
te_0066763,0
te_0066764,0
te_0066765,0
te_0066766,0
te_0066767,0
te_0066768,0
te_0066769,0
te_0066770,0
te_0066771,0
te_0066772,0
te_0066773,0
te_0066774,0
te_0066775,0
te_0066776,0
te_0066777,0
te_0066778,0
te_0066779,0
te_0066780,0
te_0066781,0
te_0066782,0
te_0066783,0
te_0066784,0
te_0066785,0
te_0066786,0
te_0066787,0
te_0066788,0
te_0066789,0
te_0066790,0
te_0066791,0
te_0066792,0
te_0066793,0
te_0066794,0
te_0066795,0
te_0066796,0
te_0066797,0
te_0066798,0
te_0066799,0
te_0066800,0
te_0066801,0
te_0066802,0
te_0066803,0
te_0066804,0
te_0066805,0
te_0066806,0
te_0066807,0
te_0066808,0
te_0066809,0
te_0066810,0
te_0066811,0
te_0066812,0
te_0066813,0
te_0066814,0
te_0066815,0
te_0066816,0
te_0066817,0
te_0066818,0
te_0066819,0
te_0066820,0
te_0066821,0
te_0066822,0
te_0066823,0
te_0066824,0
te_0066825,0
te_0066826,0
te_0066827,0
te_0066828,0
te_0066829,0
te_0066830,0
te_0066831,0
te_0066832,0
te_0066833,0
te_0066834,0
te_0066835,0
te_0066836,0
te_0066837,0
te_0066838,0
te_0066839,0
te_0066840,0
te_0066841,0
te_0066842,0
te_0066843,0
te_0066844,0
te_0066845,0
te_0066846,0
te_0066847,0
te_0066848,0
te_0066849,0
te_0066850,0
te_0066851,0
te_0066852,0
te_0066853,0
te_0066854,0
te_0066855,0
te_0066856,0
te_0066857,0
te_0066858,0
te_0066859,0
te_0066860,0
te_0066861,0
te_0066862,0
te_0066863,0
te_0066864,0
te_0066865,0
te_0066866,0
te_0066867,0
te_0066868,0
te_0066869,0
te_0066870,0
te_0066871,0
te_0066872,0
te_0066873,0
te_0066874,0
te_0066875,0
te_0066876,0
te_0066877,0
te_0066878,0
te_0066879,0
te_0066880,0
te_0066881,0
te_0066882,0
te_0066883,0
te_0066884,0
te_0066885,0
te_0066886,0
te_0066887,0
te_0066888,0
te_0066889,0
te_0066890,0
te_0066891,0
te_0066892,0
te_0066893,0
te_0066894,0
te_0066895,0
te_0066896,0
te_0066897,0
te_0066898,0
te_0066899,0
te_0066900,0
te_0066901,0
te_0066902,0
te_0066903,0
te_0066904,0
te_0066905,0
te_0066906,0
te_0066907,0
te_0066908,0
te_0066909,0
te_0066910,0
te_0066911,0
te_0066912,0
te_0066913,0
te_0066914,0
te_0066915,0
te_0066916,0
te_0066917,0
te_0066918,0
te_0066919,0
te_0066920,0
te_0066921,0
te_0066922,0
te_0066923,0
te_0066924,0
te_0066925,0
te_0066926,0
te_0066927,0
te_0066928,0
te_0066929,0
te_0066930,0
te_0066931,0
te_0066932,0
te_0066933,0
te_0066934,0
te_0066935,0
te_0066936,0
te_0066937,0
te_0066938,0
te_0066939,0
te_0066940,0
te_0066941,0
te_0066942,0
te_0066943,0
te_0066944,0
te_0066945,0
te_0066946,0
te_0066947,0
te_0066948,0
te_0066949,0
te_0066950,0
te_0066951,0
te_0066952,0
te_0066953,0
te_0066954,0
te_0066955,0
te_0066956,0
te_0066957,0
te_0066958,0
te_0066959,0
te_0066960,0
te_0066961,0
te_0066962,0
te_0066963,0
te_0066964,0
te_0066965,0
te_0066966,0
te_0066967,0
te_0066968,0
te_0066969,0
te_0066970,0
te_0066971,0
te_0066972,0
te_0066973,0
te_0066974,0
te_0066975,0
te_0066976,0
te_0066977,0
te_0066978,0
te_0066979,0
te_0066980,0
te_0066981,0
te_0066982,0
te_0066983,0
te_0066984,0
te_0066985,0
te_0066986,0
te_0066987,0
te_0066988,0
te_0066989,0
te_0066990,0
te_0066991,0
te_0066992,0
te_0066993,0
te_0066994,0
te_0066995,0
te_0066996,0
te_0066997,0
te_0066998,0
te_0066999,0
te_0067000,0
te_0067001,0
te_0067002,0
te_0067003,0
te_0067004,0
te_0067005,0
te_0067006,0
te_0067007,0
te_0067008,0
te_0067009,0
te_0067010,0
te_0067011,0
te_0067012,0
te_0067013,0
te_0067014,0
te_0067015,0
te_0067016,0
te_0067017,0
te_0067018,0
te_0067019,0
te_0067020,0
te_0067021,0
te_0067022,0
te_0067023,0
te_0067024,0
te_0067025,0
te_0067026,0
te_0067027,0
te_0067028,0
te_0067029,0
te_0067030,0
te_0067031,0
te_0067032,0
te_0067033,0
te_0067034,0
te_0067035,0
te_0067036,0
te_0067037,0
te_0067038,0
te_0067039,0
te_0067040,0
te_0067041,0
te_0067042,0
te_0067043,0
te_0067044,0
te_0067045,0
te_0067046,0
te_0067047,0
te_0067048,0
te_0067049,0
te_0067050,0
te_0067051,0
te_0067052,0
te_0067053,0
te_0067054,0
te_0067055,0
te_0067056,0
te_0067057,0
te_0067058,0
te_0067059,0
te_0067060,0
te_0067061,0
te_0067062,0
te_0067063,0
te_0067064,0
te_0067065,0
te_0067066,0
te_0067067,0
te_0067068,0
te_0067069,0
te_0067070,0
te_0067071,0
te_0067072,0
te_0067073,0
te_0067074,0
te_0067075,0
te_0067076,0
te_0067077,0
te_0067078,0
te_0067079,0
te_0067080,0
te_0067081,0
te_0067082,0
te_0067083,0
te_0067084,0
te_0067085,0
te_0067086,0
te_0067087,0
te_0067088,0
te_0067089,0
te_0067090,0
te_0067091,0
te_0067092,0
te_0067093,0
te_0067094,0
te_0067095,0
te_0067096,0
te_0067097,0
te_0067098,0
te_0067099,0
te_0067100,0
te_0067101,0
te_0067102,0
te_0067103,0
te_0067104,0
te_0067105,0
te_0067106,0
te_0067107,0
te_0067108,0
te_0067109,0
te_0067110,0
te_0067111,0
te_0067112,0
te_0067113,0
te_0067114,0
te_0067115,0
te_0067116,0
te_0067117,0
te_0067118,0
te_0067119,0
te_0067120,0
te_0067121,0
te_0067122,0
te_0067123,0
te_0067124,0
te_0067125,0
te_0067126,0
te_0067127,0
te_0067128,0
te_0067129,0
te_0067130,0
te_0067131,0
te_0067132,0
te_0067133,0
te_0067134,0
te_0067135,0
te_0067136,0
te_0067137,0
te_0067138,0
te_0067139,0
te_0067140,0
te_0067141,0
te_0067142,0
te_0067143,0
te_0067144,0
te_0067145,0
te_0067146,0
te_0067147,0
te_0067148,0
te_0067149,0
te_0067150,0
te_0067151,0
te_0067152,0
te_0067153,0
te_0067154,0
te_0067155,0
te_0067156,0
te_0067157,0
te_0067158,0
te_0067159,0
te_0067160,0
te_0067161,0
te_0067162,0
te_0067163,0
te_0067164,0
te_0067165,0
te_0067166,0
te_0067167,0
te_0067168,0
te_0067169,0
te_0067170,0
te_0067171,0
te_0067172,0
te_0067173,0
te_0067174,0
te_0067175,0
te_0067176,0
te_0067177,0
te_0067178,0
te_0067179,0
te_0067180,0
te_0067181,0
te_0067182,0
te_0067183,0
te_0067184,0
te_0067185,0
te_0067186,0
te_0067187,0
te_0067188,0
te_0067189,0
te_0067190,0
te_0067191,0
te_0067192,0
te_0067193,0
te_0067194,0
te_0067195,0
te_0067196,0
te_0067197,0
te_0067198,0
te_0067199,0
te_0067200,0
te_0067201,0
te_0067202,0
te_0067203,0
te_0067204,0
te_0067205,0
te_0067206,0
te_0067207,0
te_0067208,0
te_0067209,0
te_0067210,0
te_0067211,0
te_0067212,0
te_0067213,0
te_0067214,0
te_0067215,0
te_0067216,0
te_0067217,0
te_0067218,0
te_0067219,0
te_0067220,0
te_0067221,0
te_0067222,0
te_0067223,0
te_0067224,0
te_0067225,0
te_0067226,0
te_0067227,0
te_0067228,0
te_0067229,0
te_0067230,0
te_0067231,0
te_0067232,0
te_0067233,0
te_0067234,0
te_0067235,0
te_0067236,0
te_0067237,0
te_0067238,0
te_0067239,0
te_0067240,0
te_0067241,0
te_0067242,0
te_0067243,0
te_0067244,0
te_0067245,0
te_0067246,0
te_0067247,0
te_0067248,0
te_0067249,0
te_0067250,0
te_0067251,0
te_0067252,0
te_0067253,0
te_0067254,0
te_0067255,0
te_0067256,0
te_0067257,0
te_0067258,0
te_0067259,0
te_0067260,0
te_0067261,0
te_0067262,0
te_0067263,0
te_0067264,0
te_0067265,0
te_0067266,0
te_0067267,0
te_0067268,0
te_0067269,0
te_0067270,0
te_0067271,0
te_0067272,0
te_0067273,0
te_0067274,0
te_0067275,0
te_0067276,0
te_0067277,0
te_0067278,0
te_0067279,0
te_0067280,0
te_0067281,0
te_0067282,0
te_0067283,0
te_0067284,0
te_0067285,0
te_0067286,0
te_0067287,0
te_0067288,0
te_0067289,0
te_0067290,0
te_0067291,0
te_0067292,0
te_0067293,0
te_0067294,0
te_0067295,0
te_0067296,0
te_0067297,0
te_0067298,0
te_0067299,0
te_0067300,0
te_0067301,0
te_0067302,0
te_0067303,0
te_0067304,0
te_0067305,0
te_0067306,0
te_0067307,0
te_0067308,0
te_0067309,0
te_0067310,0
te_0067311,0
te_0067312,0
te_0067313,0
te_0067314,0
te_0067315,0
te_0067316,0
te_0067317,0
te_0067318,0
te_0067319,0
te_0067320,0
te_0067321,0
te_0067322,0
te_0067323,0
te_0067324,0
te_0067325,0
te_0067326,0
te_0067327,0
te_0067328,0
te_0067329,0
te_0067330,0
te_0067331,0
te_0067332,0
te_0067333,0
te_0067334,0
te_0067335,0
te_0067336,0
te_0067337,0
te_0067338,0
te_0067339,0
te_0067340,0
te_0067341,0
te_0067342,0
te_0067343,0
te_0067344,0
te_0067345,0
te_0067346,0
te_0067347,0
te_0067348,0
te_0067349,0
te_0067350,0
te_0067351,0
te_0067352,0
te_0067353,0
te_0067354,0
te_0067355,0
te_0067356,0
te_0067357,0
te_0067358,0
te_0067359,0
te_0067360,0
te_0067361,0
te_0067362,0
te_0067363,0
te_0067364,0
te_0067365,0
te_0067366,0
te_0067367,0
te_0067368,0
te_0067369,0
te_0067370,0
te_0067371,0
te_0067372,0
te_0067373,0
te_0067374,0
te_0067375,0
te_0067376,0
te_0067377,0
te_0067378,0
te_0067379,0
te_0067380,0
te_0067381,0
te_0067382,0
te_0067383,0
te_0067384,0
te_0067385,0
te_0067386,0
te_0067387,0
te_0067388,0
te_0067389,0
te_0067390,0
te_0067391,0
te_0067392,0
te_0067393,0
te_0067394,0
te_0067395,0
te_0067396,0
te_0067397,0
te_0067398,0
te_0067399,0
te_0067400,0
te_0067401,0
te_0067402,0
te_0067403,0
te_0067404,0
te_0067405,0
te_0067406,0
te_0067407,0
te_0067408,0
te_0067409,0
te_0067410,0
te_0067411,0
te_0067412,0
te_0067413,0
te_0067414,0
te_0067415,0
te_0067416,0
te_0067417,0
te_0067418,0
te_0067419,0
te_0067420,0
te_0067421,0
te_0067422,0
te_0067423,0
te_0067424,0
te_0067425,0
te_0067426,0
te_0067427,0
te_0067428,0
te_0067429,0
te_0067430,0
te_0067431,0
te_0067432,0
te_0067433,0
te_0067434,0
te_0067435,0
te_0067436,0
te_0067437,0
te_0067438,0
te_0067439,0
te_0067440,0
te_0067441,0
te_0067442,0
te_0067443,0
te_0067444,0
te_0067445,0
te_0067446,0
te_0067447,0
te_0067448,0
te_0067449,0
te_0067450,0
te_0067451,0
te_0067452,0
te_0067453,0
te_0067454,0
te_0067455,0
te_0067456,0
te_0067457,0
te_0067458,0
te_0067459,0
te_0067460,0
te_0067461,0
te_0067462,0
te_0067463,0
te_0067464,0
te_0067465,0
te_0067466,0
te_0067467,0
te_0067468,0
te_0067469,0
te_0067470,0
te_0067471,0
te_0067472,0
te_0067473,0
te_0067474,0
te_0067475,0
te_0067476,0
te_0067477,0
te_0067478,0
te_0067479,0
te_0067480,0
te_0067481,0
te_0067482,0
te_0067483,0
te_0067484,0
te_0067485,0
te_0067486,0
te_0067487,0
te_0067488,0
te_0067489,0
te_0067490,0
te_0067491,0
te_0067492,0
te_0067493,0
te_0067494,0
te_0067495,0
te_0067496,0
te_0067497,0
te_0067498,0
te_0067499,0
te_0067500,0
te_0067501,0
te_0067502,0
te_0067503,0
te_0067504,0
te_0067505,0
te_0067506,0
te_0067507,0
te_0067508,0
te_0067509,0
te_0067510,0
te_0067511,0
te_0067512,0
te_0067513,0
te_0067514,0
te_0067515,0
te_0067516,0
te_0067517,0
te_0067518,0
te_0067519,0
te_0067520,0
te_0067521,0
te_0067522,0
te_0067523,0
te_0067524,0
te_0067525,0
te_0067526,0
te_0067527,0
te_0067528,0
te_0067529,0
te_0067530,0
te_0067531,0
te_0067532,0
te_0067533,0
te_0067534,0
te_0067535,0
te_0067536,0
te_0067537,0
te_0067538,0
te_0067539,0
te_0067540,0
te_0067541,0
te_0067542,0
te_0067543,0
te_0067544,0
te_0067545,0
te_0067546,0
te_0067547,0
te_0067548,0
te_0067549,0
te_0067550,0
te_0067551,0
te_0067552,0
te_0067553,0
te_0067554,0
te_0067555,0
te_0067556,0
te_0067557,0
te_0067558,0
te_0067559,0
te_0067560,0
te_0067561,0
te_0067562,0
te_0067563,0
te_0067564,0
te_0067565,0
te_0067566,0
te_0067567,0
te_0067568,0
te_0067569,0
te_0067570,0
te_0067571,0
te_0067572,0
te_0067573,0
te_0067574,0
te_0067575,0
te_0067576,0
te_0067577,0
te_0067578,0
te_0067579,0
te_0067580,0
te_0067581,0
te_0067582,0
te_0067583,0
te_0067584,0
te_0067585,0
te_0067586,0
te_0067587,0
te_0067588,0
te_0067589,0
te_0067590,0
te_0067591,0
te_0067592,0
te_0067593,0
te_0067594,0
te_0067595,0
te_0067596,0
te_0067597,0
te_0067598,0
te_0067599,0
te_0067600,0
te_0067601,0
te_0067602,0
te_0067603,0
te_0067604,0
te_0067605,0
te_0067606,0
te_0067607,0
te_0067608,0
te_0067609,0
te_0067610,0
te_0067611,0
te_0067612,0
te_0067613,0
te_0067614,0
te_0067615,0
te_0067616,0
te_0067617,0
te_0067618,0
te_0067619,0
te_0067620,0
te_0067621,0
te_0067622,0
te_0067623,0
te_0067624,0
te_0067625,0
te_0067626,0
te_0067627,0
te_0067628,0
te_0067629,0
te_0067630,0
te_0067631,0
te_0067632,0
te_0067633,0
te_0067634,0
te_0067635,0
te_0067636,0
te_0067637,0
te_0067638,0
te_0067639,0
te_0067640,0
te_0067641,0
te_0067642,0
te_0067643,0
te_0067644,0
te_0067645,0
te_0067646,0
te_0067647,0
te_0067648,0
te_0067649,0
te_0067650,0
te_0067651,0
te_0067652,0
te_0067653,0
te_0067654,0
te_0067655,0
te_0067656,0
te_0067657,0
te_0067658,0
te_0067659,0
te_0067660,0
te_0067661,0
te_0067662,0
te_0067663,0
te_0067664,0
te_0067665,0
te_0067666,0
te_0067667,0
te_0067668,0
te_0067669,0
te_0067670,0
te_0067671,0
te_0067672,0
te_0067673,0
te_0067674,0
te_0067675,0
te_0067676,0
te_0067677,0
te_0067678,0
te_0067679,0
te_0067680,0
te_0067681,0
te_0067682,0
te_0067683,0
te_0067684,0
te_0067685,0
te_0067686,0
te_0067687,0
te_0067688,0
te_0067689,0
te_0067690,0
te_0067691,0
te_0067692,0
te_0067693,0
te_0067694,0
te_0067695,0
te_0067696,0
te_0067697,0
te_0067698,0
te_0067699,0
te_0067700,0
te_0067701,0
te_0067702,0
te_0067703,0
te_0067704,0
te_0067705,0
te_0067706,0
te_0067707,0
te_0067708,0
te_0067709,0
te_0067710,0
te_0067711,0
te_0067712,0
te_0067713,0
te_0067714,0
te_0067715,0
te_0067716,0
te_0067717,0
te_0067718,0
te_0067719,0
te_0067720,0
te_0067721,0
te_0067722,0
te_0067723,0
te_0067724,0
te_0067725,0
te_0067726,0
te_0067727,0
te_0067728,0
te_0067729,0
te_0067730,0
te_0067731,0
te_0067732,0
te_0067733,0
te_0067734,0
te_0067735,0
te_0067736,0
te_0067737,0
te_0067738,0
te_0067739,0
te_0067740,0
te_0067741,0
te_0067742,0
te_0067743,0
te_0067744,0
te_0067745,0
te_0067746,0
te_0067747,0
te_0067748,0
te_0067749,0
te_0067750,0
te_0067751,0
te_0067752,0
te_0067753,0
te_0067754,0
te_0067755,0
te_0067756,0
te_0067757,0
te_0067758,0
te_0067759,0
te_0067760,0
te_0067761,0
te_0067762,0
te_0067763,0
te_0067764,0
te_0067765,0
te_0067766,0
te_0067767,0
te_0067768,0
te_0067769,0
te_0067770,0
te_0067771,0
te_0067772,0
te_0067773,0
te_0067774,0
te_0067775,0
te_0067776,0
te_0067777,0
te_0067778,0
te_0067779,0
te_0067780,0
te_0067781,0
te_0067782,0
te_0067783,0
te_0067784,0
te_0067785,0
te_0067786,0
te_0067787,0
te_0067788,0
te_0067789,0
te_0067790,0
te_0067791,0
te_0067792,0
te_0067793,0
te_0067794,0
te_0067795,0
te_0067796,0
te_0067797,0
te_0067798,0
te_0067799,0
te_0067800,0
te_0067801,0
te_0067802,0
te_0067803,0
te_0067804,0
te_0067805,0
te_0067806,0
te_0067807,0
te_0067808,0
te_0067809,0
te_0067810,0
te_0067811,0
te_0067812,0
te_0067813,0
te_0067814,0
te_0067815,0
te_0067816,0
te_0067817,0
te_0067818,0
te_0067819,0
te_0067820,0
te_0067821,0
te_0067822,0
te_0067823,0
te_0067824,0
te_0067825,0
te_0067826,0
te_0067827,0
te_0067828,0
te_0067829,0
te_0067830,0
te_0067831,0
te_0067832,0
te_0067833,0
te_0067834,0
te_0067835,0
te_0067836,0
te_0067837,0
te_0067838,0
te_0067839,0
te_0067840,0
te_0067841,0
te_0067842,0
te_0067843,0
te_0067844,0
te_0067845,0
te_0067846,0
te_0067847,0
te_0067848,0
te_0067849,0
te_0067850,0
te_0067851,0
te_0067852,0
te_0067853,0
te_0067854,0
te_0067855,0
te_0067856,0
te_0067857,0
te_0067858,0
te_0067859,0
te_0067860,0
te_0067861,0
te_0067862,0
te_0067863,0
te_0067864,0
te_0067865,0
te_0067866,0
te_0067867,0
te_0067868,0
te_0067869,0
te_0067870,0
te_0067871,0
te_0067872,0
te_0067873,0
te_0067874,0
te_0067875,0
te_0067876,0
te_0067877,0
te_0067878,0
te_0067879,0
te_0067880,0
te_0067881,0
te_0067882,0
te_0067883,0
te_0067884,0
te_0067885,0
te_0067886,0
te_0067887,0
te_0067888,0
te_0067889,0
te_0067890,0
te_0067891,0
te_0067892,0
te_0067893,0
te_0067894,0
te_0067895,0
te_0067896,0
te_0067897,0
te_0067898,0
te_0067899,0
te_0067900,0
te_0067901,0
te_0067902,0
te_0067903,0
te_0067904,0
te_0067905,0
te_0067906,0
te_0067907,0
te_0067908,0
te_0067909,0
te_0067910,0
te_0067911,0
te_0067912,0
te_0067913,0
te_0067914,0
te_0067915,0
te_0067916,0
te_0067917,0
te_0067918,0
te_0067919,0
te_0067920,0
te_0067921,0
te_0067922,0
te_0067923,0
te_0067924,0
te_0067925,0
te_0067926,0
te_0067927,0
te_0067928,0
te_0067929,0
te_0067930,0
te_0067931,0
te_0067932,0
te_0067933,0
te_0067934,0
te_0067935,0
te_0067936,0
te_0067937,0
te_0067938,0
te_0067939,0
te_0067940,0
te_0067941,0
te_0067942,0
te_0067943,0
te_0067944,0
te_0067945,0
te_0067946,0
te_0067947,0
te_0067948,0
te_0067949,0
te_0067950,0
te_0067951,0
te_0067952,0
te_0067953,0
te_0067954,0
te_0067955,0
te_0067956,0
te_0067957,0
te_0067958,0
te_0067959,0
te_0067960,0
te_0067961,0
te_0067962,0
te_0067963,0
te_0067964,0
te_0067965,0
te_0067966,0
te_0067967,0
te_0067968,0
te_0067969,0
te_0067970,0
te_0067971,0
te_0067972,0
te_0067973,0
te_0067974,0
te_0067975,0
te_0067976,0
te_0067977,0
te_0067978,0
te_0067979,0
te_0067980,0
te_0067981,0
te_0067982,0
te_0067983,0
te_0067984,0
te_0067985,0
te_0067986,0
te_0067987,0
te_0067988,0
te_0067989,0
te_0067990,0
te_0067991,0
te_0067992,0
te_0067993,0
te_0067994,0
te_0067995,0
te_0067996,0
te_0067997,0
te_0067998,0
te_0067999,0
te_0068000,0
te_0068001,0
te_0068002,0
te_0068003,0
te_0068004,0
te_0068005,0
te_0068006,0
te_0068007,0
te_0068008,0
te_0068009,0
te_0068010,0
te_0068011,0
te_0068012,0
te_0068013,0
te_0068014,0
te_0068015,0
te_0068016,0
te_0068017,0
te_0068018,0
te_0068019,0
te_0068020,0
te_0068021,0
te_0068022,0
te_0068023,0
te_0068024,0
te_0068025,0
te_0068026,0
te_0068027,0
te_0068028,0
te_0068029,0
te_0068030,0
te_0068031,0
te_0068032,0
te_0068033,0
te_0068034,0
te_0068035,0
te_0068036,0
te_0068037,0
te_0068038,0
te_0068039,0
te_0068040,0
te_0068041,0
te_0068042,0
te_0068043,0
te_0068044,0
te_0068045,0
te_0068046,0
te_0068047,0
te_0068048,0
te_0068049,0
te_0068050,0
te_0068051,0
te_0068052,0
te_0068053,0
te_0068054,0
te_0068055,0
te_0068056,0
te_0068057,0
te_0068058,0
te_0068059,0
te_0068060,0
te_0068061,0
te_0068062,0
te_0068063,0
te_0068064,0
te_0068065,0
te_0068066,0
te_0068067,0
te_0068068,0
te_0068069,0
te_0068070,0
te_0068071,0
te_0068072,0
te_0068073,0
te_0068074,0
te_0068075,0
te_0068076,0
te_0068077,0
te_0068078,0
te_0068079,0
te_0068080,0
te_0068081,0
te_0068082,0
te_0068083,0
te_0068084,0
te_0068085,0
te_0068086,0
te_0068087,0
te_0068088,0
te_0068089,0
te_0068090,0
te_0068091,0
te_0068092,0
te_0068093,0
te_0068094,0
te_0068095,0
te_0068096,0
te_0068097,0
te_0068098,0
te_0068099,0
te_0068100,0
te_0068101,0
te_0068102,0
te_0068103,0
te_0068104,0
te_0068105,0
te_0068106,0
te_0068107,0
te_0068108,0
te_0068109,0
te_0068110,0
te_0068111,0
te_0068112,0
te_0068113,0
te_0068114,0
te_0068115,0
te_0068116,0
te_0068117,0
te_0068118,0
te_0068119,0
te_0068120,0
te_0068121,0
te_0068122,0
te_0068123,0
te_0068124,0
te_0068125,0
te_0068126,0
te_0068127,0
te_0068128,0
te_0068129,0
te_0068130,0
te_0068131,0
te_0068132,0
te_0068133,0
te_0068134,0
te_0068135,0
te_0068136,0
te_0068137,0
te_0068138,0
te_0068139,0
te_0068140,0
te_0068141,0
te_0068142,0
te_0068143,0
te_0068144,0
te_0068145,0
te_0068146,0
te_0068147,0
te_0068148,0
te_0068149,0
te_0068150,0
te_0068151,0
te_0068152,0
te_0068153,0
te_0068154,0
te_0068155,0
te_0068156,0
te_0068157,0
te_0068158,0
te_0068159,0
te_0068160,0
te_0068161,0
te_0068162,0
te_0068163,0
te_0068164,0
te_0068165,0
te_0068166,0
te_0068167,0
te_0068168,0
te_0068169,0
te_0068170,0
te_0068171,0
te_0068172,0
te_0068173,0
te_0068174,0
te_0068175,0
te_0068176,0
te_0068177,0
te_0068178,0
te_0068179,0
te_0068180,0
te_0068181,0
te_0068182,0
te_0068183,0
te_0068184,0
te_0068185,0
te_0068186,0
te_0068187,0
te_0068188,0
te_0068189,0
te_0068190,0
te_0068191,0
te_0068192,0
te_0068193,0
te_0068194,0
te_0068195,0
te_0068196,0
te_0068197,0
te_0068198,0
te_0068199,0
te_0068200,0
te_0068201,0
te_0068202,0
te_0068203,0
te_0068204,0
te_0068205,0
te_0068206,0
te_0068207,0
te_0068208,0
te_0068209,0
te_0068210,0
te_0068211,0
te_0068212,0
te_0068213,0
te_0068214,0
te_0068215,0
te_0068216,0
te_0068217,0
te_0068218,0
te_0068219,0
te_0068220,0
te_0068221,0
te_0068222,0
te_0068223,0
te_0068224,0
te_0068225,0
te_0068226,0
te_0068227,0
te_0068228,0
te_0068229,0
te_0068230,0
te_0068231,0
te_0068232,0
te_0068233,0
te_0068234,0
te_0068235,0
te_0068236,0
te_0068237,0
te_0068238,0
te_0068239,0
te_0068240,0
te_0068241,0
te_0068242,0
te_0068243,0
te_0068244,0
te_0068245,0
te_0068246,0
te_0068247,0
te_0068248,0
te_0068249,0
te_0068250,0
te_0068251,0
te_0068252,0
te_0068253,0
te_0068254,0
te_0068255,0
te_0068256,0
te_0068257,0
te_0068258,0
te_0068259,0
te_0068260,0
te_0068261,0
te_0068262,0
te_0068263,0
te_0068264,0
te_0068265,0
te_0068266,0
te_0068267,0
te_0068268,0
te_0068269,0
te_0068270,0
te_0068271,0
te_0068272,0
te_0068273,0
te_0068274,0
te_0068275,0
te_0068276,0
te_0068277,0
te_0068278,0
te_0068279,0
te_0068280,0
te_0068281,0
te_0068282,0
te_0068283,0
te_0068284,0
te_0068285,0
te_0068286,0
te_0068287,0
te_0068288,0
te_0068289,0
te_0068290,0
te_0068291,0
te_0068292,0
te_0068293,0
te_0068294,0
te_0068295,0
te_0068296,0
te_0068297,0
te_0068298,0
te_0068299,0
te_0068300,0
te_0068301,0
te_0068302,0
te_0068303,0
te_0068304,0
te_0068305,0
te_0068306,0
te_0068307,0
te_0068308,0
te_0068309,0
te_0068310,0
te_0068311,0
te_0068312,0
te_0068313,0
te_0068314,0
te_0068315,0
te_0068316,0
te_0068317,0
te_0068318,0
te_0068319,0
te_0068320,0
te_0068321,0
te_0068322,0
te_0068323,0
te_0068324,0
te_0068325,0
te_0068326,0
te_0068327,0
te_0068328,0
te_0068329,0
te_0068330,0
te_0068331,0
te_0068332,0
te_0068333,0
te_0068334,0
te_0068335,0
te_0068336,0
te_0068337,0
te_0068338,0
te_0068339,0
te_0068340,0
te_0068341,0
te_0068342,0
te_0068343,0
te_0068344,0
te_0068345,0
te_0068346,0
te_0068347,0
te_0068348,0
te_0068349,0
te_0068350,0
te_0068351,0
te_0068352,0
te_0068353,0
te_0068354,0
te_0068355,0
te_0068356,0
te_0068357,0
te_0068358,0
te_0068359,0
te_0068360,0
te_0068361,0
te_0068362,0
te_0068363,0
te_0068364,0
te_0068365,0
te_0068366,0
te_0068367,0
te_0068368,0
te_0068369,0
te_0068370,0
te_0068371,0
te_0068372,0
te_0068373,0
te_0068374,0
te_0068375,0
te_0068376,0
te_0068377,0
te_0068378,0
te_0068379,0
te_0068380,0
te_0068381,0
te_0068382,0
te_0068383,0
te_0068384,0
te_0068385,0
te_0068386,0
te_0068387,0
te_0068388,0
te_0068389,0
te_0068390,0
te_0068391,0
te_0068392,0
te_0068393,0
te_0068394,0
te_0068395,0
te_0068396,0
te_0068397,0
te_0068398,0
te_0068399,0
te_0068400,0
te_0068401,0
te_0068402,0
te_0068403,0
te_0068404,0
te_0068405,0
te_0068406,0
te_0068407,0
te_0068408,0
te_0068409,0
te_0068410,0
te_0068411,0
te_0068412,0
te_0068413,0
te_0068414,0
te_0068415,0
te_0068416,0
te_0068417,0
te_0068418,0
te_0068419,0
te_0068420,0
te_0068421,0
te_0068422,0
te_0068423,0
te_0068424,0
te_0068425,0
te_0068426,0
te_0068427,0
te_0068428,0
te_0068429,0
te_0068430,0
te_0068431,0
te_0068432,0
te_0068433,0
te_0068434,0
te_0068435,0
te_0068436,0
te_0068437,0
te_0068438,0
te_0068439,0
te_0068440,0
te_0068441,0
te_0068442,0
te_0068443,0
te_0068444,0
te_0068445,0
te_0068446,0
te_0068447,0
te_0068448,0
te_0068449,0
te_0068450,0
te_0068451,0
te_0068452,0
te_0068453,0
te_0068454,0
te_0068455,0
te_0068456,0
te_0068457,0
te_0068458,0
te_0068459,0
te_0068460,0
te_0068461,0
te_0068462,0
te_0068463,0
te_0068464,0
te_0068465,0
te_0068466,0
te_0068467,0
te_0068468,0
te_0068469,0
te_0068470,0
te_0068471,0
te_0068472,0
te_0068473,0
te_0068474,0
te_0068475,0
te_0068476,0
te_0068477,0
te_0068478,0
te_0068479,0
te_0068480,0
te_0068481,0
te_0068482,0
te_0068483,0
te_0068484,0
te_0068485,0
te_0068486,0
te_0068487,0
te_0068488,0
te_0068489,0
te_0068490,0
te_0068491,0
te_0068492,0
te_0068493,0
te_0068494,0
te_0068495,0
te_0068496,0
te_0068497,0
te_0068498,0
te_0068499,0
te_0068500,0
te_0068501,0
te_0068502,0
te_0068503,0
te_0068504,0
te_0068505,0
te_0068506,0
te_0068507,0
te_0068508,0
te_0068509,0
te_0068510,0
te_0068511,0
te_0068512,0
te_0068513,0
te_0068514,0
te_0068515,0
te_0068516,0
te_0068517,0
te_0068518,0
te_0068519,0
te_0068520,0
te_0068521,0
te_0068522,0
te_0068523,0
te_0068524,0
te_0068525,0
te_0068526,0
te_0068527,0
te_0068528,0
te_0068529,0
te_0068530,0
te_0068531,0
te_0068532,0
te_0068533,0
te_0068534,0
te_0068535,0
te_0068536,0
te_0068537,0
te_0068538,0
te_0068539,0
te_0068540,0
te_0068541,0
te_0068542,0
te_0068543,0
te_0068544,0
te_0068545,0
te_0068546,0
te_0068547,0
te_0068548,0
te_0068549,0
te_0068550,0
te_0068551,0
te_0068552,0
te_0068553,0
te_0068554,0
te_0068555,0
te_0068556,0
te_0068557,0
te_0068558,0
te_0068559,0
te_0068560,0
te_0068561,0
te_0068562,0
te_0068563,0
te_0068564,0
te_0068565,0
te_0068566,0
te_0068567,0
te_0068568,0
te_0068569,0
te_0068570,0
te_0068571,0
te_0068572,0
te_0068573,0
te_0068574,0
te_0068575,0
te_0068576,0
te_0068577,0
te_0068578,0
te_0068579,0
te_0068580,0
te_0068581,0
te_0068582,0
te_0068583,0
te_0068584,0
te_0068585,0
te_0068586,0
te_0068587,0
te_0068588,0
te_0068589,0
te_0068590,0
te_0068591,0
te_0068592,0
te_0068593,0
te_0068594,0
te_0068595,0
te_0068596,0
te_0068597,0
te_0068598,0
te_0068599,0
te_0068600,0
te_0068601,0
te_0068602,0
te_0068603,0
te_0068604,0
te_0068605,0
te_0068606,0
te_0068607,0
te_0068608,0
te_0068609,0
te_0068610,0
te_0068611,0
te_0068612,0
te_0068613,0
te_0068614,0
te_0068615,0
te_0068616,0
te_0068617,0
te_0068618,0
te_0068619,0
te_0068620,0
te_0068621,0
te_0068622,0
te_0068623,0
te_0068624,0
te_0068625,0
te_0068626,0
te_0068627,0
te_0068628,0
te_0068629,0
te_0068630,0
te_0068631,0
te_0068632,0
te_0068633,0
te_0068634,0
te_0068635,0
te_0068636,0
te_0068637,0
te_0068638,0
te_0068639,0
te_0068640,0
te_0068641,0
te_0068642,0
te_0068643,0
te_0068644,0
te_0068645,0
te_0068646,0
te_0068647,0
te_0068648,0
te_0068649,0
te_0068650,0
te_0068651,0
te_0068652,0
te_0068653,0
te_0068654,0
te_0068655,0
te_0068656,0
te_0068657,0
te_0068658,0
te_0068659,0
te_0068660,0
te_0068661,0
te_0068662,0
te_0068663,0
te_0068664,0
te_0068665,0
te_0068666,0
te_0068667,0
te_0068668,0
te_0068669,0
te_0068670,0
te_0068671,0
te_0068672,0
te_0068673,0
te_0068674,0
te_0068675,0
te_0068676,0
te_0068677,0
te_0068678,0
te_0068679,0
te_0068680,0
te_0068681,0
te_0068682,0
te_0068683,0
te_0068684,0
te_0068685,0
te_0068686,0
te_0068687,0
te_0068688,0
te_0068689,0
te_0068690,0
te_0068691,0
te_0068692,0
te_0068693,0
te_0068694,0
te_0068695,0
te_0068696,0
te_0068697,0
te_0068698,0
te_0068699,0
te_0068700,0
te_0068701,0
te_0068702,0
te_0068703,0
te_0068704,0
te_0068705,0
te_0068706,0
te_0068707,0
te_0068708,0
te_0068709,0
te_0068710,0
te_0068711,0
te_0068712,0
te_0068713,0
te_0068714,0
te_0068715,0
te_0068716,0
te_0068717,0
te_0068718,0
te_0068719,0
te_0068720,0
te_0068721,0
te_0068722,0
te_0068723,0
te_0068724,0
te_0068725,0
te_0068726,0
te_0068727,0
te_0068728,0
te_0068729,0
te_0068730,0
te_0068731,0
te_0068732,0
te_0068733,0
te_0068734,0
te_0068735,0
te_0068736,0
te_0068737,0
te_0068738,0
te_0068739,0
te_0068740,0
te_0068741,0
te_0068742,0
te_0068743,0
te_0068744,0
te_0068745,0
te_0068746,0
te_0068747,0
te_0068748,0
te_0068749,0
te_0068750,0
te_0068751,0
te_0068752,0
te_0068753,0
te_0068754,0
te_0068755,0
te_0068756,0
te_0068757,0
te_0068758,0
te_0068759,0
te_0068760,0
te_0068761,0
te_0068762,0
te_0068763,0
te_0068764,0
te_0068765,0
te_0068766,0
te_0068767,0
te_0068768,0
te_0068769,0
te_0068770,0
te_0068771,0
te_0068772,0
te_0068773,0
te_0068774,0
te_0068775,0
te_0068776,0
te_0068777,0
te_0068778,0
te_0068779,0
te_0068780,0
te_0068781,0
te_0068782,0
te_0068783,0
te_0068784,0
te_0068785,0
te_0068786,0
te_0068787,0
te_0068788,0
te_0068789,0
te_0068790,0
te_0068791,0
te_0068792,0
te_0068793,0
te_0068794,0
te_0068795,0
te_0068796,0
te_0068797,0
te_0068798,0
te_0068799,0
te_0068800,0
te_0068801,0
te_0068802,0
te_0068803,0
te_0068804,0
te_0068805,0
te_0068806,0
te_0068807,0
te_0068808,0
te_0068809,0
te_0068810,0
te_0068811,0
te_0068812,0
te_0068813,0
te_0068814,0
te_0068815,0
te_0068816,0
te_0068817,0
te_0068818,0
te_0068819,0
te_0068820,0
te_0068821,0
te_0068822,0
te_0068823,0
te_0068824,0
te_0068825,0
te_0068826,0
te_0068827,0
te_0068828,0
te_0068829,0
te_0068830,0
te_0068831,0
te_0068832,0
te_0068833,0
te_0068834,0
te_0068835,0
te_0068836,0
te_0068837,0
te_0068838,0
te_0068839,0
te_0068840,0
te_0068841,0
te_0068842,0
te_0068843,0
te_0068844,0
te_0068845,0
te_0068846,0
te_0068847,0
te_0068848,0
te_0068849,0
te_0068850,0
te_0068851,0
te_0068852,0
te_0068853,0
te_0068854,0
te_0068855,0
te_0068856,0
te_0068857,0
te_0068858,0
te_0068859,0
te_0068860,0
te_0068861,0
te_0068862,0
te_0068863,0
te_0068864,0
te_0068865,0
te_0068866,0
te_0068867,0
te_0068868,0
te_0068869,0
te_0068870,0
te_0068871,0
te_0068872,0
te_0068873,0
te_0068874,0
te_0068875,0
te_0068876,0
te_0068877,0
te_0068878,0
te_0068879,0
te_0068880,0
te_0068881,0
te_0068882,0
te_0068883,0
te_0068884,0
te_0068885,0
te_0068886,0
te_0068887,0
te_0068888,0
te_0068889,0
te_0068890,0
te_0068891,0
te_0068892,0
te_0068893,0
te_0068894,0
te_0068895,0
te_0068896,0
te_0068897,0
te_0068898,0
te_0068899,0
te_0068900,0
te_0068901,0
te_0068902,0
te_0068903,0
te_0068904,0
te_0068905,0
te_0068906,0
te_0068907,0
te_0068908,0
te_0068909,0
te_0068910,0
te_0068911,0
te_0068912,0
te_0068913,0
